-- MySQL dump 10.13  Distrib 5.1.73, for redhat-linux-gnu (x86_64)
--
-- Host: localhost    Database: slsxpt
-- ------------------------------------------------------
-- Server version	5.1.73

/*!40101 SET @OLD_CHARACTER_SET_CLIENT=@@CHARACTER_SET_CLIENT */;
/*!40101 SET @OLD_CHARACTER_SET_RESULTS=@@CHARACTER_SET_RESULTS */;
/*!40101 SET @OLD_COLLATION_CONNECTION=@@COLLATION_CONNECTION */;
/*!40101 SET NAMES utf8 */;
/*!40103 SET @OLD_TIME_ZONE=@@TIME_ZONE */;
/*!40103 SET TIME_ZONE='+00:00' */;
/*!40014 SET @OLD_UNIQUE_CHECKS=@@UNIQUE_CHECKS, UNIQUE_CHECKS=0 */;
/*!40014 SET @OLD_FOREIGN_KEY_CHECKS=@@FOREIGN_KEY_CHECKS, FOREIGN_KEY_CHECKS=0 */;
/*!40101 SET @OLD_SQL_MODE=@@SQL_MODE, SQL_MODE='NO_AUTO_VALUE_ON_ZERO' */;
/*!40111 SET @OLD_SQL_NOTES=@@SQL_NOTES, SQL_NOTES=0 */;

--
-- Table structure for table `article`
--

DROP TABLE IF EXISTS `article`;
/*!40101 SET @saved_cs_client     = @@character_set_client */;
/*!40101 SET character_set_client = utf8 */;
CREATE TABLE `article` (
  `id` int(11) NOT NULL AUTO_INCREMENT,
  `category_id` int(11) NOT NULL,
  `user_id` int(11) NOT NULL,
  `title` varchar(64) NOT NULL COMMENT '标题',
  `content` text COMMENT '正文',
  `description` text COMMENT '摘要',
  `praise_count` int(11) NOT NULL DEFAULT '0' COMMENT '赞同数',
  `view_count` int(11) NOT NULL DEFAULT '0' COMMENT '浏览人数',
  `collect_count` int(11) NOT NULL DEFAULT '0' COMMENT '收藏数',
  `created_at` timestamp NOT NULL DEFAULT CURRENT_TIMESTAMP,
  `updated_at` timestamp NOT NULL DEFAULT '0000-00-00 00:00:00',
  PRIMARY KEY (`id`),
  KEY `fk_article_category_idx` (`category_id`),
  KEY `fk_article_user_idx` (`user_id`),
  CONSTRAINT `fk_article_category_idx` FOREIGN KEY (`category_id`) REFERENCES `category` (`id`),
  CONSTRAINT `fk_article_user_idx` FOREIGN KEY (`user_id`) REFERENCES `user` (`id`)
) ENGINE=InnoDB AUTO_INCREMENT=170 DEFAULT CHARSET=utf8;
/*!40101 SET character_set_client = @saved_cs_client */;

--
-- Dumping data for table `article`
--

LOCK TABLES `article` WRITE;
/*!40000 ALTER TABLE `article` DISABLE KEYS */;
INSERT INTO `article` VALUES (6,16,9,'案例1：一般资料：求助者，男性，40岁，外企高管。','<span><b>案例介绍：<br></b>&nbsp;&nbsp;&nbsp;&nbsp;&nbsp; 求助者于国外名牌大学博士毕业，回国后一直在一家知名外企工作。求助者全心扑在事业上，一直无暇顾及个人问题。两年前经人介绍，结识了现在的女友。虽然求助者比女友大了十几岁，但相处一年多以后，双方都觉得对方比较适合自己，很快发展到谈婚论嫁的阶段。但让求助者没想到的是，女友的父母以求助者年龄过大为由，坚决反对两人的婚事。求助者希望女友能够冲破家庭的阻挠，尽快和自己结婚。但女友觉得父母年纪大了，身体又不好，应该耐心做父母的工作，不应不顾老人的感受而仓促结婚。三个月前，求助者和女友为了结婚的事情，发生了激烈的争吵，随即两人陷入冷战。正当求助者为感情问题烦恼的时候，求助者的下属在工作中出现了重大失误，险些给公司造成巨大损失。因为这件事，求助者受到了总公司高层领导的批评。这让求助者觉得很没面子。&nbsp;</span><span>&nbsp;&nbsp;&nbsp;&nbsp;&nbsp;&nbsp;&nbsp;<br>&nbsp;&nbsp;&nbsp;&nbsp;&nbsp; 两个多月来，求助者一直郁郁寡欢，心情烦躁，食欲下降，经常失眠，工作时也无精打采，工作效率明显下降，回避同事同学的聚会。&nbsp;</span>&nbsp;&nbsp;&nbsp;&nbsp;<br>&nbsp;&nbsp;&nbsp;&nbsp; <b>心理咨询师观察了解到的情况</b>：求助者是家中独生子，从小学习成绩优异，争强好胜，追求完美，较自我中心。','案例介绍：       求助者于国外名牌大学博士毕业，回国后一直在一家知名外企工',0,0,0,'2015-12-26 13:10:54','2015-12-26 13:10:54'),(7,16,9,'案例2： 一般资料：求助者，女性，38岁，事业单位职工。','<span><b>案例介绍：</b><br>&nbsp;&nbsp;&nbsp;&nbsp;&nbsp; 求助者大专学历，工作能力强，人际关系好，深受领导和同事的好评。一年前，因为没有本科学历，在单位的干部竞聘中，未能如愿竞聘为副处级干部。这件事情让求助者认识到学历的重要性。此后，求助者对自己读小学的女儿开始严格要求。半年前开始，求助者除了要求女儿完成学校的学习任务外，还让女儿参加很多的校外补习班。两个月前，求助者和丈夫商量再给女儿多报一个补习班时，丈夫表示强烈反对，并指责求助者剥夺了女儿所有的业余时间，让女儿成为学习机器。求助者当即和丈夫大吵一架，此后一直和丈夫处于冷战状态。近一个月来，求助者每当想到丈夫不但不理解自己的苦心，还对自己横加指责，就感到很伤心，同时也非常愤怒，有时还有头痛、头晕的情况。只有不想这件事的时候，心情才会好些。<br>&nbsp;&nbsp;&nbsp;&nbsp;&nbsp; </span><span><b>咨询师观察了解到的情况：</b>求助者是家中长女，好强，</span>追求完美。','案例介绍：       求助者大专学历，工作能力强，人际关系好，深受领导和同事的',0,0,0,'2015-12-26 13:32:50','2015-12-26 13:32:50'),(8,16,9,'案例3： 一般资料：求助者，女性，32岁，公务员。','<span>&nbsp;<b>案例介绍：<br>&nbsp;&nbsp;&nbsp;&nbsp;&nbsp; </b>求助者两年前离异，一直独自带着孩子生活。一年前，求助者与多年未联系的初恋男友偶遇。初恋男友一直未婚，当得知求助者离异后，便对求助者展开追求。随着时间的推移，两人相处越来越融洽。几个月前，求助者正式向孩子介绍自己的男友。没想到8岁的儿子对男友非常排斥，甚至表示如果求助者再婚，他就要去和爸爸一起生活。儿子的强烈反对让求助者非常为难，一方面舍不得让孩子离开自己，另一方面又不愿辜负真心对待自己的男友。&nbsp;</span><span>&nbsp;&nbsp;&nbsp;<br>&nbsp;&nbsp;&nbsp;&nbsp;&nbsp; &nbsp;两个多月来，求助者一直情绪低落，无精打采，注意力不集中，记忆力下降，工作效率因此明显下降。求助者甚至开始回避和同事聊天，因为一旦听到他人聊起家庭、婚姻的话题，求助者心里就会觉得很不舒服。&nbsp;</span><span>&nbsp;<br>&nbsp;&nbsp;&nbsp;&nbsp;&nbsp; &nbsp;<b>心理咨询师观察了解到的情况</b>：求助者是家中独生女，父母均是军队退休干部，家教非常严格。求助者内向，依赖性强，优柔寡断。</span>',' 案例介绍：       求助者两年前离异，一直独自带着孩子生活。一年前，求助者',0,0,0,'2015-12-26 13:40:14','2015-12-26 13:40:14'),(9,16,9,'案例4：一般资料：求助者，女性，39岁，小学教师。','<span><span><b>&nbsp;案例介绍：</b><br></span><span>&nbsp;&nbsp;&nbsp;&nbsp;&nbsp;&nbsp;&nbsp; 求助者3年前与丈夫离婚，无子女，离婚后与父母共同生活。求助者有一个哥哥，已婚，与父母在同一城市生活。两年前求助者的哥哥与父母发生矛盾，从此再也没有看望过父母，也从不给求助者主动打电话。今年父亲七十大寿，求助者想借全家团聚的机会帮助父母和哥哥消除隔阂，给哥哥打电话，希望哥哥一家回来一起祝寿，但哥哥说他们一家三口要去国外旅游。在打电话的过程中，求助者的父母一直站在她的身旁。通话结束后，她能够明显感觉到父母的失望，父亲还责怪她多事儿，说她连自己的家都保不住还来管别人的事。求助者很委屈，那段时间过得非常难受。每当想起这件事，求助者都暗自伤心，后悔自己多事，感觉自己很无能，每天回家看到父母都有些不自在。最近一个多月里，茶饭不香，胃里总觉得像是堵着什么东西，头痛，睡眠差，感觉疲惫。主动前来求助，强烈要求摆脱内心痛苦。</span></span>',' 案例介绍：         求助者3年前与丈夫离婚，无子女，离婚后与父母共同生',0,0,0,'2015-12-26 13:42:32','2015-12-26 13:42:32'),(10,16,9,'案例5：一般资料：求助者，女性，23岁，某公司职工。','<span><b>&nbsp;案例介绍：</b><br>&nbsp;&nbsp;&nbsp;&nbsp;&nbsp;&nbsp; 求助者自述最近一段时间总是莫名地担忧和害怕，失眠，经常做噩梦，感觉非常痛苦。当问及症状产生的原因时，求助者不愿回答，由母亲代为叙述。并且在母亲讲述事件的时候，求助者走出咨询室，在另外的屋子里等候。母亲说求助者在一家大型公司担任前台接待工作，地点为一高层建筑的一楼大堂。几个月前的一个上午，求助者听到楼上传来惊叫声，紧接着听到身后不远的拐角处“嘭”的一声，她和一名同事急忙跑过去，看到地上趴着一个人，身下流了一大滩血。求助者当时一边安抚身边的同伴，一边打电话通知自己的领导，之后又帮忙维护现场秩序。在其后的一段时间里，求助者一直能够正常地生活和工作，只是在上下班时会躲开出事地点而从大楼的另外一个门出入。但是最近开始害怕大的房子，如果不得不身在其中，她一定要待在房子的一个角落，使自己能够一眼看清整个屋子；经常会被关门声或突如其来的声响惊吓；晚上睡觉不能关灯，否则精神紧张难以入睡；经常做噩梦。以前求助者是个性格开朗、活泼的女孩，喜欢和男朋友逛街，有时间就会陪父母聊天、讲单位里的事情。但最近工作之余不愿意出门，不爱多说话，与男友的关系也疏远了。在事件发生之后，求助者向公司申请调换了工作岗位。由母亲陪同前来咨询。&nbsp;</span><span>&nbsp;&nbsp;&nbsp;&nbsp;<br>&nbsp;&nbsp;&nbsp;&nbsp;&nbsp;&nbsp;<b>心理咨询师观察了解到的情况</b>：<span>求助者神情疲惫，情绪低落，不愿回忆自己所经历的事件。&nbsp;</span></span>',' 案例介绍：        求助者自述最近一段时间总是莫名地担忧和害怕，失眠，经',0,0,0,'2015-12-26 13:44:26','2015-12-26 13:44:26'),(11,16,9,'案例6： 一般资料：求助者，女性，46岁，已婚，退休职工。','<span><b>案例介绍：<br></b>&nbsp; &nbsp; &nbsp; &nbsp; 求助者23岁结婚，33岁怀孕，但怀孕5个月时检查出胎儿畸形，被迫做人工流产手术。术后求助者情绪十分低落，经常流泪。在丈夫、家人及朋友的陪伴和帮助下，求助者一年左右才基本恢复正常生活。之后虽然用尽各种办法，但始终未能生育。一个月前求助者参加同学聚会，聊到子女问题时，求助者突然感觉胸口憋闷、心慌气短，头晕、头痛，手心出汗，只好以身体不适为由提前离开。此后，求助者经常会有类似的症状，同时伴有紧张和担忧，想到自己和丈夫老无所依十分害怕，担心自己躺在病床上无人照料。不愿做家务，对生活的兴趣也明显降低，觉得现在做任何事情都是徒劳。求助者担心这样下去丈夫也会因无法忍受而离开自己，以后就彻底无依无靠了，越想越害怕，经常失眠。内心十分痛苦。&nbsp;</span>\r\n\r\n<span>&nbsp;&nbsp;&nbsp;&nbsp;<br><b>&nbsp; &nbsp; &nbsp; &nbsp;心理咨询师观察了解到的情况：</b>求助者曾经从事有毒有害作业的工作，夫妻感情一直很好。在丈夫的陪伴下前来咨询。</span>','案例介绍：         求助者23岁结婚，33岁怀孕，但怀孕5个月时检查出胎',0,0,0,'2015-12-26 13:48:39','2015-12-26 13:48:39'),(12,16,9,'案例7：一般资料：求助者，男性，29岁，未婚，本科毕业，工程师。','<span><b>案例介绍：</b><br><span>&nbsp;&nbsp;&nbsp;&nbsp;&nbsp;&nbsp;&nbsp;&nbsp;&nbsp; 求助者大学毕业后进入一家国企任职，工作稳定。近期企业招聘了一些硕士研究生，求助者为自己学历低感到有些自卑。2个多月前，在某技术问题上与新同事产生分歧，领导最终选择了同事的设计方案，求助者心中感到很不平衡，因为是领导的决定，也只好压住心中的怒气，继续工作。当晚翻来覆去总是不能入睡，认为领导是因为自己的学历不如新同事，所以否定了自己的方案。第二天起来后感觉头痛、疲劳，全身酸痛。以后又有几次相似的经历，求助者开始觉得领导不重视自己了，担心长久下去失去晋升的机会，甚至可能会被辞掉，觉得当初如果听从父母的建议读研究生就好了，内心感到十分痛苦和担忧。于是工作中越发谨慎小心，但却经常出错，偶尔会向同事、家人发脾气。<br>&nbsp;</span></span><span>&nbsp;&nbsp;&nbsp;&nbsp;<b>心理咨询师观察了解到的情况</b>：<span>求助者是独子，家教严格，学习成绩优秀。自幼身体健康，未患过严重疾病，性格比较内向。工作认真、勤奋，经常主动加班。近2周来，睡眠严重不足，食欲也有所下降，偶尔会出现心慌、眩晕等情况。</span></span>','案例介绍：           求助者大学毕业后进入一家国企任职，工作稳定。近期',0,0,0,'2015-12-26 13:49:52','2015-12-26 13:49:52'),(14,16,9,'案例8：一般资料：求助者，男性，20岁，大学生。','<span><b>案例介绍：<br></b>&nbsp; &nbsp; &nbsp; &nbsp;求助者是某重点大学三年级学生。求助者不仅学习成绩优异，社会活动能力也很强，担任学院学生会主席。半年前，求助者代表学院参加全校的辩论赛。由于赛前准备充分，求助者顺利带领队友闯入决赛。没想到，求助者在决赛中几次出现口误，惹得对手和台下观众哄堂大笑。最后，求助者所在团队没有获得名次。这件事以后，求助者一直闷闷不乐，他认为自己连累了整个团队，觉得自己辜负了老师和同学们的信任，甚至认为自己根本就是不堪重任。两个多月来，求助者情绪低落，烦躁不安，学习效率下降，学生会的工作也经常出错，借故不参加有比赛性质的校园活动，不像以前那样经常和朋友、同学交流，常常一个人在宿舍里发呆。求助者的同学担心他继续这样消沉下去，建议他来接受心理咨询。<br>&nbsp; &nbsp;</span>\r\n\r\n<span>&nbsp; &nbsp;<b>心理咨询师观察了解到的情况：</b>求助者是独生子，家庭经济条件较好，父母都是医生，对求助者管教比较严格。求助者自幼学习成绩优异，一直是班干部，好强，追求完美。身体健康，历年体检结果平常。</span>\r\n\r\n&nbsp;','案例介绍：        求助者是某重点大学三年级学生。求助者不仅学习成绩优异，',0,0,0,'2015-12-26 13:50:49','2015-12-26 13:50:49'),(15,16,9,'案例9：一般资料：求助者，男性，37岁，机关公务员。','<span><b>案例介绍：</b><br>&nbsp;&nbsp;&nbsp;&nbsp;&nbsp;&nbsp;&nbsp; <span>一个多月前，求助者为了给煤气表插卡续费而爬进厨房的灶台下面，突&nbsp;然感觉胸闷、心悸，呼吸不畅。赶忙爬出来后又感觉有些头晕，到阳台打开窗子后做了&nbsp;几次深呼吸才缓过来。当晚睡觉时心情烦躁，又出现了胸闷等症状，到阳台站立片刻后&nbsp;症状消失。此后，求助者在任何地方，只要一想到自家灶台下的煤气表，就感觉压抑，&nbsp;继而胸口憋闷、呼吸不畅，有时伴有头晕、头痛和出汗。曾几次到不同医院反复就诊，&nbsp;均未查出器质性疾病，但求助者仍不放心，因此而心烦、失眠，食欲下降，非常痛苦，&nbsp;主动前来咨询。<br>&nbsp;</span></span><span>&nbsp;&nbsp;&nbsp;&nbsp;<b> &nbsp;心理咨询师了解到的情况</b>：<span>求助者老家在农村，父母对其期望很高，进入政府机关&nbsp;后更希望他能出人头地。求助者内向，好胜心强。在工作中曾竞聘失利，影响了情绪。&nbsp;现在经常借故不参加各种聚会，在工作上也出现了几次较大的失误。感觉父母和姐姐对&nbsp;他没有升职有些失望。</span></span>','案例介绍：         一个多月前，求助者为了给煤气表插卡续费而爬进厨房的灶',0,0,0,'2015-12-26 13:51:33','2015-12-26 13:51:33'),(16,16,9,'案例10： 一般资料：求助者，女性，38岁，公司职员。 ','<span>&nbsp; &nbsp;&nbsp;<b>案例介绍：<br></b>&nbsp; &nbsp; &nbsp; &nbsp; 求助者与丈夫相识时虽然知道其当时已婚并有孩子，但还是与他同居了。&nbsp;丈夫最终与前妻分手，和求助者结了婚，并生了女儿。丈夫经常到外地出差，有时在外&nbsp;一住就是两、三个月。今年春节期间，求助者的女儿意外去世，求助者很悲痛，而丈夫在女儿去世后不到一周就以工作需要为借口，不顾求助者尚处在悲伤之中，执意离家去了外地。求助者凭直觉认为丈夫在外边一定有女人，并最终得到证实。求助者极度愤怒，砸烂了丈夫所有的收藏品，撕掉了丈夫的照片，吃不下饭、睡不着觉，经常胸闷、头晕；后悔当初轻信了丈夫的花言巧语，让自己多年来背着“第三者”的名声却换来如今被欺&nbsp;骗和被抛弃的结果。觉得自己命苦，没脸见人，现在已无法工作。经朋友劝说前来咨询。<br></span><span>&nbsp; &nbsp; &nbsp; &nbsp;&nbsp;<b>心理咨询师观察了解到的情况：</b>求助者消瘦，神情疲惫，但衣着得体，语言流畅，&nbsp;语速正常。咨询时带来了其丈夫与第三者在一起的视频资料。</span>','    案例介绍：         求助者与丈夫相识时虽然知道其当时已婚并有孩子',0,0,0,'2015-12-26 13:51:52','2015-12-26 13:51:52'),(17,16,9,'案例11：一般资料：求助者，女性，61岁，退休工人。','<span><b>案例介绍</b>：<br>&nbsp;&nbsp;&nbsp;&nbsp;&nbsp; <span>求助者是孤寡老人，最近一段时间经常打电话报警说自己夜间听到窗外有人密谋杀害自己并抢夺自己的巨额财产。民警经蹲守，未发现可疑人员。而在民警蹲守的同一时刻，求助者还在打电话报警说听到窗外密谋杀害她的声音。现在求助者白天&nbsp;不敢自己出门，说出门之后就会被街上所有的人指指点点，或者被人跟踪，那些在她家周围卖菜的、卖报纸的、收废品的人都是经过乔装改扮来监视她的人。警察怀疑求助者&nbsp;精神出了问题，但求助者坚持认为自己没病。在警察带领下来到咨询室。<br>&nbsp;</span></span><span>&nbsp;&nbsp;&nbsp;&nbsp;<b>心理咨询师观察了解到的情况</b>：<span>求助者头发没有经过梳理，脸上和身上比较脏，先&nbsp;是用怀疑的眼光打量咨询师，感觉咨询师态度温和，便拿起桌上的笔，在一张废纸的背&nbsp;面写下“五千万”三个字并交给咨询师，说咨询师是个有前途的人，这五千万送给他去&nbsp;发展事业。警察反映求助者近来生活比较懒散，不收拾屋子。</span></span>','案例介绍：       求助者是孤寡老人，最近一段时间经常打电话报警说自己夜间听',0,0,0,'2015-12-26 13:53:08','2015-12-26 13:53:08'),(18,16,9,'案例12：一般资料：求助者，男性，25岁，待业在家。 ','<span>&nbsp;<b>案例介绍：<br></b>&nbsp; &nbsp; &nbsp; &nbsp; 求助者三个月前经过精心策划，购买了戒指、鲜花，并约上亲朋好友，&nbsp;在女友的公司门口当众向她求婚。没想到女友先是惊诧、而后气愤，最终拂袖而去。求&nbsp;助者受到了极大的打击，当时差点晕倒，之后大病一场，辞掉了自己的工作，也不愿出&nbsp;门见人。经家人劝说前来咨询。</span>',' 案例介绍：         求助者三个月前经过精心策划，购买了戒指、鲜花，并约',0,0,0,'2015-12-26 13:53:21','2015-12-26 13:53:21'),(19,16,9,'案例13：一般资料：求助者，男性，24岁，硕士研究生。','<span><b>案例介绍：</b><br><span>&nbsp;&nbsp;&nbsp;&nbsp;&nbsp;&nbsp;&nbsp; 求助者是一所名牌大学的硕士研究生，成绩优异，准备去国外攻读博士&nbsp;学位。让他没想到的是，他的女友坚决反对其出国留学，希望和他早点组织家庭，不想&nbsp;两地分隔。几个月前，求助者和女友发生了激烈的争吵，两人随即陷入冷战，求助者很&nbsp;苦恼。随后得知自己留学申请未被接受，无奈之下只能参加本校的博士生入学考试，但&nbsp;由于准备不足，未能考取。 <br>&nbsp;</span></span><span>&nbsp;&nbsp;&nbsp;&nbsp;最近两个多月来，求助者一直郁郁寡欢，心情烦躁，注意力不集中，记忆力下降，&nbsp;学习效率明显下降，连硕士论文也只是勉强完成。借故不与同学、朋友交往，甚至连毕&nbsp;业聚餐都没有参加。导师担心他一直这样消沉下去，劝说他来寻求心理帮助。<br>&nbsp;</span><span>&nbsp;&nbsp;&nbsp;<b>&nbsp;心理咨询师观察了解到的情况</b>：<span>求助者在知识分子家庭长大，自小学习成绩优异，&nbsp;争强好胜，追求完美。</span></span>','案例介绍：         求助者是一所名牌大学的硕士研究生，成绩优异，准备去国',0,0,0,'2015-12-26 13:54:31','2015-12-26 13:54:31'),(20,16,9,'案例14:一般资料：求助者，男性，42岁，外资企业高级管理人员。 ','<span>&nbsp; &nbsp;&nbsp;<b>案例介绍：<br></b>&nbsp; &nbsp; &nbsp; &nbsp; 多年前，求助者的妻子出国留学，定居国外后向求助者提出离婚。离婚&nbsp;时，女儿判给求助者抚养。由于担心自己再婚会让女儿受委屈，求助者一直没有考虑个&nbsp;人问题，独自带着女儿生活多年。几个月前，求助者得知读高中的女儿谈了恋爱，非常&nbsp;生气，并严肃地批评了女儿。让求助者没想到的是，女儿不仅丝毫没觉得自己有什么不&nbsp;对，还说求助者是“老古董”，并说，如果求助者再干涉她的恋爱自由，她就要去国外&nbsp;和她妈妈一起生活。&nbsp;</span>\r\n\r\n<span>&nbsp;&nbsp;&nbsp;&nbsp;女儿的话让求助者又生气又伤心，觉得为女儿付出这么多，但在女儿心中自己居然&nbsp;不如前妻，这让他实在受不了。最近三个多月，求助者经常生闷气，还出现了头痛、失&nbsp;眠等情况，工作效率也大大下降。尤其看到谈恋爱的高中生，就会联想起女儿恋爱的事&nbsp;情，进而出现情绪波动。<br>&nbsp; &nbsp;</span>\r\n\r\n<span>&nbsp;&nbsp;&nbsp;&nbsp;<b>心理咨询师观察了解到的情况：</b>求助者好强，有责任心，工作认真负责，人际关&nbsp;系良好，身体健康，历年体检结果正常。</span>','    案例介绍：         多年前，求助者的妻子出国留学，定居国外后向求',0,0,0,'2015-12-26 13:54:46','2015-12-26 13:54:46'),(21,16,9,'案例15:一般资料:求助者，男性，29岁，某公司职员。','<span><span><b>案例介绍:</b><br>&nbsp;&nbsp;&nbsp;&nbsp;&nbsp;&nbsp; </span><span>求助者家在外地，收入一般，一直租住在城乡结合部的平房里。求助者经常有不安全感，晚上在家时要把房屋的门窗紧锁，窗帘全部拉上；冬天里天黑得早，路上行人也比较少，求助者独自走在路上就会担心被抢被劫等不好的事情发生；在手机或电脑上玩游戏时，一定要玩到赢才能停止，否则就会担心有不好的事情在自己身上发生。交往了几个女朋友，对方都觉得他胆小、缺乏男子气，不求上进而拒绝进一步的发展。自己也觉得命运和游戏的输赢应该无关，不应该相信这些东西，但总是控制不住。恨自己耽误了许多时间、恨自己胆小，为此非常苦恼。情绪低落，经常失眠。很想改变这种状况，因此前来寻求帮助。<br>&nbsp;&nbsp; &nbsp;</span></span><span>&nbsp;&nbsp;<span><b>心理咨询师观察了解到的情况</b>:</span><span>求助者出生后因父母在城里打工，从半岁起便由奶奶照顾。两岁时奶奶去世，只好在姑姑家生活，直到上初中才进城和父母同住。对求助者进行心理测验，EPQ结果:T分:P40,&nbsp;E35,&nbsp;N65,&nbsp;L40。&nbsp;</span></span>','案例介绍:        求助者家在外地，收入一般，一直租住在城乡结合部的平房里',0,0,0,'2015-12-26 13:55:35','2015-12-26 13:55:35'),(22,16,9,'案例16: 一般资料:求助者，男性，30岁，大学教师。 ','<span><b>案例介绍</b><b>:<br></b>&nbsp; &nbsp; &nbsp; &nbsp; 夫妻感情好，都爱旅游，2个月前与妻子外出游玩时不慎发生意外，妻子死亡。经公安部门鉴定排除他杀，但女方家人不依不饶，指责求助者不负责任，甚至付诸法律。自己承受巨大压力，内心痛苦，情绪低沉，伴有焦虑紧张、头晕、头痛、失眠、食欲差。曾到医院看医生，考虑“神经衰弱”，给予安定类药物后略减轻。尚能坚持工作，生活影响不大。目前，一切后事及纠纷己经处理完毕，情绪稍微稳定，不适感减轻。家人为了使其及早摆脱痛苦，为其介绍了一位刘象，现在双方均有意发展关系，但自己不知如何把握，故来寻求咨询师的帮助。</span>','案例介绍:         夫妻感情好，都爱旅游，2个月前与妻子外出游玩时不慎发',0,0,0,'2015-12-26 13:57:02','2015-12-26 13:57:02'),(23,16,9,'案例17: 一般资料:求助者，女性，36岁，公司职员，己婚，女儿9岁。','<span><span><b>案例介绍:</b><br>&nbsp;&nbsp;&nbsp;&nbsp;&nbsp; </span>求助者近一个月来买了大量衣物，到处分送给亲朋好友，认为这是“希望工程”，当家人问及此事时，还断然否认，认为“做好事不应声张”。家中经济条件好，但个人的衣着不修边幅，家中卫生差。给女儿的信中写道:“天有不测风云，月有阴晴圆缺。让我们在今后的日子里，在各自的工作岗位上，好好做人，力争做个新世纪继往开来的好人，一生平安。虽然我小气，但我从不伤人，让我们携手并肩，向着共同的目标奋进，好吗?”&nbsp;</span><span>由家人强行送到医院检查身体，勉强到了医院门口，坚决不进，并乘机溜走。医院给开“氯氮平”，看过说明书后坚决不吃，因为“吃了就是精神病了”。其丈夫介绍，谈恋爱时就发现她有时说话不着边际，交流困难，因当时在部队，接触少，未在意。5年前复员回家在一起生活，发现她懒，不理家，不做饭，也不管小孩，现在越来越不像话了。</span>','案例介绍:       求助者近一个月来买了大量衣物，到处分送给亲朋好友，认为这',0,0,0,'2015-12-26 13:57:07','2015-12-26 13:57:07'),(24,16,9,'案例18: 一般资料:求助者，男性，39岁，某剧团编剧，妻子是演员，女儿11岁。 ','<b>案例介绍:<br></b>&nbsp; &nbsp; &nbsp; &nbsp; 求助者因思念故乡及踏念年迈的双亲，萌生了由本市调回故乡的念头，但妻子坚决不同意，认为丈夫故乡虽然美丽，但工作居住条件很难达到当下所在城市的水平。在丈夫执意要求下，最后达成协议，男方先调回。回去后，工作不对口，原来特长不能发挥，住房狭小，工作、生活与原来有天壤之别。夫妻见面总是争吵，性生活也不如从前。妻子提出了离婚的要求。而原单位已调入另一位有才华的新编剧，对自己的调回请求并不热情，自己感到世态炎凉，自尊心大受伤害。悔恨失望又无法挽回，不愿做事情，自责、沮丧，感觉未来一片渺茫:失眠、吃不下饭、胸闷气短，只有与父母在一起时才感觉好些，因怕患病，曾到医院检查，但没有查出什么问题。咨询时来回走动，搓双手，请求吸烟(一支接一支)。本来就癖好烟酒，现更无节制，因不满新单位安排的工作，一直未到岗，生活无规律，己经持续5个月了，自觉这样下去会出问题，故前来心理咨询寻求帮助。','案例介绍:         求助者因思念故乡及踏念年迈的双亲，萌生了由本市调回故',0,0,0,'2015-12-26 13:57:53','2015-12-26 13:57:53'),(25,16,9,'案例19：一般资料:求助者，女性，29岁，未婚，公司职员。','<span>&nbsp;<span><b>案例介绍:</b><br>&nbsp;&nbsp;&nbsp;&nbsp;&nbsp;&nbsp;&nbsp;&nbsp;&nbsp; </span><span>求助者生活在一个单亲家庭，父母多年前离异，她一直跟着母亲生活，母亲没有再婚。从学生时代起，母亲就严格禁止她单独与异性来往；大学毕业后，她开始谈恋爱，母亲时常告诫她男人都不可靠，朝三暮四、喜新庆旧，交往时一定要慎重。并且郑重警告她，如果敢在婚前发生性行为，就和她断绝母女关系。求助者一直与母亲相依为命，觉得母亲是为了自己而没有再婚，自己不该违背母亲的意愿；想到父亲当年抛弃她们母女的行为，感到男人确实不太可靠。因此与几任男友交往都无果而终。一年前认识了一位从海外留学归来的男士，身材、相貌、经济条件都让她非常满意，男士也有意和她发展。但由于母亲的告诫，求助者与该男士交往时始终保持距离。因为多次拒绝了男士发生亲密关系的要求，她自己感觉男士开始疏远她，跟她在一起时不再像刚认识时那样关心她。半年前的一天，她与男士通过电话之后，突然感觉胸闷、心慌、气短，头晕，两腿无力，此后便经常提心吊胆，担心男友不再喜欢她，自己成为剩女，从此嫁不出去；担心自己如果嫁给男友，以后也许会落得母亲一样的下场„„心慌气短等症状也时有出现，曾到多家医院检查，但没有查出明显器质性病变。虽然单位领导减少了她一部分工作量，但工作效率仍然较低，并且精神痛苦难以摆脱主动前来咨询。<br>&nbsp;</span></span><span>&nbsp;&nbsp;&nbsp;&nbsp;&nbsp;&nbsp;&nbsp;&nbsp;&nbsp; <span><b>心理咨询师观察了解到的情况</b>:</span>求助者衣着整洁、面貌较好，但情绪低落，拿杯子喝水时能看到手的颤抖。</span>',' 案例介绍:           求助者生活在一个单亲家庭，父母多年前离异，她一',0,0,0,'2015-12-26 13:58:08','2015-12-26 13:58:08'),(26,16,9,'案例20:一般资料：求助者，女性，22岁，大学生。 ','<span><b>案例介绍</b><b>:<br></b>&nbsp; &nbsp; &nbsp; &nbsp; 求助者只有学习成绩优秀，进入大学后，每年都获得一等奖学金。一进入大四，求助者就开始复习，准备考研。三个多月前，参加了研究生入学考试。求助者感觉自己考得不错，没想到成绩公布出来，自己居然落榜了。得知落榜消息一个多月以来，求助者情绪低落，觉得自己很笨，真没用。只有不想考研的事情，求助者的心情才会好些。<br>&nbsp; &nbsp; &nbsp;</span>\r\n\r\n<span>&nbsp; <b>心理咨询师观察了解到的情况：</b>求助者父母均是中学教师，对求助者要求非常严格，求助者自幼争强好胜，追求完美。</span>\r\n\r\n&nbsp;','案例介绍:         求助者只有学习成绩优秀，进入大学后，每年都获得一等奖',0,0,0,'2015-12-26 13:59:23','2015-12-26 13:59:23'),(27,16,9,'案例21：一般资料： 求助者，女性，54岁， 某国企部门经理。','<span><b>案例介绍：</b><br>&nbsp;&nbsp;&nbsp;&nbsp;&nbsp;&nbsp;&nbsp; <span>求助者与丈夫感情好，家庭条件优越。今年春节前得知儿子是同性恋，当时就被气疯了，丈夫和儿子反复激烈的争吵。在接下来的两天里，求助者和丈夫都没有去上班，丈夫时而唉声叹气，时而火冒三丈，求助者则是默默流泪，两人都有一种绝望的感觉，感觉二十几年的努力白费了。大约三天之后，两人慢慢恢复平静，但求助者饮食、睡眠比以前差了很多，时常觉得胸闷、心慌、一想起儿子就会头疼。虽然每天能够上下班，但工作提不起精神，&nbsp;经常丢三落四，有时还因为自己的失误对下属发脾气。看到公司里和自己儿子年龄相仿的小伙子们在一起吃饭聊天就觉得别扭，怀疑他们的性取向也不正常。<br>&nbsp;&nbsp;&nbsp;&nbsp;&nbsp; &nbsp;</span></span><span>&nbsp;&nbsp;<b>心理咨询师观察了解到的情况：</b>求助者衣着整洁但精神疲倦，焦虑，谈到儿子便会流泪。几个月来，儿子没有回过家，虽然打过几个电话，但交流很不愉快。求助者也因为儿子的问题不愿与亲戚朋友见面或通电话，觉得丢人。求助者希望咨询师不仅要帮助自己，更要帮助纠正儿子的性取向，让儿子成为一个正常人。</span>','案例介绍：         求助者与丈夫感情好，家庭条件优越。今年春节前得知儿子',0,0,0,'2015-12-26 13:59:26','2015-12-26 13:59:26'),(28,16,9,'案例22：一般资料：求助者，男性，18岁，高三学生。因控制不住想女友，感到内疚、矛盾一个月而求助。 ','<b>&nbsp;案例介绍：<br></b>&nbsp; &nbsp; &nbsp; &nbsp; &nbsp;两个月前，距离高考还有三个月时间，求助者父母发现很晚还给女友打电话，担心她谈恋爱影响高考，感到很生气，就与求助者谈话要求他在高考前暂时中断与女友联系，并找了女生父母一起讨论如何处理。女方父母也很担心，要求女儿专心学习，高考后再联系。但是最近来那一个月求助者上课头脑里总是冒出女友形象，总是反复地想她现在做什么？她会想自己吗？她复习得怎样?-----等念头，以至于影响了学习效率。求助者觉得不应该这样想，可越是压抑却越想的厉害，以致于晚上控制不住要打电话给女友，但女友却不接电话，因此更加思念，出现了烦躁情绪，注意力难以集中学习，记忆力下降，经常失眠。最近一个月，求助者觉得实在控制不住的想女友，又很内疚觉得对不住父母。高考越来越近，非常担心高考落榜，于是到咨询中心来求助。求助者没有躯体疾病和精神病史，高考前体检没有明显异常。',' 案例介绍：          两个月前，距离高考还有三个月时间，求助者父母发现',0,0,0,'2015-12-26 14:00:42','2015-12-26 14:00:42'),(29,16,9,'案例23：一般资料：求助者，男性，33岁，大学教师。','<span><b>案例介绍：</b><br>&nbsp;&nbsp;&nbsp;&nbsp;&nbsp;&nbsp;&nbsp;&nbsp; <span>求助者博士毕业后，留校任教，由于工作出色，29岁时就被破格评为副教授。求助者一直全心追求事业，无暇顾及个人问题。直到一年前才经人介绍结识了现在的女友。随着了解的加深，求助者觉得女友各方面都很优秀，于是在三个月前向女友正式求婚。谁知，女友要求求助者把自己的名字加在求助者所有住房的房产证上，否则就拒绝结婚。求助者觉得女友的要求太过分，拒绝了女友的要求，两人随即陷入冷战。正在求助者为感情问题烦恼的时候，他在职称评定中未能如愿评上教授，这让求助者心里非常不是滋味。三个多月来，求助者经常郁郁寡欢，烦躁，食欲下降，经常失眠，时有头痛、头晕，工作效率下降，甚至找借口不去参加大学毕业10周年的同学聚会。求助者的领导担心他一直这样消沉下去，劝说他来寻求帮助。&nbsp;</span></span>','案例介绍：          求助者博士毕业后，留校任教，由于工作出色，29岁时',0,0,0,'2015-12-26 14:00:44','2015-12-26 14:00:44'),(30,16,9,'案例24： 一般资料：求助者，女性，26岁，外企职员。 ','<span>&nbsp;<b>案例介绍：<br></b>&nbsp; &nbsp; &nbsp; &nbsp; 几年前，求助者硕士毕业，进入一家世界500强的外资企业工作。求助者工作勤奋努力，深得上司的赏识和器重。半年前，求助者第一次作为项目负责人向国外客户进行项目介绍。在介绍之前，她反复告诫自己“千万不要紧张，千万不要紧张”。可没想到越是这样越紧张，在介绍中接连说错好几个单词，引得客户和同事哄堂大笑。让求助者感到非常尴尬。一个月前，求助者的上司让其负责一个新的项目，并嘱咐求助者“这个客户对我们非常重要，这次项目的介绍一定要做到完美”。求助者在写项目计划书时，头脑中突然闪念“这次项目介绍再出错怎么办？”，这种想法让求助者紧张，无法集中注意力工作。虽然她想使自己平静下来，集中注意力工作，但效果不明显。她愈加紧张不安，烦躁，只有不去想和工作有关的事情时，心情才会好些。求助者担心自己会得精神病，主动来寻求帮助。&nbsp;</span>\r\n\r\n&nbsp;<br>&nbsp; &nbsp; &nbsp; &nbsp; &nbsp;<b>心理咨询师观察了解到的情况：</b>求助者自幼学习成绩优异，父母要求严格，性格内向，谨小慎微，追求完美。',' 案例介绍：         几年前，求助者硕士毕业，进入一家世界500强的外资',0,0,0,'2015-12-26 14:01:18','2015-12-26 14:01:18'),(31,16,9,'案例25：一般资料：赵某，女性，25岁，硕士研究生。','<span><b>案例介绍：</b><br>&nbsp;&nbsp;&nbsp;&nbsp;&nbsp;&nbsp;&nbsp;&nbsp;&nbsp; 赵某性格内向，学习认真努力，人际关系较好。一个多月前，赵某突然对同宿舍的同学说，自己是仙女，有着超凡的能力，还说学校里有许多男生爱慕她，想娶她为妻。与此同时，赵某每天呆坐在宿舍里自言自语，就连还没有完成的硕士论文都置之不理。同宿台同学把赵某的情况反映给赵某的导师，其导师要求家长带赵某看病。</span>','案例介绍：           赵某性格内向，学习认真努力，人际关系较好。一个多',0,0,0,'2015-12-26 14:01:44','2015-12-26 14:01:44'),(32,16,9,'案例26：一般资料：求助者，女性，22岁，公司职员 。','<span><b>案例介绍：<br></b>&nbsp; &nbsp; &nbsp; &nbsp; 求助者毕业后干过五六份工作，月薪都不到2000元，她认为这些低工资的工作没有价值，几份工作都只干1个多月，频繁辞职。前段时间因工作与主管产生冲突，一开始只是迎面遇见时低头不打招呼，逐渐变成不想再跟主管遇见，一且遇见就有些紧张，好像有把柄被人抓住似的。每周例会上也不敢发言，当正报工作进展时，感觉紧张、手心出汗，生怕主管或其他同事提问，近来担心他们认为自己的工作能力差，在谈工作时总是希望赶紧讲完，能不说的就不说。脾气变得暴躁，看什么都不顺眼。难以入睡，有时半夜醒来，头痛、头晕，心烦，近来常找理由不参加公司周例会。&nbsp;求助者有一次在茶水间听到同事聊天，提到刚来的一个新员工，一个同事说“她是大专毕业，没什么本事”，另一同事说“公司现在招人的水准越来越低了，以后找机会我也走了，再待下去自己也快没档次了”。求助者想到自己的大专文凭，发现在别人眼里学历依然报看重，觉得自己在人面前更抬不起头来，也更不愿意与人交流。</span><span>&nbsp;为此，求助者曾去过综合医院诊治，没有发现器质性疾病，医生建议去心理门诊，因此来做心理咨询，希望自己的纠结得到缓解。</span>','案例介绍：         求助者毕业后干过五六份工作，月薪都不到2000元，她',0,0,0,'2015-12-26 14:02:43','2015-12-26 14:02:43'),(33,16,9,'案例27：一般资料：求助者，女性，17岁，高中二年级学生。','<span><b>案例介绍：</b><br>&nbsp;&nbsp;&nbsp;&nbsp;&nbsp;&nbsp; <span>求助者一年多前，因严重的胃炎住院治疗，经历多种治疗，也为此误了学习，使求助者感到生病根可怕。求助者的母亲常常非常严肃地告诉她不认真洗手会得病的。以后，每次放学回家，都要认真洗手。总耍洗好几遍手，还是担心洗不干净。明知已经挺干净了，可仍然还是控制不住要再洗几遍，否则就心慌，总担心“还没洗干净呢。”。每次吃饭前，都要反复洗手，还要数洗了几遍。近来不吃饭时也要经常洗手，为此耽误了大量时问，自己知道其实没有必要，很想控制住自己，但就是控制不住，为此十分苦恼。以至于近来无法上学。担心自己是否会得精神病，时常情绪低落，失眠，经常头痛，反复看病就医，但是，又不愿吃医生开的药，因为说明书上说有很多副作用。父母觉得孩子没有精神病，不愿让她看精神科，为此陪她来咨询。<br>&nbsp;&nbsp;&nbsp;</span></span><span>&nbsp;&nbsp;&nbsp;&nbsp;<b>求助者父母反映</b>：求助者是独生子女，家里管教很严，不许与其他小朋友玩，每天按时吃饭睡觉。上学后，学习根认真，各门功课都是优秀，很听父母的话，做事很认真，比较胆小，同学关系一般。情绪一度低落，睡眠不好。</span>','案例介绍：        求助者一年多前，因严重的胃炎住院治疗，经历多种治疗，也',0,0,0,'2015-12-26 14:03:19','2015-12-26 14:03:19'),(34,16,9,'案例28：一般资料：求助者，男性，1 8岁，大学一年级学生。 ','<span><b>&nbsp;</b><b>案例介绍</b>：<br>&nbsp; &nbsp; &nbsp; &nbsp; 求助者考入省外大学，开始独立生活。每天的学习都很紧张，还要料理自己的生活，有些手忙脚乱，疲惫，感到不适应，觉得自己不能独立生活，想家。有时睡不着，常常梦到父母。在街上、校园里听到的都是当地的口音，感觉自己是外乡人，有孤独感。上课经常走神，学习效率受影响，盼着早点故假回家。求助者与同学的关系一般，因生活琐事与宿舍室友关系紧张，想换宿舍学校没同意，心晴不好，内心痛苦，经辅导员做工作后没有明显好转，在老乡的陪同下来心理咨询。</span>\r\n\r\n<span><b>&nbsp; <br></b><b>&nbsp; &nbsp; &nbsp; &nbsp; 心理咨询师观察了解到的情况：</b>求助者是独生子，性格内向，在家很受宠爱，自幼没有单独离开过家，上大学前很多生活琐事都由父母料理，连自己的衣服鞋袜都不用洗。</span>',' 案例介绍：         求助者考入省外大学，开始独立生活。每天的学习都很紧',0,0,0,'2015-12-26 14:03:24','2015-12-26 14:03:24'),(35,16,9,'案例29：一般资料：求助者，女性，22岁，未婚，大学毕业，几个月前进入工作单位习。','<span><b>案例介绍</b>：<br>&nbsp;&nbsp;&nbsp;&nbsp;&nbsp;&nbsp; <span>近两个月来，心情烦躁，失眠，食欲差，考虑是否要另找工作。我今年大学毕业后，本想继续读研，但觉得没什么合适的专业，同时也不想再依靠父母，因此便开始寻找工作。后进入了家旅行社的签证部工作，我对工作很有热情，和同事之间相处也比较愉快，很受领导的喜爱。但由于缺乏旅游管理工作方面的专业知识，并且英语水平较差，进入实际工作后遇到了很多困难。可每当我向有经验的同事虚心请教教，都感觉大家在敷衍自己，觉得不被认可。我经常要加班到深夜，因此与男朋友相处的叫间也大大减少，在一定程度上影响到了两人的感情。一个多月前，签证部部分职员外出受训，我们留下的人的工作量大大增加。我时常担心自己经手的签证表格出差错，因此每次都要反复检查几遍才会上交。但在一次办理加急签证表格时，还是出现了错误，耽误了旅客的出行，被投诉，为此遭到了上司的批评，同事也嘲笑自己犯低级错误，使自己深受打击。自此之后，我有时感到自己很没用，考虑耍不要离开现在的单位。工作和人际关系压力大，晚上入睡困难，胃口也不太好。我非常希望您能够帮我走出困境。<br>&nbsp;&nbsp;</span></span><span>&nbsp;<b>&nbsp;&nbsp;&nbsp;心理咨询师观察了解到的情况：</b><span>求助者是独生女，从小被父母及祖辈宠爱，依赖性强。和男友相处四年，关系融洽，但男友在工作方面不能给予求助者所期望的帮助和支持。求助者神态正常、衣着整洁，讲话思路清晰、言语流利。谈到工作困难和与同事关系的问题时，显得烦恼和焦虑。<br>&nbsp;&nbsp;&nbsp;&nbsp;&nbsp;&nbsp; <b>心理测验结果：</b>&nbsp;</span></span>1、&nbsp;EPQ&nbsp;(T分):E61;&nbsp;P49;&nbsp;N69;&nbsp;L44&nbsp;&nbsp;&nbsp;<span>2、SAS：标准分54分&nbsp;</span>','案例介绍：        近两个月来，心情烦躁，失眠，食欲差，考虑是否要另找工作',0,0,0,'2015-12-26 14:04:38','2015-12-26 14:04:38'),(36,16,9,'案例30: 一般资料:求助者,女性,70 岁,退休干部。 ','<b><span>案例介绍:<br></span></b>&nbsp; &nbsp; &nbsp; &nbsp; 求助者自述失眠、躯体不适,怀疑脑部有问题,害怕得病,专门到医院神经内科住院检查。在医院做了脑CT、核磁、心电图等各类检查,均未查出明显器质性病变。求助者自称没有查出病,心理很高兴,但仍觉得头晕、颈部僵硬,腿痛,为此非常烦恼,心里不安,害怕会发生什么不测,经常失眠,神经内科医生建议其进行心理咨询。','案例介绍:         求助者自述失眠、躯体不适,怀疑脑部有问题,害怕得病,',0,0,0,'2015-12-26 14:04:42','2015-12-26 14:04:42'),(37,16,9,'案例31:一般资料:求助者,男性,37 岁,自考本科学历,公司职员。','<span><b>案例介绍:</b><br>&nbsp;&nbsp;&nbsp;&nbsp;&nbsp; 求助者最大的遗憾是没有接受过正规的高等教育。与朋友相处时,总觉得自己笨,样样不如别人,羡慕&nbsp;别人知识面广,认为别人知道的自己也应该知道。害怕在人多的场合说话,怕说不好,别人会笑话他,对他的评价低,很不自信。因此内心非常烦恼,也非常着急。为此不断地买书,积极去听各类讲座,但仍觉得没有太大的收获。&nbsp;目前,求助者还面临婚姻问题,认为这对自己的心理状况也有一定的影响。<br>&nbsp;&nbsp;&nbsp;&nbsp;&nbsp;&nbsp;<b> </b></span><span><b>心理咨询师观察了解到的情况:</b>求助者父母早年对他批评多鼓励少。因为家里孩子多,求助者最小,父母无力照顾,&nbsp;被送到爷爷、奶奶家,父母给予关注较少。求助者性格内向,自幼很自卑。成年后谨小慎微,对自己要求严格,工&nbsp;作得到上级和同事的认可。</span>','案例介绍:       求助者最大的遗憾是没有接受过正规的高等教育。与朋友相处时',0,0,0,'2015-12-26 14:05:45','2015-12-26 14:05:45'),(38,16,9,'案例32:一般资料:求助者,女性,24 岁,未婚,本科学历,公司职员。','<span><b><span>案例介绍:<br></span></b>&nbsp; &nbsp; &nbsp; &nbsp; 求助者在一家软件公司工作,经常有不安感,总害怕有不好的事情发生。和人相处时总先把别人往坏处 想,学得有备无患。无论在家里还是单位,一看见电脑就想玩游戏,赢了就学得会有好事,输了就觉得会倒霉,经 常玩得疲惫不堪,直到玩赢为止。自知在单位玩游戏影响不好,但就是控制不住。走在街上,会情不自禁地看汽车 牌号,把牌号上的数字相加,如果是偶数就表示好事,奇数就表示坏事。常常一个人呆在家里反复思考这些问题, 自己也觉得自己的命运和游戏、数字等应该无关,不应该相信这些东西,但总是控制不住。害怕领导批评,恨自己 耽误了许多时间,为此非常苦恼。情绪低落,经常失眠。很想改变这种状况,故来寻求帮助。 </span>\r\n\r\n&nbsp;&nbsp;&nbsp; <br><b>&nbsp; &nbsp; &nbsp; &nbsp; 心理咨询师观察了解到的情况:</b>求助者出生在知识分子家庭,家教很严格。求助者自幼懂事、听话,学习成绩良好。 做人谨慎,性格内向,至今未谈恋爱。对求助者进行EPQ测验,结果T分:P40,E35,N65,L40;SDS测验结果总粗分 63。 ','案例介绍:         求助者在一家软件公司工作,经常有不安感,总害怕有不好',0,0,0,'2015-12-26 14:08:12','2015-12-26 14:08:12'),(39,16,9,'案例33:一般资料:求助者,男性,17 岁,高二学生。','<span><b></b><b>案例介绍:</b>&nbsp; <br>&nbsp;&nbsp;&nbsp;&nbsp;&nbsp; 因与同学、老师的关系不融洽,学习成绩差,去年秋季开始辍学。在家里上网、玩游戏。由其母亲陪同&nbsp;前来咨询。&nbsp;心理咨询师观察了解到的情况:求助者家境较富裕,自幼生活环境单一,很少和小伙伴玩。个性偏执,对亲人冷漠。&nbsp;其父性情暴躁,只在经济上满足孩子。父母在孩子的教育问题上经常产生分歧。母亲反映求助者近来有些答非所问。<br></span><span><b>&nbsp;&nbsp;&nbsp;对求助者进行了&nbsp;MMPI&nbsp;测验,&nbsp; </b>结果如下:&nbsp;</span>&nbsp;<span><span>量表&nbsp;Q&nbsp;L&nbsp;F&nbsp;K&nbsp;Hs&nbsp;D&nbsp;Hy&nbsp;Pd&nbsp;Mf&nbsp;Pa&nbsp;Pt&nbsp;Sc&nbsp;Ma&nbsp;Si&nbsp;</span><span>T分&nbsp;<br></span></span>&nbsp;&nbsp;&nbsp;&nbsp;&nbsp;&nbsp;&nbsp;&nbsp;&nbsp;&nbsp;&nbsp;&nbsp;&nbsp;&nbsp;&nbsp;&nbsp;&nbsp;&nbsp;&nbsp;&nbsp;&nbsp;&nbsp;&nbsp;&nbsp;&nbsp;&nbsp;&nbsp;&nbsp;&nbsp;&nbsp;&nbsp;&nbsp;&nbsp;&nbsp;&nbsp;&nbsp;&nbsp;&nbsp;&nbsp;&nbsp;&nbsp;&nbsp;&nbsp;&nbsp;&nbsp;&nbsp;&nbsp;&nbsp;&nbsp;&nbsp;&nbsp;&nbsp;&nbsp;&nbsp;&nbsp;&nbsp;&nbsp;&nbsp;&nbsp;&nbsp;&nbsp;&nbsp;&nbsp;&nbsp;&nbsp;&nbsp;&nbsp;&nbsp;&nbsp;&nbsp;&nbsp; &nbsp; &nbsp;50&nbsp;47&nbsp;60&nbsp;43&nbsp;59&nbsp;68&nbsp;57&nbsp;58&nbsp;46&nbsp;63&nbsp;55&nbsp;56&nbsp;47&nbsp;62&nbsp;','案例介绍:        因与同学、老师的关系不融洽,学习成绩差,去年秋季开始辍',0,0,0,'2015-12-26 14:08:57','2015-12-26 14:08:57'),(40,16,9,'案例34: 一般资料:求助者,男性,16 岁,初中二年级学生。 ','<b><span>案例介绍:<br></span></b><span>&nbsp; &nbsp; &nbsp; &nbsp; 求助者小学三年级时,父母离异,他和爷爷奶奶住在一起。其父后来再婚后又有了一个妹妹,他不喜欢 继母和妹妹,恨自己的爸爸,也很少和母亲联系。父亲每周看他一两次,对他管教很严,只知逼他学习,却很少和\r\n他沟通。因为学习不努力,成绩较差,但他不以为然,认为学习好的同学品行都不好,而学习不好的同学心眼好。 他不喜欢学习,觉得人活在世上用不着那么辛苦,还要上大学、考研,觉得轻轻松松活着挺好,顺其自然,以后能\r\n考上职高,学门技术也可以活得很好。但面对老师、家长的批评,也感到精神紧张、忐忑不安,恍恍惚惚不知道自 己要干什么。经常有报复父母的心理,觉得自己有这种想法非常可怕,简直是没有良心,但又控制不住,故来咨询\r\n是否自己心理有问题。如有问题,要让父亲知道这是他逼出来的。 心理咨询师观察了解到的情况:求助者居住在爷爷奶奶家,老人疼爱孙子,生活上照顾得很周到,管教较少,对学 习成绩不太在意。父亲管教方式粗暴,求助者性格外向,生活懒散,控制力较差。<br>&nbsp; &nbsp; &nbsp; &nbsp; 对求助者进行了 WAIS-RC 测验, 结果如下<span>:<br></span></span><span>&nbsp; &nbsp; &nbsp; &nbsp; &nbsp; &nbsp; &nbsp; &nbsp; &nbsp; &nbsp; &nbsp; &nbsp; &nbsp; &nbsp; &nbsp; 言语测验 &nbsp; &nbsp; &nbsp; &nbsp; &nbsp; &nbsp; &nbsp; &nbsp; &nbsp; &nbsp; &nbsp; &nbsp; &nbsp; &nbsp; &nbsp; &nbsp; &nbsp; &nbsp; &nbsp; &nbsp; &nbsp; &nbsp; &nbsp; &nbsp; &nbsp; &nbsp; &nbsp; &nbsp; &nbsp; &nbsp; &nbsp; &nbsp; &nbsp; &nbsp; &nbsp;&nbsp;<span>操作测验 <br></span></span>&nbsp;原始分&nbsp;<span>&nbsp;&nbsp; &nbsp; &nbsp; &nbsp; &nbsp; &nbsp; &nbsp; &nbsp;知识 &nbsp;&nbsp;\r\n  \r\n  \r\n  领悟 &nbsp;&nbsp;\r\n  \r\n  \r\n  算术 &nbsp;&nbsp;相似 &nbsp;&nbsp;\r\n  \r\n  \r\n  数广 &nbsp;&nbsp;\r\n  \r\n  \r\n  词汇 &nbsp;&nbsp;合计 &nbsp; &nbsp; &nbsp; &nbsp;&nbsp;数符 &nbsp;&nbsp;填图 &nbsp;&nbsp;\r\n  \r\n  \r\n  积木 &nbsp;&nbsp;\r\n  \r\n  \r\n  图排 &nbsp;&nbsp;拼图 &nbsp;合计 &nbsp; &nbsp; &nbsp; &nbsp; &nbsp; &nbsp;</span>&nbsp; &nbsp; &nbsp; &nbsp; &nbsp; &nbsp;&nbsp;<span>言语 &nbsp;&nbsp;\r\n  \r\n  \r\n  操作 &nbsp;&nbsp;<span>总分 <br></span></span><span>&nbsp; &nbsp; &nbsp; &nbsp; &nbsp; &nbsp; &nbsp; &nbsp; &nbsp; &nbsp; &nbsp; &nbsp; &nbsp; &nbsp; &nbsp; &nbsp;23 &nbsp; &nbsp; &nbsp; &nbsp;&nbsp;17 &nbsp; &nbsp; &nbsp;\r\n  \r\n  \r\n  9 &nbsp; &nbsp; &nbsp;&nbsp;\r\n  \r\n  \r\n  17 &nbsp; &nbsp; &nbsp;&nbsp;\r\n  \r\n  \r\n  8 &nbsp; &nbsp; &nbsp; &nbsp; &nbsp;55 \r\n  \r\n  \r\n  &nbsp; &nbsp; &nbsp; &nbsp; &nbsp; &nbsp; &nbsp; &nbsp; &nbsp; &nbsp; &nbsp;\r\n  \r\n  \r\n  66 &nbsp; &nbsp; &nbsp;13 &nbsp; &nbsp; &nbsp; &nbsp;\r\n  \r\n  \r\n  40 &nbsp; &nbsp; &nbsp;\r\n  \r\n  \r\n  24 &nbsp;&nbsp;\r\n  \r\n  \r\n  32 \r\n  \r\n  \r\n  &nbsp; &nbsp; &nbsp; &nbsp; &nbsp; &nbsp; &nbsp; &nbsp; &nbsp;&nbsp;</span><span>\r\n <span>\r\n  \r\n  量表分 &nbsp; &nbsp;\r\n  \r\n  \r\n  58 &nbsp; &nbsp; &nbsp;&nbsp;62 &nbsp; &nbsp;&nbsp;<span>120 <br></span></span></span><span>\r\n <span><span>\r\n  \r\n  量表分 &nbsp; &nbsp; &nbsp; &nbsp; &nbsp; &nbsp; &nbsp; &nbsp; &nbsp;\r\n  \r\n  \r\n  13 &nbsp; &nbsp; &nbsp; &nbsp;&nbsp;10 &nbsp; &nbsp; &nbsp;&nbsp;7 &nbsp; &nbsp; &nbsp;&nbsp;\r\n  \r\n  \r\n  11 &nbsp; &nbsp; &nbsp;&nbsp;\r\n  \r\n  \r\n  6 &nbsp; &nbsp; &nbsp; &nbsp; &nbsp;11 &nbsp; &nbsp;&nbsp;\r\n  \r\n  \r\n  58 &nbsp; &nbsp; &nbsp; &nbsp; &nbsp; &nbsp;&nbsp;15 &nbsp; &nbsp; 10 &nbsp; &nbsp; &nbsp; &nbsp;\r\n  \r\n  \r\n  13 &nbsp; &nbsp; &nbsp;&nbsp;11 &nbsp; &nbsp;13 &nbsp; &nbsp; &nbsp;62 &nbsp; &nbsp; &nbsp; &nbsp; &nbsp; &nbsp;&nbsp;\r\n  \r\n  \r\n  智商 &nbsp; &nbsp;&nbsp;\r\n  \r\n  \r\n  95 &nbsp; &nbsp;\r\n  \r\n  \r\n  115 &nbsp; &nbsp;104 \r\n  \r\n </span>\r\n</span></span>\r\n\r\n&nbsp;\r\n \r\n','案例介绍:         求助者小学三年级时,父母离异,他和爷爷奶奶住在一起。',0,0,0,'2015-12-26 14:15:32','2015-12-26 14:15:32'),(41,16,9,'案例35: 一般资料:求助者,男性,24 岁,大学毕业,待业。','<span><b>案例介绍:</b><br>&nbsp;&nbsp;&nbsp;&nbsp;&nbsp;&nbsp;&nbsp;&nbsp;&nbsp;求助者大学毕业两年,在父母的强压下去过一次招聘会,可到了招聘会场,没说一句话就走了。自述不擅于表达,看见别人都很会推销自己,觉得自己不如别人。因为自己没有工作经验,害怕不能胜任工作,所以一直&nbsp;没有自信,呆在家里。<br>&nbsp;&nbsp;&nbsp;&nbsp;&nbsp;&nbsp;&nbsp; &nbsp;</span><span><b>心理咨询师观察了解到的情况:</b>求助者性格内向,独立性差,不爱交朋友,情绪低落。</span>','案例介绍:          求助者大学毕业两年,在父母的强压下去过一次招聘会,',0,0,0,'2015-12-26 14:15:33','2015-12-26 14:15:33'),(42,16,9,'案例36: 一般资料:赵某,女,48 岁,机关退休干部。 ','<b><span>案例介绍:<br></span></b>&nbsp; &nbsp; &nbsp; &nbsp; 赵某大学毕业后进入某机关,个人素质较高,工作能力较强,但人际关系较差,常为一些小事和同事闹\r\n得不欢而散,生活中几乎没有知心朋友。还怀疑丈夫有外遇,夫妻关系紧张,看见别人说话,总认为别人说自己坏 话,单位里有人要整自己,内心很紧张,不断向上级机关反映。去年单位人员调整,领导让她退休,她想不开,寻死觅活地说是有人故意陷害她,经常站在窗口笑笑哭哭,手舞足蹈。最近半年总说听见有人敲家里的门。平常散步时,看见邻居和孩子说说笑笑,就说她们是在讲自己的坏话,要丈夫和孩子提高警惕,不要让坏人钻了空子。 心理咨询师观察了解到的情况:赵某从小生活条件优越,成长较为顺利,学习成绩良好。在单位能胜任工作。单位人员反映,没听说有人背后讲她的坏话。丈夫反映赵某原来较勤快,但近来赵某不做家务,不与父母联系,不关心 女儿。丈夫多次要她去看医生,她都说自己没病,有病的是单位领导。在丈夫逼迫下,赵某勉强前来咨询。','案例介绍:         赵某大学毕业后进入某机关,个人素质较高,工作能力较强',0,0,0,'2015-12-26 14:16:31','2015-12-26 14:16:31'),(43,16,9,'案例37：一般资料:求助者,男性,20 岁,大学二年级学生。','<span><b>案例介绍:</b><br>&nbsp;&nbsp;&nbsp;&nbsp;&nbsp;&nbsp;&nbsp;&nbsp;求助者从小学到高中,一直学习努力,成绩名列前茅,是多年的三好学生和班干部,经常得到父母和老师的表扬。高考时以优异成绩考入某名牌大学,班里同学都是各地来的尖子生,他的成绩只排在中下等水平,心里很失落,暗下决心要把名次提上来。但事与愿违,在第一学期的期末考试中他的名次没升反而下降了,甚至还出现了不及格。为此父母极为严厉地批评了他,他也觉得自己很没用,感到自己很没面子,老师不重视他,同学们也都看不起他。因此情绪低落,内心苦恼、焦虑。他觉得父母不再像以前那样爱他、关心他了。班长是一位女同学,对他学习、生活等很关心。他也愿意和班长讲讲自己的心理话,自己感觉喜欢上了班长,于是鼓足了勇气,表达了爱慕之情,但班长明确告诉他自己有男友,不能接受他的感情。初次恋爱就失败,他感受到了失恋的痛苦。兴趣明显下降,慢慢的不愿与人交往,整日没精打采、闷闷不乐。近半年随着课程难度的加大,他的压力也越来越大,经常头昏、头痛,晚上入睡困难,全身疲惫不堪。记忆力大不如前,上课注意力不集中,学习效率下降。现在学习成绩已排到班里的倒数几名,父母、老师和同这注意到了他的问题,多次帮助他。但他觉得很无助,自己觉得没什么希望,这学期已无法上学。<br>&nbsp;&nbsp;&nbsp;&nbsp;&nbsp;&nbsp;&nbsp; </span><span><b>心理咨询师观察了解到的情况</b>:求助者的父母是大学教授,对他要求严格,非常重视他的学习成绩,希望他能考上名牌大学将来继承他们的事业。求助者初二时,因课间和同学在讲台上打乒乓球被老师严厉批评并一同被罚站,当时觉得很丢人,留下心理阴影。求助者性格内向,从小争强好胜,追求完美,但心理承受能力差。</span>','案例介绍:         求助者从小学到高中,一直学习努力,成绩名列前茅,是多',0,0,0,'2015-12-26 14:17:07','2015-12-26 14:17:07'),(44,16,9,'案例38: 一般资料:求助者,男性,30 岁,军人。 ','<span><b><span>案例介绍:<br></span></b><span>&nbsp; &nbsp; &nbsp; &nbsp; 求助者为军队科研人员,硕士学位。一个月前,因科研问题与领导发生冲突,领导让他 写检查,并说他想法幼稚。求助者认为事情并没有那么严重,自己的主张也没错,不想写检查。以 前也曾经有过类似事情。觉得领导太霸道,自己无法与之相处,又无解决办法。好心的同事都劝他 不要和领导较真。求助者心情烦躁,情绪较为低落,经常失眠、头痛,注意力无法集中,吃饭不香, 无心工作,不想上班。 <br></span></span><b>&nbsp; &nbsp; &nbsp; &nbsp; 心理咨询师观察了解到的情况:</b>求助者出身军人家庭,性格内向,从小懂事,聪明好学,做事追求 完美。毕业时因成绩优秀被部队选中。','案例介绍:         求助者为军队科研人员,硕士学位。一个月前,因科研问题',0,0,0,'2015-12-26 14:17:19','2015-12-26 14:17:19'),(45,16,9,'案例39: 一般资料:求助者,女性,28 岁,本科学历,公司职员。','<span><b>案例介绍:</b><br>&nbsp;&nbsp;&nbsp;&nbsp;&nbsp;&nbsp; 求助者漂亮,人际关系好,工作很勤奋。两个月前因公出差,由于水土不服发生了腹泻。&nbsp;当时症状很严重,一夜未睡。出现了胸闷、呼吸不畅、心跳加速、胃部痉挛等不适症状。从此对自&nbsp;己的身体很担忧,经常会出现上述症状。去过多家大医院检查,未查出明显问题,为此心烦。听不进劝告,人际关系变差。后又出现头晕、没食欲、全身乏力、入睡困难等症状。不能工作。主动前来咨询。<br>&nbsp;</span><span>&nbsp;&nbsp;&nbsp;&nbsp;<b>心理咨询师观察了解到的情况</b>:求助者父母是大学老师,家境较好,从小受宠爱,衣食住行都被照顾得非常好。</span>','案例介绍:        求助者漂亮,人际关系好,工作很勤奋。两个月前因公出差,',0,0,0,'2015-12-26 14:17:59','2015-12-26 14:17:59'),(46,16,9,'案例40: 一般资料:求助者,女性,28 岁,初中毕业,农民。 ','<span><b><span>案例介绍:<br></span></b>&nbsp; &nbsp; &nbsp; &nbsp; 求助者两个月前因地震失去了11岁的独生子。儿子从小就听话,尊敬长辈,学习成绩好。 求助者不能接受失去儿子的现实。地震前一小时,曾想去学校接儿子,但没去。因此感到自责。儿 子的影子经常在脑子里浮现,非常想念儿子并多次梦到儿子后哭醒。求助者现在情绪低落、意志减 退、失眠、头痛、头晕、无食欲、胃部不适、全身乏力,感到很孤独。无心做事情,总是不自觉地 回忆儿子生前的情景。自己前来心理咨询。</span>\r\n\r\n<span>&nbsp;&nbsp; <br><b>&nbsp; &nbsp; &nbsp; &nbsp; &nbsp;心理咨询师观察了解到的情况:</b>求助者表情淡漠,衣衫不整,头发没有整理。婚后一直与丈夫一起务农,家庭和睦。认为有儿子的家庭才是最幸福的。&nbsp;</span>','案例介绍:         求助者两个月前因地震失去了11岁的独生子。儿子从小就',0,0,0,'2015-12-26 14:18:05','2015-12-26 14:18:05'),(47,16,9,'案例41:一般资料:求助者,男性,24 岁,大专毕业,中学教师。 ','<span><b>案例介绍:</b><br>&nbsp;&nbsp;&nbsp;&nbsp;&nbsp;&nbsp; 求助者兴趣广泛,富有爱心。两个月前去四川地震灾区做了一个半月的志愿者,目睹了&nbsp;许多惨烈的场面。求助者现在像变了一个人,情绪低落,不愿与人说话,吃不好,喝不好。与女朋&nbsp;友也矛盾重重,大吵一架后分手。总觉得有一口气出不来,时常有打人的冲动,开始吸烟。一些惨&nbsp;烈的场景时常浮现在脑海里,晚上失眠,有恐惧感。感到人是那么脆弱,在灾难面前无能为力。开&nbsp;始怀疑人生,缺乏安全感,感觉自己无能,为此苦恼。父母和家人劝说无效,前来心理咨询。<br>&nbsp;&nbsp;&nbsp;&nbsp;&nbsp;&nbsp; &nbsp;</span><span><b>心理咨询师观察了解到的情况:</b>求助者以往开朗活泼,家庭经济一般,从小就是一个好强的孩子。&nbsp;工作中人际关系较好。&nbsp;</span>','案例介绍:        求助者兴趣广泛,富有爱心。两个月前去四川地震灾区做了一',0,0,0,'2015-12-26 14:18:56','2015-12-26 14:18:56'),(48,16,9,'案例42: 一般资料:求助者,女性,18 岁,高中学生。','<span><b><span>案例介绍:<br></span></b><span>&nbsp; &nbsp; &nbsp; &nbsp; &nbsp;求助者刚参加了高考。高中成绩都是很拔尖的。求助者觉得,自己为了防备别人抢走第 一名,做了些错事,比如,同学打来电话,问她在干什么,她怕说实话后同学会跟她较劲复习,就 撒谎说在玩电脑。另外,求助者感到自信不足,为此很伤心,常常自责、哭涕,情绪低落,变得懒 散。头痛,无食欲,对事物无兴趣。真的不知道该怎么办。由父母陪同前来咨询。 <br></span></span><b>&nbsp; &nbsp; &nbsp; &nbsp; 心理咨询师观察了解到的情况:</b>求助者办事认真仔细,学习勤奋,家庭条件较好。从小做事追求完美, 个性争强好胜,不达目的誓不罢休。求助者表情淡漠,头发有些凌乱,衣着整齐。','案例介绍:          求助者刚参加了高考。高中成绩都是很拔尖的。求助者觉',0,0,0,'2015-12-26 14:19:09','2015-12-26 14:19:09'),(49,16,9,'案例43:一般资料:求助者,女性,29 岁,中专毕业,护士。 ','<span><b>案例介绍:</b><br>&nbsp;&nbsp;&nbsp;&nbsp;&nbsp;&nbsp; 求助者从事内科护士工作十余年。地震时求助者正要上班,赶到单位后,看到满院子伤&nbsp;员,场景很惨。她在医院坚持工作了十几天,目睹并打听到了很多悲惨的故事,自己的丈夫也在地&nbsp;震中丧生。一个多月来出现头晕头痛,体重下降,食欲减退。失眠症状严重,每晚必须服药。脸色&nbsp;苍白,有焦虑抑郁情绪。意志减退,但尚能维持正常工作生活,在工作中曾出现失误。主动前来咨&nbsp;询。&nbsp;心理咨询师观察了解到的情况:求助者原来性格开朗、乐观,从小追求完美,争强好胜。现在记忆&nbsp;力下降,注意力不集中。父亲有十八年的糖尿病史,儿子六岁,今年将入学,生活压力大。<br>&nbsp;&nbsp;&nbsp;&nbsp;&nbsp;&nbsp;<b>&nbsp;</b></span><span><b>心理咨询师与求助者共同商定的咨询目标是</b>:1、改善焦虑、抑郁情绪;2、坚持正常工作不出错误;3、睡眠时间每晚6小时到每晚8小时。&nbsp;</span>','案例介绍:        求助者从事内科护士工作十余年。地震时求助者正要上班,赶',0,0,0,'2015-12-26 14:19:54','2015-12-26 14:19:54'),(50,16,9,'案例44: 一般资料:求助者,女性,28 岁,公司职员。 ','<b><span>案例介绍:<br></span></b>&nbsp; &nbsp; &nbsp; &nbsp; 求助者是独生女,漂亮高雅。上大学时与同班同学恋爱,毕业后结婚,两人感情好,与 公婆生活在一起。一天听到婆婆告诫丈夫:“千万别怕老婆,得管住她,活儿让她多干点儿。”求助者听了虽然很生气,但为了丈夫还是忍住了。还有一天晚上,求助者和丈夫为一个学术问题争论 起来,气氛还算平和。后来婆婆进来“旁听”两人斗嘴,为顾全面子两人都突然绷紧面孔,提高嗓门。结婚一年多以来这种事情时常发生。近一个月以来,下班不想回家,失眠,食欲下降,胃不舒服,体重降了十多斤,做胃镜未查出问题。求助者不知如何为好,内心很矛盾,也很痛苦,主动前来咨询。','案例介绍:         求助者是独生女,漂亮高雅。上大学时与同班同学恋爱,毕',0,0,0,'2015-12-26 14:20:04','2015-12-26 14:20:04'),(51,16,9,'案例45:一般资料:刘某,女性,31 岁,大专毕业,无业。','<span><b>案例介绍:</b><br>&nbsp;&nbsp;&nbsp;&nbsp;&nbsp;&nbsp; 刘某从半月前开始,不知为什么,在街上听到汽车鸣笛的声音就会掉头往回走。现在从&nbsp;家里出来后,就在街上走来走去,回不了家。为了解决出门后回不了家的问题,被家属送来就诊。&nbsp;</span><span>&nbsp;<br>&nbsp;&nbsp;&nbsp; &nbsp;&nbsp;<b>&nbsp;家属反映情况:</b>刘某大专毕业后曾在一家酒店工作,后因报酬问题辞职,一直未找到合适的工作,至今未婚。22&nbsp;岁时父亲因病去世,觉得精神无寄托,开始信奉基督教并认了教父、教母。</span>','案例介绍:        刘某从半月前开始,不知为什么,在街上听到汽车鸣笛的声音',0,0,0,'2015-12-26 14:20:50','2015-12-26 14:20:50'),(52,16,9,'案例46：一般资料:求助者,男性,17岁,高中三年级学生。','<span><b><span>求助者自述:<br></span></b>&nbsp; &nbsp; &nbsp; &nbsp; 我考高中时按照父母的意愿进了一所外语学校,但我当时想去美术学校.这两年\r\n来我对学习不是很刻苦,因为这不是我的选择,有时英语考试我也不好好答,我就在考卷上写\"天才知道答案\".我的行为让老师和家长很生气.父母也给我请过家教,家教老师说我很聪明.现在\r\n上高三了,父母就在开学前半个月把我的游戏机、电脑都没收了,让我必须考上大学,这次可以选 择自己喜欢的学校。我听了这话很生气,这两年我把绘画都扔了还怎么考?绘画是要有灵感的,我 觉得这两年的生活把我的灵感都弄没了。我现在担心考不上怎么办。我很后悔,自己当初一步走错, 现在步步走错,觉得特别难受,心烦。我生他们的气,更生自己的气,情绪不高,苦恼。没兴趣学习,也打不起精神,没什么胃口,晚上睡不着,老是想这些事情,有时折腾到夜里三四点才睡,经 常头昏脑胀,注意力总集中不起来,特别爱对人发脾气。父母跟我交流时我也不爱理他们,也不愿 意出门见人,除上学外就把自己关在房间里。我希望您能帮助我。 </span>\r\n\r\n<span><span>&nbsp; &nbsp;<br></span><b>&nbsp; &nbsp; &nbsp; &nbsp; 心理咨询师观察了解到的情况:</b>求助者是独生子,身材高大,性格较内向、柔弱,从小喜欢绘画,曾经在比赛中取得过名次。父母都是知识分子,家中经济条件好,先感觉学习负担太重,自己无法承受,白天无精打采,晚上睡不着,体重下降了10多斤。</span>','求助者自述:         我考高中时按照父母的意愿进了一所外语学校,但我当时',0,0,0,'2015-12-26 14:20:56','2015-12-26 14:20:56'),(53,16,9,'案例47:一般资料:求助者,男性,62 岁,退休工人。','<span><b>案例介绍:</b><br>&nbsp;&nbsp;&nbsp;&nbsp;&nbsp;&nbsp; 求助者文化水平不高,信鬼神,身体不适就请算命先生看。前些时候,因相信算命先生的话险些耽误了&nbsp;母亲的心脏病,终于醒悟迷信害人害己,发誓不再找算命先生。可近两个月来入睡困难,有时甚至整夜睡不着觉,&nbsp;很烦躁,易发脾气。经常为小事跟家人发生争执,觉得家人不理解他。后来去医院看过中医,吃了几副中药不见好转,于是又想去算命先生那里试试。自己也觉得那种想法是错误的,但总忍不住。十分矛盾、自责,不敢对家人讲。&nbsp;十分痛苦前来咨询。<br>&nbsp;  </span><span>&nbsp;&nbsp;&nbsp;&nbsp;<b>心理咨询师观察了解到的情况</b>:求助者小学文化程度,受暗示性强,性格内向、胆小。</span>','案例介绍:        求助者文化水平不高,信鬼神,身体不适就请算命先生看。前',0,0,0,'2015-12-26 14:21:56','2015-12-26 14:21:56'),(54,16,9,'案例48: 一般资料:求助者,女性,30 岁,公司职员。','<span><b><span>案例介绍:<br></span></b>&nbsp; &nbsp; &nbsp; &nbsp; 求助者长相漂亮,人际关系好,能力强,工作勤奋,深得上司及客户的好评。一年前,休产假生孩子。 产后仍然注重自己的外貌,开始减肥,但无论是少吃,还是加大运动量,都无法达到自己要求的体重,为此心烦。恰逢公司进行部门调整,求助者被调到自己不愿意去的部门。半年来求助者的心里很不是滋味,找朋友聊天、看电影等无济于事,看什么都不顺眼,经常发脾气,甚至乱扔家里的东西。虽然目前的工作和生活没什么可担心的,衣食无忧,但就是心里有种说不出来的烦恼。觉得自己没用,对体重很担忧,对丈夫、朋友的劝告也听不进去,以前 经常召集同事、同学聚会,现在却常找理由回避聚会,工作效率也降低了。最近出现胸闷、头晕、没食欲、全身乏力,入睡困难等症状。认为丈夫不理解她,有时和丈夫吵架,对母亲发脾气。因头晕、没食欲、全身乏力及入睡困难等主动前来咨询。</span>\r\n\r\n<br><b>&nbsp; &nbsp; &nbsp; &nbsp; 心理咨询师观察了解到的情况:</b>父母是大学老师,家境较好,人长得漂亮,体型也好,怀孕生产后体态较胖。','案例介绍:         求助者长相漂亮,人际关系好,能力强,工作勤奋,深得上',0,0,0,'2015-12-26 14:22:00','2015-12-26 14:22:00'),(55,16,9,'案例49: 一般资料:求助者,女性,29 岁,公司职员,已婚,有一子。','<span><b>案例介绍：</b><br>&nbsp;&nbsp;&nbsp;&nbsp;&nbsp; 求助者出生在农村，曾因家庭负担过重被送亲戚家抚养。一直觉得自己是没人要的孩子,很自卑。求助者学习成绩优异,考上省城的大学。上学后人生地不熟,经常到学校附近的网吧,并认识了现在的丈夫,两人经常&nbsp;一起聊天,产生了依恋感。毕业后求助者又与他偶遇,觉得很有缘分,便很快结婚。丈夫比她大十三岁,因无固定&nbsp;工作,婚后生活比较拮据。后来为生活琐事经常发生争执。丈夫脾气暴躁难以沟通,还经常打骂她。甚至怀疑她与别人有暧昧关系,认为儿子也不是自己的。常常半夜两三点才回来,还经常发火。总认为求助者看不起他,并限制&nbsp;她的活动。求助者除了去公司就是回家,每晚丈夫半夜回来还要吵闹,最近三周睡眠质量差,白天还要继续工作。这使她极度痛苦,经常胃疼。已经无心共同生活下去,但又觉得孩子还小,担心孩子今后的成长。为此,度日如年,&nbsp;有时甚至觉得还不如死了。不知该怎么办前来求助。<br>&nbsp;&nbsp;&nbsp; &nbsp;</span><span>&nbsp;&nbsp;<b>&nbsp;&nbsp;心理咨询师观察了解到的情况:</b>求助者性格柔弱,内心焦虑,情绪低落。谈话发现其思想单纯,心理活动与实际年龄不符。&nbsp;</span>','案例介绍：       求助者出生在农村，曾因家庭负担过重被送亲戚家抚养。一直觉',0,0,0,'2015-12-26 14:22:50','2015-12-26 14:22:50'),(56,16,9,'案例50: 一般资料:求助者,男性,34 岁,外企高级职员。 ','<span><b><span>案例介绍:<br></span></b>&nbsp; &nbsp; &nbsp; &nbsp; 求助者办公室位于写字楼二十二层。去年5月12日他正在电脑前处理文件,突然觉得屏幕有些晃动,后 来桌子椅子都剧烈摆动。此时,有人大喊:“地震了!”。求助者不顾一切地随着慌乱的人群往楼下跑,很长时间 才跑出大楼。随后觉得心慌、双脚发软,不知道自己是怎么跑下来的,后怕不己。后来听到四川地震的消息,更是 心有余悸。虽然知道余震不会比主震强烈,但求助者上班后,一坐到电脑桌边就觉得心慌,烦躁不安,总觉得会发生危险,会被困在这个大楼里,担心自己无时间逃生,越想越难受,必须马上找人说话心理才踏实。上班只能勉强\r\n处理一些联络协调等事务性工作,以至需要处理的文件越压越多。开始还能找别人帮忙,时间长了也不好总麻烦别人。非常苦恼,非常着急,因而前来求助。 </span>\r\n\r\n<b>&nbsp;&nbsp;&nbsp; <br>&nbsp; &nbsp; &nbsp; &nbsp; 心理咨询师观察了解到的情况:</b>求助者敏感胆小。四年前曾晕到过一次,事后并未查明原因,为此担心害怕,觉得\r\n自己有一天会突然死去,近期经常借故不到办公室。','案例介绍:         求助者办公室位于写字楼二十二层。去年5月12日他正在',0,0,0,'2015-12-26 14:22:51','2015-12-26 14:22:51'),(57,16,9,'案例51：一般资料:求助者,男性,29 岁,硕士学位,外科主治医师。','<span><b>案例介绍:</b><br>&nbsp;&nbsp;&nbsp;&nbsp;&nbsp;&nbsp; 求助者曾到四川地震灾区做了一个半月的救援工作,期间为一些灾民做了手术,并目睹了许多惨烈的场&nbsp;面。当时忙于救援工作每天只睡&nbsp;2~3&nbsp;小时,生活也很艰难。求助者回来后情绪低落,不愿与人说话,吃不好,喝不好。以前特喜欢和4岁的儿子玩,从灾区回来后也不爱理儿子了。时常发脾气,甚至有时摔东西,总觉得有心烦,开始抽烟。一些惨烈的画面时常浮现在脑海中。晚上失眠,有恐惧感。并不愿意去上班,怕去手术室。感到人是那么脆弱、在灾难面前无能为力。开始怀疑自己的职业,缺乏安全感,感觉自己无能,为此苦恼。父母和家人劝说无效,前来心理咨询。<br>&nbsp; &nbsp;</span><span>&nbsp;&nbsp;<b>&nbsp;心理咨询师观察了解到的情况:</b>求助者曾开朗活波,兴趣广,有爱心,从小就是一个好强的人。家庭经济状况较好。&nbsp;工作中人际关系较好。求助者面带倦容,头发较凌乱,衣着较脏。&nbsp;</span>','案例介绍:        求助者曾到四川地震灾区做了一个半月的救援工作,期间为一',0,0,0,'2015-12-26 14:23:44','2015-12-26 14:23:44'),(58,16,9,'案例52: 一般资料:周某,女性,15 岁,初中三年纪学生。 ','<span><b><span>案例介绍:<br></span></b>&nbsp; &nbsp; &nbsp; &nbsp; 周某是独生女。近半年来,总对家长说学校里的同学们在背后议论她,说她不好好学习,一门心思与男 生谈恋爱,觉得大家的目光都盯着自己,让她很不自在,非常生气,觉得同学们故意跟自己过不去。有时在家里都\r\n能听到别人的议论,内心很苦恼,逐渐不愿意去学校了。妈妈非常着急,强行带她来寻求帮助。 </span>\r\n\r\n<span><b>&nbsp;&nbsp;&nbsp; <br></b><b>&nbsp; &nbsp; &nbsp; &nbsp; 家长反映:</b>女儿好强,不肯轻易认输,做事情就要做好,比较固执。两岁多就会背很多唐诗,上学后成绩也很好, 经常受到老师表扬。学习努力,初二时因搬家而转学。由于两个学校教学进度不一样,落下了很多课程,自己很努 力,但成绩还是不理想。近半年来,变得少言寡语,生活懒散,有时甚至不洗脸、不梳头,也不愿出门。有时在家 自言自语,时而兴奋时而沉没。 </span>\r\n\r\n<span><b>&nbsp;&nbsp;&nbsp; <br></b><b>&nbsp; &nbsp; &nbsp; &nbsp; 心理咨询师观察了解到的情况:</b>周某不能很好地与咨询师交流,每个问题要问多遍才回答。\r\n</span>\r\n\r\n&nbsp;','案例介绍:         周某是独生女。近半年来,总对家长说学校里的同学们在背',0,0,0,'2015-12-26 14:23:50','2015-12-26 14:23:50'),(59,16,9,'案例53: 一般资料:求助者,女性,35 岁,工人。','<span><b>案例介绍:</b><br>&nbsp;&nbsp;&nbsp;&nbsp;&nbsp;&nbsp; 求助者的姑姑没有儿女,去年患脑瘤,从发病到去世只有半年。求助者跟她感情很好,除了上班平时都&nbsp;在床前照料。姑姑去世后,求助者很悲伤,情绪低落,没精打采,半年前,突然开始头晕头痛。她很害怕,怀疑自己也得了脑瘤,马上到医院去检查。医生检查后说没什么问题,只是让她多注意休息。而她觉得头真的很痛,怎么会没有问题,肯定是有脑瘤,只是医生没发现。于是跑遍了所有大医院,做了各项检查都没有发现有明显异常。求助者更害怕了,她怕自己像姑姑一样,到晚期才发现,只有痛苦地等死。她到处求医问药,已不能上班,医生建议&nbsp;她来看心理门诊,所以前来求助。<br>&nbsp; </span><span>&nbsp;&nbsp;&nbsp;&nbsp;<b>心理咨询师观察了解到的情况:</b>求助者个性敏感内向,受暗示性强,说话语速很快,焦虑情绪较重。&nbsp;</span>','案例介绍:        求助者的姑姑没有儿女,去年患脑瘤,从发病到去世只有半年',0,0,0,'2015-12-26 14:24:07','2015-12-26 14:24:07'),(60,16,9,'案例54: 一般资料:求助者,男性,13 岁,小学六年级学生。 ','<span><b><span>案例介绍:<br></span></b><span>&nbsp; &nbsp; &nbsp; &nbsp; 求助者在四川汶川大地震时,亲眼看见许多同学被埋在废墟里,有些同学在地震中丧生,自己也被屋顶的横梁砸中了左腿,后被送到外地医院做了截肢手术。术后恢复尚可,安装假肢后能拄着拐杖行走。术后三个月, 求助者情绪非常低落,很悲伤,害怕回到学校上课,认为学校是个很危险的地方,很不安全。自卑,觉得自己缺了腿不如别人,认为将来没有什么出息了。每天闷闷地坐着,不愿看书,也不愿意看电视,也不与他人交往,不愿意 和别人说话,睡眠、饮食差。在父母的要求下前来咨询。 <br></span></span><b>&nbsp; &nbsp; &nbsp; &nbsp; 心理咨询师观察了解到的情况:</b>求助者原本活泼,聪明好学,地震时受到惊吓,明显与以前不同。','案例介绍:         求助者在四川汶川大地震时,亲眼看见许多同学被埋在废墟',0,0,0,'2015-12-26 14:26:26','2015-12-26 14:26:26'),(61,16,9,'案例55：一般资料:求助者,女性,35 岁,博士,医生。','<span><b>案例介绍:</b><br>&nbsp;&nbsp;&nbsp;&nbsp;&nbsp;&nbsp; 求助者因母亲体弱多病,立志长大后要当一名出色的医生。在学校期间,学习刻苦努力,以优异的成绩&nbsp;获得博士学位,毕业后应邀到一家大医院工作,医院领导曾许诺将来一定重用她。她在工作中勤奋好学,并取得了&nbsp;一些科研成果,发表了多篇很有影响的论文,得到了周围同事的认可。求助者认为周围同事,包括自己的科室主任&nbsp;水平较低,无法与自己相比,因此瞧不起其他同事,平时也不愿与他们多交流。半年前,她所在的科室的老主任退&nbsp;休,她满以为科室主任的位置非她莫属,但令她感到非常意外的是,科里另一位资历较浅的同志当上了主任,这件&nbsp;事对她打击很大。她觉得那人一定是找了关系,走了后门才当上主任的。她觉得医院领导不重视自己,觉得自己在&nbsp;这里没有希望了,非常沮丧。三个多月来,求助者经常晚上睡不着觉,茶饭不香,体重明显下降,不愿出门,无心工作,也不主动和朋友们来往了。注意力不集中,工作效率明显下降。遂前来心理门诊求助。<br>&nbsp; &nbsp;</span><span>&nbsp;&nbsp;&nbsp;&nbsp;<b>心理咨询师观察了解到的情况:</b>求助者争强好胜,追求完美,从上学到参加工作以来一直一帆风顺,没有受到过什么挫折。求助者为了事业至今未婚,为职务问题苦恼。</span>','案例介绍:        求助者因母亲体弱多病,立志长大后要当一名出色的医生。在',0,0,0,'2015-12-26 14:26:28','2015-12-26 14:26:28'),(62,16,9,'案例56: 一般资料;求助者,男性,16 岁,高一学生。','<span><b><span>案例介绍:<br></span></b>&nbsp; &nbsp; &nbsp; &nbsp; 求助者家在偏远山区,排行老大.有两妹一弟。从小懂事,知道父母种地辛苦,养成了勤俭节约的好品质。成绩一直在班上名列前茅。初一开始当班干部,深得老师喜欢。中考时以全 县第一名的成绩考入市重点中学。为学英语,父母省吃俭用给他买了一台八十多元的小型录音机作\r\n为奖励。求助者非常爱惜,总担心会将录音机丢了。但却不幸有一天真的不慎弄丢了。当时非常着急,到处寻找也没结果。也没敢告诉父母。他不甘心,幻想着有一天能找到,常常有意识地到处找. 无论走到哪都不忘。几个月过去了,知道已经找不到了,但还是控制不住自己的行为,反复寻找。 为此耽误了时间,同学们也不理解。受此影响,求助者心情烦躁,情绪较为低落.经常失眠。吃饭不香.成绩也有所下降。 </span>\r\n\r\n&nbsp;&nbsp;&nbsp; <br><b>&nbsp; &nbsp; &nbsp; &nbsp; 心理咨询师观察了解到的情况;</b>求助者家境贫寒,家庭负担重,还有爷爷奶奶需要照料。求助者性格内向,从小懂事,聪明好学,吃苦耐劳.是全村公认的好孩子。','案例介绍:         求助者家在偏远山区,排行老大.有两妹一弟。从小懂事,',0,0,0,'2015-12-26 14:27:01','2015-12-26 14:27:01'),(63,16,9,'案例57:一般资料:求助者,男性,27 岁.北方某大学在读硕士研究生。','<span><b>案例介绍;</b><br>&nbsp;&nbsp;&nbsp;&nbsp;&nbsp; 求助者将要硕士毕业,为继续考博士还是找工作而犹豫。现在高学历人才越来越多,&nbsp;硕士毕业不一定能找到一份如意的工作.所以想继续攻读博士学位。但如果再读三年博士.拿到学位就三十多岁了,于是也想毕业后先去工作、结婚。另外,女友毕业后回了南方的家乡.多次提出&nbsp;让他毕业后也到那里去.他很不适应南方的生活.为到底在哪里找工作发愁。相恋四年的女友向他&nbsp;提出最后通牒,如果他硕士毕业不去她的家乡工作就分手。一个多月来,难以入睡,觉得头晕头昏,&nbsp;食欲下降,人变得消瘦,内心非常焦虑,学习的效率也有所下降。<br>&nbsp;&nbsp;&nbsp;&nbsp; &nbsp;</span><span><b>心理咨询师观察了解到的情况</b>:求助者敏感内向.追求完美,学习努力,人际交往良好。</span>','案例介绍;       求助者将要硕士毕业,为继续考博士还是找工作而犹豫。现在高',0,0,0,'2015-12-26 14:27:29','2015-12-26 14:27:29'),(64,16,9,'案例58: 一般资料:求助者,男性,14 岁,初中二年级学生。','<span><b><span>案例介绍:<br></span></b>&nbsp; &nbsp; &nbsp; &nbsp; 求助者是妈妈强迫来咨询的。经过与心理咨询师交流,开始敞开心扉,自诉最大的问题 是与父亲的关系。父亲经常打他,几乎每天一次,后来每次打时求助者几乎都没有反应了。很憎恨 父亲的做法,但又没有办法。求助者很怕与人交往,总怕会挨打。一次受同学欺负,求助者因怕处 分没敢和那个同学动手。后来经常受同学的欺负,老师也管不了,有时还偏向那些打他的学生。恨 自己太软弱。家庭和学校不良的环境对其学习产生了影响。上课听不懂,也不愿找同学帮助。不想 上学,已一个多月没上学了。 </span>\r\n\r\n<span><span>&nbsp;&nbsp;&nbsp;<br>&nbsp; &nbsp; &nbsp; &nbsp; &nbsp;</span><b>母亲反映:</b>儿子在外不爱说话,与人交往有困难,学习成绩下降明显。担心出了问题,因此带其来就诊。</span>\r\n\r\n&nbsp;&nbsp;&nbsp; <br><b>&nbsp; &nbsp; &nbsp; &nbsp; &nbsp;心理咨询师观察了解到的情况:</b>求助者性格内向.从小胆小,说话声音很小,眼睛不敢看人, 缺乏自信,但语言及逻辑思维正常。','案例介绍:         求助者是妈妈强迫来咨询的。经过与心理咨询师交流,开始',0,0,0,'2015-12-26 14:27:46','2015-12-26 14:27:46'),(65,16,9,'案例59:一般资料:求助者.男性,49 岁,工人。','<span><b>案例介绍:</b><br>&nbsp;&nbsp;&nbsp;&nbsp;&nbsp;&nbsp; 求助者去年体检发现肺部阴影,经检查确诊为肺癌早期。经过半年多的治疗,病情&nbsp;基本稳定,各项指标也逐步恢复正常。但住院期间看到许多癌症转移复发的病友,很担忧自己的情况,于是密切观察自己的身体变化,身上长出任何东西都很害怕,时常摸到自己腋下有小疙瘩,觉得肯定是癌细胞转移病灶。去医院看.可医生说没事。他觉得是医生不重视他的病情,患者癌细胞还没有成形,于是又去其他医院检查,也没有发现任何问题。他还是不踏实,又到国内有名的大医院检查,还是没查出来明显异常。但仍不放心,每日生活在疑虑和恐慌之中,觉得自己没有多少日子了,悲观失望,情绪低落,主动来寻求帮助。<br>&nbsp;&nbsp;&nbsp;&nbsp;&nbsp;&nbsp;&nbsp; </span><span><b>心理咨询师观察了解到的情况</b>:求助者从小敏感内向、胆小,听话,谨小慎微。长大后也安分守己.生活中无重大打击和挫折。 </span>','案例介绍:        求助者去年体检发现肺部阴影,经检查确诊为肺癌早期。经过',0,0,0,'2015-12-26 14:28:25','2015-12-26 14:28:25'),(66,16,9,'案例60: 一般资料:求助者,女性,18 岁,高三学生。 ','<span><b><span>案例介绍:<br></span></b>&nbsp; &nbsp; &nbsp; &nbsp; 求助者是重点中学学生,学习成绩优秀,以考上北大清华为目标,学习非常刻苦。 感觉高考压力非常大,从高三下学期开始.规定自己每天只睡五个小时,一个多月来开始变得憔悴, 脸色苍白,头晕,注意力不集中,记忆力下降,学习成绩也受到影响。求助者为此非常着急.经常 睡不着。老师、家长建议调整心志、改善睡眠,求助者试图改变,但无明显效果。经老师建议.主动前来咨询。 </span>\r\n\r\n<span><span>&nbsp;&nbsp;\r\n&nbsp;<br></span><b>&nbsp; &nbsp; &nbsp; &nbsp; 心理咨询师观察了解到的情况;</b>求助者从小做事追求完美,争强好胜,不达目的不罢休,靠自己的努力考上重点高中,前两年学习成绩一直排在年级前十名以内。</span>\r\n\r\n<b>&nbsp; &nbsp; &nbsp;&nbsp;<br>&nbsp; &nbsp; &nbsp; &nbsp; 心理咨询师与求助者共同商定的咨询目标是:</b>l、改善焦虑情绪,争取SAS测验标准分减至30分,2、从不能正常学习到能够正常学习。3、睡眠时间从目前晚5小时增加到每晚7小时。','案例介绍:         求助者是重点中学学生,学习成绩优秀,以考上北大清华为',0,0,0,'2015-12-26 14:28:30','2015-12-26 14:28:30'),(67,16,9,'案例61:一般资料:求助者,男性,28 岁,公司副总经理。因恋爱问题苦恼,主动前来咨询。','<span><b>案例介绍:</b><br>&nbsp;&nbsp;&nbsp;&nbsp;&nbsp;&nbsp; 求助者是家中的独子,年轻有为,气质高雅。大学时曾与同班同学恋爱,原准备毕&nbsp;业后结婚,后因分居两地,各自难以放弃自己的事业而分手。求助者为此痛苦了好几年。一年前结识现在的女友.已准备结婚.买了房也装修完了,一个多月前,前女友找到求助者,表示几年来历经磨难,现在知道了初恋的感情是最无价的,提出愿搬来本市.尽快与求助者结婚。求助者不知如何是好,内心很矛盾,也很痛苦,主动前来咨询。</span>','案例介绍:        求助者是家中的独子,年轻有为,气质高雅。大学时曾与同班',0,0,0,'2015-12-26 14:29:06','2015-12-26 14:29:06'),(68,16,9,'案例62: 一般资料:求助者,男性,17 岁,高三学生。','<b><span>案例介绍:<br></span></b>&nbsp; &nbsp; &nbsp; &nbsp; 求助者自诉高一时在军训回来的车上,某同学送给他一盒饼干,他只拿了其中的一块, 便把饼干盒还回。当时有人说他,“你傻啊”。尽管一周后,那为说他傻的同学又表示喜欢与求助者来往。但求助者从此跟人一说话就紧张,并有些口吃,变得害怕与人交往。求助者也真的觉得自己 挺傻,认为别人也一定能看出来。因而高三后便不再上学。求助者认为不上学也没关系,但妈妈对\r\n他不上学很着急,带他来看心理门诊。 心理咨询师观察了解到的情况:求助者说话声音很弱,不敢看人,但语言及逻辑思维尚可。邻居对他的评价:是个老实的孩子;同学对他的评价:比较幼稚,不成熟。','案例介绍:         求助者自诉高一时在军训回来的车上,某同学送给他一盒饼',0,0,0,'2015-12-26 14:29:16','2015-12-26 14:29:16'),(69,16,9,'案例63：一般资料:求助者,男性,19 岁,大学一年级学生。','<span><b>求助者主述:</b><br>&nbsp;&nbsp;&nbsp;&nbsp;&nbsp;&nbsp;&nbsp; 近两个月来,严重失眠,影响学习.很苦恼。&nbsp;求助者自诉:小时候得过鼻炎.总是流鼻涕,觉得别人都很讨厌我。后来因肠胃炎多次住院,因此认为自己是最倒霉的,从小父亲对我要求很严,总拿我和邻居家小朋友比,看到他们考好了就说我笨,没出息,永远也赶不上人家。还经常打我,说我和妈妈都是他的累赘,我觉得很受刺激。我一直很努力,但高考前因胃肠炎住院,最后只上了一个收费的民办学院。上大学后我的成绩排在前几名,但人缘不好,总受到同学们的孤立,没什么朋友。有一次与一个同学在饭堂发生摩擦,气急之下我打了他几拳.把他的鼻子打破了。后来大家都说我欺&nbsp;负同学,都不理我,我只好走读.每天回家。一个月后我发现宿舍的东西都没了,听说是被扔掉了,我就报了警,一时间在学校内引起轩然大波,几乎没有人跟我说话了。我觉得我对&nbsp;每一个人都很好,但他们却都对不起我,甚至反过来跟我作对,我真是想不通。最近两个月,&nbsp;我总是失眠,有时整晚都睡不着觉,白天没精神.不想与别人说话,上课也听不进去.学习效率下降,有时真不想去学校了,但又觉得不上学会没出息,人家会更瞧不起.所以心里很矛盾,很苦恼,情绪不高。&nbsp;</span><span>&nbsp;&nbsp;<br>&nbsp;&nbsp;&nbsp;&nbsp; &nbsp;&nbsp;<b>心理咨询师观察了解到的情况</b>:求助者个性偏执、敏感多疑、追求完美、患得患失,情绪不稳定。 </span>&nbsp;','求助者主述:         近两个月来,严重失眠,影响学习.很苦恼。 求助者自',0,0,0,'2015-12-26 14:29:53','2015-12-26 14:29:53'),(70,16,9,'案例64: 一般资料:求助者,女性,47 岁,本科学历,外资企业高级职员。 ','<span><b><span>案例介绍:<br></span></b>&nbsp; &nbsp; &nbsp; &nbsp; 求助者三个月前,偶然得知十七岁的女儿谈恋爱了,男友是外来打工者。老师反映,其女儿经常无故缺课,成绩逐步下降。求助者曾经严厉批评女儿,并去找女儿的男友,让他与女儿断绝来往。常为琐事和女儿吵架,沟通困难。求助者近期经常失眠。吃不下, 睡不着,爱忘事。为女儿的事影响了工作,不想去上班,甚至想辞职,专门管女儿。在朋友的劝说下来咨询。 </span>\r\n\r\n&nbsp;&nbsp;&nbsp; <br><b>&nbsp; &nbsp; &nbsp; &nbsp; 心理咨询师观察了解到的情况:</b>求助者好强,办事干练。同事反映,最近她的工作效率明显降低,经常一个人发呆,注意力不集中,记忆力减退,经常对下属发脾气,经常缺席公司的例会。','案例介绍:         求助者三个月前,偶然得知十七岁的女儿谈恋爱了,男友是',0,0,0,'2015-12-26 14:29:57','2015-12-26 14:29:57'),(71,16,9,'案例65:一般资料:求助者,男性,18 岁,某部新兵。 ','<span><b>案例介绍:</b><br>&nbsp;&nbsp;&nbsp;&nbsp;&nbsp;&nbsp; 求助者从外地入伍,开始了部队生活。每日的训练很紧张,很辛苦,有些手忙脚乱,感到疲惫。求助者不适应部队驻地的饮食习惯,常常听不懂战友们的方言,也不知道该和战友们讲些什么。在部队很难听到自己家乡的口音,感觉自己是个外乡人,内心很孤独,非常想家。电话也不能随便打,新兵连规定每人每周只可与家里通一次话。为此心情沉重,有时因想家睡不着,甚至有几次梦到父母后哭醒了。训练时经常走神,做事效率不高,&nbsp;无心参加连里的集体活动,就盼着早点回家。入伍一个多月来心情不好,内心苦闷,积极性不高,经指导员做工作后没有明显好转,自己来心理咨询。<br>&nbsp; &nbsp;</span><span>&nbsp;&nbsp;&nbsp;&nbsp;<b>心理咨询师观察了解到的情况:</b>求助者是独生子,自幼没有单独离开过家,生活上娇&nbsp;生惯养,入伍前生活上的琐事基本都由父母料理,自己连衣服鞋袜都不用洗,认为只有家里才是最幸福的。&nbsp;</span>','案例介绍:        求助者从外地入伍,开始了部队生活。每日的训练很紧张,很',0,0,0,'2015-12-26 14:31:05','2015-12-26 14:31:05'),(72,16,9,'案例66: 一般资料:求助者,女性,67 岁,农民。 ','<b><span>案例介绍:<br></span></b>&nbsp; &nbsp; &nbsp; &nbsp; 求助者当过会计,十年前遇车祸,腿部受轻伤,当时意识清楚,检查无明显创伤。从此变得谨小慎微。半年后,因为害怕出错,不再从事会计工作。从过去比较张扬、活跃,变为沉默寡言、不愿出门。八个月前,孙子要来家住,需要整理房间,自己又无能为力,着急上火。后来女儿、女婿回来解决了问题。但从那以后觉得自己什么都不行了,儿子都在外地指望不上。她想重修旧屋,但儿子们与她意见不一致。为此郁闷,食欲下降,入睡困难兴趣下降。感到生活无意义,但无发自杀倾向。有时胃部不适,在当地医院诊断为慢性 哺乳动胃炎,经治疗稍有好转。便情绪始终无法改善,寻求心理帮助。','案例介绍:         求助者当过会计,十年前遇车祸,腿部受轻伤,当时意识清',0,0,0,'2015-12-26 14:31:37','2015-12-26 14:31:37'),(73,16,9,'案例67:一般资料:求助者,男性,28 岁,职员。','<span><b>案例介绍:</b><br>&nbsp;&nbsp;&nbsp;&nbsp;&nbsp;&nbsp; 求助者家庭条件优越,从小父母宠爱有加,学习成绩优秀,一直都很顺利。半年前留学回国工作,明显不适应国内的环境。工作条件与设想的落差很大,生活上也处处&nbsp;不尽如意,感到很失落,压力也很大。觉得单位人际关系复杂,与同事之间交往很少,不愿参加单位活动。整日闷闷不乐、没精打采。为工作上的事经常对家人发脾气。与女朋友为小&nbsp;事发生争执,后来发展到几乎天天吵架,女友不堪忍受便向提出分手。而后他更加消沉,晚&nbsp;上失眠,白天头晕头痛,饮酒明显增加,每晚都在酒吧泡到半夜。他觉得自己一事无成,所&nbsp;有的梦想都成了泡影,这辈子完了。家人不忍心看他就此沉沦,送他来求助。<br>&nbsp;&nbsp;&nbsp;&nbsp;&nbsp;&nbsp; <b>&nbsp;</b></span><span><b>心理咨询师观察了解到的情况:</b>求助者父母均为大学教授,很忙,与求助者交流很少。&nbsp;求助者是独生子,内向,不善言谈。&nbsp;</span>','案例介绍:        求助者家庭条件优越,从小父母宠爱有加,学习成绩优秀,一',0,0,0,'2015-12-26 14:32:32','2015-12-26 14:32:32'),(74,16,9,'案例68: 一般资料:求助者,女性,39 岁,公司主管。','<span><b><span>案例介绍:<br></span></b>&nbsp; &nbsp; &nbsp; &nbsp; 求助者半年前在某小区购得一处二手房,她对房子的地段、质量、价位等都 很满意。装修后搬进去不久,偶然听说原房主的妻子因抑郁症在这房子里自杀了,所以房主 才以低价卖房。求助者很气愤,多次找到原房主,要求退房,但因早已办理完房屋买卖手续,\r\n原房主坚称与自己没有关系了。求助者把原房主告上了法庭,但法院判决该房屋的买卖合法。 求助者非常气愤,但也没有办法,只好卖房。但别人一听说这房子里死过人,就都不买了。 求助者知道死人的事后,就从房子搬出来了。看着自己装修好的房子不能住,卖又卖不掉, 非常烦,吃不下,睡不着,无心思干其他事,总觉得胸口堵得慌。求助者就像变了一个人, 郁郁寡欢,不爱出门,不愿与他人来往,明显消瘦。工作也受到了影响,还被总经理批评了 几次。 </span>\r\n\r\n<b>&nbsp;&nbsp;&nbsp;<br>&nbsp; &nbsp; &nbsp; &nbsp; 心理咨询师观察了解到的情况:</b>求助者办事认真仔细,夫妻关系及人际关系良好,工 作勤奋,家庭条件较好。问题发生后,丈夫、朋友都劝他,但没什么效果。','案例介绍:         求助者半年前在某小区购得一处二手房,她对房子的地段、',0,0,0,'2015-12-26 14:34:00','2015-12-26 14:34:00'),(75,16,9,'案例69:一般资料:求助者,男性,13 岁,初一学生。 ','<span><b>案例介绍:</b><br>&nbsp;&nbsp;&nbsp;&nbsp;&nbsp;&nbsp; 求助者从小生活在农村奶奶家,九岁被父母接到城里上学。由于讲方言,经&nbsp;常被同学们笑话,求助者觉得自己是从乡下来的,很自卑。一直努力学习,并考上一所重点&nbsp;中学。上初中后仍非常害羞,一说话就脸红,不敢注视对方的眼睛,平时几乎不与别人来往,&nbsp;不愿参加集体活动。父母觉得男孩子不应该这样,求助者自己也希望能象其他同学那样有良&nbsp;好的人际关系,所以来心理咨询。<br>&nbsp;&nbsp;&nbsp;&nbsp;&nbsp;<b> &nbsp;</b></span><span><b>下面是心理咨询师与求助者的一段咨询谈话</b>:<br>&nbsp;&nbsp;&nbsp;&nbsp;&nbsp;&nbsp;&nbsp;&nbsp; </span><span>求助者:我一跟别人说话就紧张,您说怎么办?<br>&nbsp;&nbsp;&nbsp;&nbsp;&nbsp;&nbsp;&nbsp;&nbsp;&nbsp;</span><span>心理咨询师:能说说你能紧张什么吗?或者说担心害怕什么?<br>&nbsp;&nbsp;&nbsp;&nbsp;&nbsp;&nbsp;&nbsp;&nbsp;&nbsp;</span><span>求助者:(沉默).........,我觉得是害怕别人说我笨。<br>&nbsp;&nbsp;&nbsp;&nbsp;&nbsp;&nbsp;&nbsp; &nbsp;</span><span>心理咨询师:那你觉得自己笨吗?&nbsp;<br>&nbsp;&nbsp;&nbsp;&nbsp;&nbsp;&nbsp;&nbsp;&nbsp; </span><span>求助者:我从小生活在农村,很多方面都不如别人,比如,很多同学都会用笔记本电脑&nbsp;上网,可我以前都没上过网,同学们都笑话我。我总觉得自己比别人笨,不愿意与别人交往。<br>&nbsp;&nbsp;&nbsp;&nbsp;&nbsp;&nbsp;&nbsp; &nbsp;</span><span>心理咨询师:你说你在许多方面都不如别人,可怎么解释你考上重点中学的事?&nbsp;<br>&nbsp;&nbsp;&nbsp;&nbsp;&nbsp;&nbsp;&nbsp;&nbsp; </span><span>求助者:那说明我还不笨?对吗?<br>&nbsp;&nbsp;&nbsp;&nbsp;&nbsp;&nbsp;&nbsp;&nbsp; </span><span>心理咨询师:是啊,很多人都没考上重点中学,而你考上了,这说明你不比别人笨。而且通&nbsp;过自己的努力还成为了佼佼者,说明你的努力也是有效的。由于原来生活环境的差异,你与&nbsp;其他同学相比某<br>些方面有欠缺也是正常的,这会在以后的生活中慢慢弥补。我当时也是从农&nbsp;村出来的,大学时还没见过手机。后来也是通过自己的努力,取得一些成绩。我相信,你只&nbsp;要主动与别人交流,渐渐克服紧张情绪,就会收获到更多的友谊,对吗?<br>&nbsp;&nbsp;&nbsp;&nbsp;&nbsp;&nbsp;&nbsp;&nbsp;&nbsp; &nbsp;</span><span>求助者:你说得对。<br>&nbsp;&nbsp;&nbsp;&nbsp;&nbsp;&nbsp;&nbsp;&nbsp;&nbsp; </span><span>心理咨询师:今天你先回去思考一下怎么与人更好地交往,我们下次再谈好吗?<br>&nbsp;&nbsp;&nbsp;&nbsp;&nbsp;&nbsp;&nbsp;&nbsp;&nbsp; </span><span>求助者:好的,谢谢您!&nbsp;</span>','案例介绍:        求助者从小生活在农村奶奶家,九岁被父母接到城里上学。由',0,0,0,'2015-12-26 14:36:01','2015-12-26 14:36:01'),(76,16,9,'案例70: 一般资料:马某,女性,23 岁,个体商贩。 ','<span><b><span>案例介绍:<br></span></b>&nbsp; &nbsp; &nbsp; &nbsp; 马某三天前不明原因突然情绪激动,不停地说话,哭泣不止,被家属送来求</span>助。 \r\n\r\n<span>&nbsp;&nbsp;&nbsp; <br><b>&nbsp; &nbsp; &nbsp; &nbsp; 家属反映的情况:</b>马某家在农村,初中未毕业就开始务农。20 岁结婚,近一年多在城 </span>\r\n\r\n里经营报刊亭。曾有癫痫病史,前天下午症状开始严重。\r\n\r\n<br><b>&nbsp; &nbsp; &nbsp; &nbsp; 下面是心理咨询师与求助者的一段咨询谈话:</b>\r\n\r\n<br><span>&nbsp; &nbsp; &nbsp; &nbsp; 心理咨 询师:你今天来需要我向你提供什么帮助?<br></span><b>&nbsp; &nbsp; &nbsp; &nbsp;&nbsp;</b>马某:我来的路上看到车里有鱼,鱼拿着棒子打人。\r\n\r\n<br><b>&nbsp; &nbsp; &nbsp; &nbsp;&nbsp;</b><span>心理咨询师:谁打谁?<br></span><b>&nbsp; &nbsp; &nbsp; &nbsp;&nbsp;</b><span>马某:鱼拿着棒子打我,我害怕不敢还手。<br></span><b>&nbsp; &nbsp; &nbsp; &nbsp;&nbsp;</b>心理咨询师:你还害怕什么?\r\n\r\n马某:我两个男朋友都喜欢我,不让我上学,我不能为谈恋爱就不上学。\r\n\r\n<br><b>&nbsp; &nbsp; &nbsp; &nbsp;&nbsp;</b><span>心理咨询师:你怎么知道有人喜欢你?<br></span><b>&nbsp; &nbsp; &nbsp; &nbsp;&nbsp;</b><span>马某:他们知道我要来城里,就不去别的地方了,早早地就来等我了。<br></span><b>&nbsp; &nbsp; &nbsp; &nbsp;&nbsp;</b>心理咨询师:你家是哪里的?\r\n\r\n<br><b>&nbsp; &nbsp; &nbsp; &nbsp;&nbsp;</b>马某:市委大院的,一家门口都有一个报刊亭。\r\n\r\n<br><b>&nbsp; &nbsp; &nbsp; &nbsp;&nbsp;</b>心理咨询师:今天是几号?\r\n\r\n马某:今天是星期六。\r\n\r\n<br><b>&nbsp; &nbsp; &nbsp; &nbsp;&nbsp;</b>心理咨询师:让家属带你到精神病院做做检查好吗?\r\n\r\n<br><b>&nbsp; &nbsp; &nbsp; &nbsp;&nbsp;</b>马某:我才不去呢,我又没病。','案例介绍:         马某三天前不明原因突然情绪激动,不停地说话,哭泣不止',0,0,0,'2015-12-26 14:37:01','2015-12-26 14:37:01'),(77,16,9,'案例71:一般资料:求助者,男性,32 岁,己婚,博士,公司职员。 ','<SPAN><B><SPAN>求助者主述:<BR></SPAN></B>&nbsp;&nbsp;&nbsp;&nbsp; &nbsp; 快半年了,我为工作的事项,心情不好,情绪低落,内心很乱。求助者自述:我博士毕业后选一家军队单位。进了部队的门,我才发现自己己错了。我坚决要求转业,经过三年不懈的努力,我终于到了一家和我专业非常对口的地方公司。没有了部队纪律的约束,我觉得真自由,但新问题又来了。公司虽然挣钱多,但远没有我想象的 那样好,我有些后悔从部队转业了。一次吃饭,一位朋友说他先在军队工作后来转业了,博 士毕业后又回到了部队。我心里一亮,别人可以二次入伍,我也可以啊。我找到原部队的领 导提出想回去的要求。可领导却解释说没有这种规定,我特别生气,明明人家都这样办了, 他们却还说不可能…什么原因啊?还不是我当初坚决要走,没给他们面子,他们趁机 找我麻烦。我就去上级机关讨说法,可他们的解释也一样。我很后悔,自己当初一步走错, 现在步步错,觉得特别难受,心烦。我生他们的气,更生自己的气。苦恼。没兴趣工作,打 不起精神,没什么胃口,晚上有时折腾到夜里三四点才睡,经常头昏脑胀的,注意力总集中 不起来,特别爱对人发脾气,也不愿意出门见人,各种各样的应酬都推掉了。我希望您能帮帮我。 </SPAN><SPAN><B>&nbsp;&nbsp;&nbsp; <BR></B><B>&nbsp;&nbsp;&nbsp;&nbsp;&nbsp;&nbsp; 心理咨询师观察与了解:</B>求助者性格较内向、柔弱,从小就要求把事情做好,从小到大 学习和生活比较顺利。博士毕业后到军队保密单位工作,自觉难以适应,后转业到地方工作, 又对地方单位不满意。现不愿上班,对什么事都不感兴趣,白天无精打采,晚上睡不着,体 重下降了 20 多斤。 </SPAN>','求助者主述:        快半年了,我为工作的事项,心情不好,情绪低落,内心很',0,0,0,'2015-12-27 13:26:11','2015-12-27 13:26:11'),(78,16,9,'案例72: 一般资料:求助者,男性,19 岁,战士。 ','<SPAN><SPAN><B>案例介绍</B>:<BR></SPAN>&nbsp;&nbsp;&nbsp;&nbsp;&nbsp;&nbsp; 求助者原先是个比较活跃的人,经常出现在球场上和晚会舞台上。可自从考军校落榜之后 近 3 个月来,他变得沉默寡言,萎靡不振,有时还自言自语地说“活着没意思”,认为别人都会看不 起自己,考不上军校自己一生都完了。大家都觉得他好像变了一个人似的,情绪低落,心烦意乱,训 练时也总是感到前途无望,提不起精神.自述最近总睡不着觉,头昏昏沉沉的、痛得厉害。</SPAN>','案例介绍:        求助者原先是个比较活跃的人,经常出现在球场上和晚会舞台',0,0,0,'2015-12-27 13:26:58','2015-12-27 13:26:58'),(79,16,9,'案例73:一般资料:求助者,女性,22 岁,未婚,大学三年级学生。','<SPAN><SPAN><B>案例介绍</B>:<BR></SPAN><SPAN>&nbsp;&nbsp;&nbsp;&nbsp;&nbsp;&nbsp; 求助者是独生女,家境较好,从小受宠爱,父母管束严,很少允许她与同龄孩子在户外玩耍。从小学到中学,学习成绩一直名列前茅。上大学后,几次考试成绩都不理想。两个月前与同宿舍的一位同学因小事发生争吵,虽然事情已经过去,但总感觉那位同学跟自己过不去,为此尽量避免与人接触,逐渐出现失眠。白天感到疲劳、头晕,没有精神,食欲差,注意不集中,记忆减退。想尽快摆脱现状,就是摆脱不了,为此很痛苦,情绪变得急躁,常因小事发脾气。<BR><B>&nbsp;&nbsp;&nbsp;&nbsp;&nbsp;&nbsp; </B></SPAN></SPAN>','案例介绍:        求助者是独生女,家境较好,从小受宠爱,父母管束严,很少',0,0,0,'2015-12-27 13:28:00','2015-12-27 13:28:00'),(80,16,9,'案例74: 一般资料:求助者,女性,32 岁,己婚,大学毕业,会计。 ','<SPAN><B><SPAN>案例介绍:<BR></SPAN></B>&nbsp;&nbsp;&nbsp;&nbsp;&nbsp;&nbsp; 求助者在 3 个月前突然发现丈夫有外遇,她认为自己的生活全完了,从此每天痛哭流涕, 白天吃不下饭,晚上睡不好觉。尽管丈夫认了错,但她仍想离婚。她离过婚的姐姐极力劝阻,说为了 孩子,也为了父母免受刺激,就凑合过吧,再说就算离婚也找不到真正可靠的男人。求助者听了姐姐的话,放弃了离婚念头,但从此认为男人没有一个是好东西。现在,如果丈夫回家晚了,她就再三审 问,朝他发火,脾气越来越大。白天上班打不起精神,做事心不在焉。最近工作上出了差错,又受到 领导的批评,心里更加烦躁不安。为了摆脱苦恼前来求助。 </SPAN><SPAN>&nbsp;&nbsp;&nbsp; <BR><B>&nbsp;&nbsp;&nbsp;&nbsp;&nbsp;&nbsp; 心理咨询师观察了解到的情况:</B>求助者衣着整齐,但愁眉苦脸,坐立不安。说话时条理清晰,说到伤心处情绪激动,多次哭泣。求助者出生在干部家庭,妈妈脾气大,动辄向她发火。她从小就小心谨慎,好朋友不多。</SPAN>','案例介绍:        求助者在 3 个月前突然发现丈夫有外遇,她认为自己的生',0,0,0,'2015-12-27 13:29:17','2015-12-27 13:29:17'),(81,16,9,'案例75;一般资料:求助者,女性,20 岁,大学生。','<span><b>案例介绍:</b><br>&nbsp;&nbsp;&nbsp;&nbsp;&nbsp;&nbsp;&nbsp; 求助者身高&nbsp;1&nbsp;.&nbsp;58&nbsp;米,体重&nbsp;140&nbsp;斤,胃口好,饭量大,而且对零食、甜食有偏爱。性格&nbsp;内向好静,平时很少参加体育活动。因为肥胖产生自卑和烦恼,经常借助吃零食缓解焦虑情绪,形成&nbsp;恶性循环。最近一段时间,自感体质越来越差,经常头痛、心慌、气短,&nbsp;</span>为此前来咨询。<br>&nbsp;<span><b>以下是心理咨询师和求助者的一段咨询对话:</b><br><b>&nbsp;&nbsp;&nbsp;&nbsp;&nbsp;&nbsp;&nbsp;&nbsp;</b></span><span>心理咨询师:你有什么具体问题需要我们来讨论解决呢?<br>&nbsp;&nbsp;&nbsp;&nbsp;&nbsp;&nbsp; &nbsp;</span><span>求助者:你瞧我现在这个样子,成了同学们的笑料,搞得我整天抬不起头来。别的女同学都有男朋&nbsp;友,可是没有一个男孩子愿意接近我。将来找工作必定也是困难重重,我这一辈子算是完了!您帮&nbsp;帮我,我该怎么办啊?<br>&nbsp;&nbsp;&nbsp;&nbsp;&nbsp;&nbsp; &nbsp;</span><span>心理咨询师:别着急。我先针对你的问题制定一个咨询目标。......&nbsp;近期目标就是瘦身和找到男朋友,远期目标就是找到一份好工作。这样吧,为了瘦身,我们就选择阳性强化法。<br>&nbsp;&nbsp;&nbsp;&nbsp;&nbsp;&nbsp;&nbsp; &nbsp;</span><span>求助者:什么叫阳性强化法?<br>&nbsp;&nbsp;&nbsp;&nbsp;&nbsp;&nbsp;&nbsp;  </span><span>心理咨询师:这你不用管,做起来你就知道了。&nbsp;<br>&nbsp;&nbsp;&nbsp;&nbsp;&nbsp;&nbsp;&nbsp; </span><span>求助者:那好吧。<br>&nbsp;&nbsp;&nbsp;&nbsp;&nbsp;&nbsp;&nbsp; </span><span>心理咨询师:至于远期目标,你尽管放心,我保证帮你找到一份称心的工作。<br>&nbsp;&nbsp;&nbsp;&nbsp;&nbsp;&nbsp;&nbsp;&nbsp;</span><span>求助者:那太谢谢您了!<br>&nbsp;&nbsp;&nbsp;&nbsp;&nbsp;&nbsp;&nbsp; </span>心理咨询师:不客气,心理咨询师就是要为求助者解决实际问题.&nbsp;','案例介绍:         求助者身高 1 . 58 米,体重 140 斤,胃口',0,0,0,'2015-12-27 13:30:38','2015-12-27 13:30:38'),(82,16,9,'案例76: 一般资料:求助者,男性,26 岁,研究生毕业。 ','<SPAN><B><SPAN>案例介绍:<BR></SPAN></B><SPAN>&nbsp;&nbsp;&nbsp;&nbsp;&nbsp;&nbsp; 求助者毕业后被一家合资公司录用,工资待遇较高.但是部门主管对下属要求十分严格, 动辄发火训人.求助者由于业务不熟,在上班不到两个月的时间里出过几次错误,被主管多次训斥。于是心情不好,想辞职,但又觉得找到这份工作不容易,所以心里很犹豫.无奈之下,前来求助。 <BR></SPAN></SPAN><SPAN><B><SPAN>&nbsp;&nbsp;&nbsp;&nbsp;&nbsp;&nbsp; 以下是心理咨询师和求助者的咨询谈话: <BR></SPAN></B><B></B></SPAN><SPAN>&nbsp;&nbsp;&nbsp;&nbsp;&nbsp;&nbsp; 求助者:我现在早上去上班,心里都发休。<BR></SPAN><SPAN>&nbsp;&nbsp;&nbsp;&nbsp;&nbsp;&nbsp; 心理咨询师:这种感受是怎样产生的?<BR></SPAN>&nbsp;&nbsp;&nbsp;&nbsp;&nbsp;&nbsp; 求助者:因为一进办公室又要看到主管的脸色,不知道他又会说出什么伤人的话。我真是觉得这家公司不能再呆下去了。<SPAN><BR>&nbsp;&nbsp;&nbsp;&nbsp;&nbsp;&nbsp; 心理咨询师:主管会说出什么样的话?</SPAN><SPAN><BR>&nbsp;&nbsp;&nbsp;&nbsp;&nbsp;&nbsp; 求助者:他骂我是垃圾、废物,说我做事不动脑筋。</SPAN><SPAN><BR>&nbsp;&nbsp;&nbsp;&nbsp;&nbsp;&nbsp; 心理咨询师:噢,听到这种话我也会不舒服的。那么他是在什么情况下说的呢?</SPAN><SPAN><BR>&nbsp;&nbsp;&nbsp;&nbsp;&nbsp;&nbsp; 求助者:我业务工作没做好的时候。</SPAN><SPAN><BR>&nbsp;&nbsp;&nbsp;&nbsp;&nbsp;&nbsp; 心理咨询师:他给你具体指出哪些地方没做好吗?</SPAN><SPAN><BR>&nbsp;&nbsp;&nbsp;&nbsp;&nbsp;&nbsp; 求助者:是的。</SPAN><SPAN><BR>&nbsp;&nbsp;&nbsp;&nbsp;&nbsp;&nbsp; 心理咨询师:你改过以后,是否他还训你?</SPAN><SPAN><BR>&nbsp;&nbsp;&nbsp;&nbsp;&nbsp;&nbsp; 求助者:当然不训了,可是一旦发现别的地方出错又是一顿数落。我长到这么大,从未有人这么对待过我,这谁受得了!真想辞职,又下不了决心。</SPAN>','案例介绍:        求助者毕业后被一家合资公司录用,工资待遇较高.但是部门',0,0,0,'2015-12-27 13:32:00','2015-12-27 13:32:00'),(83,16,9,'案例77:一般资料:张某,男性,23 岁,某公司员工。','<span><b>案例介绍:</b><br>&nbsp;&nbsp;&nbsp;&nbsp;&nbsp; 外出学习三个月归来后,发现同事们对自己的态度不对,都在背后议论自己,也不知为什么。经过一段时间的观察发现,原来是和自己一起学习的另一家公司的一位年轻女士对自己有爱慕之心,不知道通过什么高科技手段.把她的爱意告诉了自己单位的同事,所以大家才议论纷纷。可是自己百思不得其解,为什么她不直接告诉自己,而搞得满城风雨,为此前来寻求答案。</span><span>&nbsp;<br>&nbsp;&nbsp; &nbsp;&nbsp;&nbsp;<b>同事反映:</b>张某在举止上有明显改变,常常自言自语,有时傻笑,有时烦躁不安或气愤不己。原先工&nbsp;作表现良好,要强、上进,现在和以前完全不一样了。张某学习回来后,公司同事米听说哪位女士喜欢他,&nbsp;也没有听说有人议论。</span>','案例介绍:       外出学习三个月归来后,发现同事们对自己的态度不对,都在背',0,0,0,'2015-12-27 13:32:03','2015-12-27 13:32:03'),(84,16,9,'案例78: 一般资料:求助者,男性,46 岁,会计。 ','<SPAN><B><SPAN>案例介绍:<BR></SPAN></B>&nbsp;&nbsp;&nbsp;&nbsp;&nbsp;&nbsp; 求助者半年前调入某单位任会计,开始感觉还可以,一个月前因工作失误遭领导批评,并 觉得同事们开始疏远自己。从此,白天工作打不起精神,有时晚上睡不着,心情郁闷、烦躁。一周前因失眠、食欲不振去医院检查治疗,按照医嘱服用安定,感觉效果不佳,前来寻求帮助。 </SPAN><SPAN><B>&nbsp;&nbsp;&nbsp; <BR></B><B>&nbsp;&nbsp;&nbsp;&nbsp;&nbsp;&nbsp; 求助者自述:</B>现在领导和同事们对我都不好,我主动与他们接近,希望搞好关系,但是他们不以同样 的态度回应我,我真后悔来到这个单位。你说我在这里连同事关系都搞不好,还能干好什么呢?我的人生 太失败了! </SPAN>','案例介绍:        求助者半年前调入某单位任会计,开始感觉还可以,一个月前',0,0,0,'2015-12-27 13:33:09','2015-12-27 13:33:09'),(85,16,9,'案例79:一般资料:求助者,男性,20 岁,大学生。','<span><b>案例介绍:</b><br>&nbsp;&nbsp;&nbsp;&nbsp;&nbsp;&nbsp; 两个多月前,求助者在睡眠中朦胧感到一种无法抑制的冲动袭扰着全身,他下意识地抚摸自己的生殖器,进行了自慰,短暂的快感后,他陷入了深深的懊悔之中。此后又出现几次,每次他都非常后悔,又无法控制自己的行为。后来他还听人说自慰会损耗精气,损害性功能,引起不孕症。近两个月来他经常感到体力下降,头昏、气短、注意力不集中,记忆力下降。逐渐出现不安、恐惧,担心自己的身体出问题,到医院检查,医生告诉他没有问题,他仍不放心,内心痛苦。</span>','案例介绍:        两个多月前,求助者在睡眠中朦胧感到一种无法抑制的冲动袭',0,0,0,'2015-12-27 13:33:13','2015-12-27 13:33:13'),(86,16,9,'案例80:一般资料:求助者,女性,70 岁,退休干部。 ','<SPAN><SPAN><B>案例介绍</B>:<BR></SPAN>&nbsp;&nbsp;&nbsp;&nbsp;&nbsp;&nbsp; 求助者自述失眠、躯体不适,怀疑脑部有问题,害怕得病,专门到医院神经内科住院检查。在医院做了脑cT、核磁、心电图等各类检查,均未查出明显器质性病变。求助者自称没有查出病,心里很高兴,但仍觉得头晕、颈部 僵硬,腿痛,为此非常烦恼,心里不安,害怕会发生什么不测,经常失眠,神经内科医生建议其进行心理咨询。</SPAN>','案例介绍:        求助者自述失眠、躯体不适,怀疑脑部有问题,害怕得病,专',0,0,0,'2015-12-27 13:34:28','2015-12-27 13:34:28'),(87,16,9,'案例81:一般资料:求助者,男性,37 岁,自考本科学历,公司职员。','<span><b>案例介绍:</b><br>&nbsp;&nbsp;&nbsp;&nbsp;&nbsp;&nbsp; 求助者最大的遗憾是没有接受过正规的高等教育。与朋友相处时,总觉得自己笨,样样不如别人。羡慕别人知识面广,认为别人知道的自己也应该&nbsp;知道。害怕在人多的场合说话,怕说不好,别人会笑话他,对他的评价低,很不&nbsp;自信。因此内心非常烦恼,也非常着急。为此不断地买书,积极去听各类讲座,&nbsp;但仍觉得没有太大的收获。目前,求助者还面临婚姻问题,认为这对自己的心理状况也有一定的影响。<br>&nbsp;&nbsp;</span><span>&nbsp;&nbsp;&nbsp;&nbsp;<b>心理咨询师观察了解到的情况:</b>求助者父母早年对他批评多鼓励少。因为家里&nbsp;孩子多,求助者最小,父母无力照顾,被送到爷爷、奶奶家,父母给予关注较少。求助者性格内向,自幼很自卑。成年后谨小慎微,对自己要求严格,工作得到上级和同事的认可。</span>','案例介绍:        求助者最大的遗憾是没有接受过正规的高等教育。与朋友相处',0,0,0,'2015-12-27 13:34:29','2015-12-27 13:34:29'),(88,16,9,'案例82:一般资料:求助者,女性,24 岁,未婚,本科学历,公司职员。 ','<SPAN><B><SPAN>案例介绍:<BR></SPAN></B>&nbsp;&nbsp;&nbsp;&nbsp;&nbsp;&nbsp;&nbsp;求助者在一家软件公司工作,经常有不安感,总害怕有不好的事情发生。和人相处时总先把别人往坏处想,觉得有各无患。无论在家里还是单位,一看见电脑就想玩游戏,赢了就觉得会有好事,输了就觉得会倒霉,经常玩得疲惫不堪。直到玩赢为止。自知在单位玩游戏影响不好,但就控制不住。走在街上,会情不自禁地看汽车牌号,把牌号上的数字相加,如果是偶数就表示好事,奇数 就表示坏事。常常一个人呆在家里反复思考这些问题,自己也觉得自己的命运和游戏、数字等应该无关,不应该相信这些东西,但总是控制不住。害怕领导批评,恨自己耽误了许多时间,为此非常苦恼。情绪低落,经常失眠。很想改变这种状况,故来寻求帮助。 </SPAN><SPAN><B>&nbsp;&nbsp;&nbsp; <BR></B><B>&nbsp;&nbsp;&nbsp;&nbsp;&nbsp;&nbsp; 心理咨询师观察了解到的情况</B><B>:</B>求助者出生在知识分子家庭,家教很严格。求助者自幼懂事、听话,学习成绩良好。做人谨慎,性格内向,至今未谈恋爱。</SPAN><SPAN><B>&nbsp;&nbsp;&nbsp; <BR>&nbsp;&nbsp;&nbsp;&nbsp;&nbsp;&nbsp; 对求助者进行EPQ测验,结果T分:</B>P40, E35, N65, L40, SDS 测验结果总粗分63。</SPAN>','案例介绍:        求助者在一家软件公司工作,经常有不安感,总害怕有不好的',0,0,0,'2015-12-27 13:35:35','2015-12-27 13:35:35'),(89,16,9,'案例83:一般资料:求助者,男性,17 岁,高二学生。','<span><b>案例介绍:</b><br>&nbsp;&nbsp;&nbsp;&nbsp;&nbsp;&nbsp; 因与同学、老师的关系-不融洽,学习成绩差,去年秋季开始辍学。&nbsp;</span><span>在家里上网、玩游戏。由其母亲陪同前来咨询。心理咨询师观察了解到的情况:求助者家境较富裕,自幼生活环境单一,很少和小伙伴玩。个性偏执,对亲人冷漠。其父性情暴躁,只在经济上满足孩子,父母在孩子的教育问题上经常产生分歧。母亲反映求助者近来有些答非所问。<br>&nbsp;<b>对求助者进行了MMPI测验,结果如下:</b><br>&nbsp;&nbsp;&nbsp; &nbsp;</span><span><span>量&nbsp;表&nbsp;&nbsp;&nbsp;&nbsp;&nbsp;&nbsp; &nbsp;Q&nbsp;&nbsp; L&nbsp; F&nbsp; &nbsp; K&nbsp;&nbsp; Hs &nbsp;D &nbsp;Hy&nbsp; Pd &nbsp;Mf &nbsp;Pa &nbsp;Pt &nbsp;Sc &nbsp;Ma &nbsp;Si&nbsp;<br></span><span><span>原&nbsp;始&nbsp;分&nbsp;K&nbsp;&nbsp;&nbsp;&nbsp; 11&nbsp; 5 &nbsp;21&nbsp;10&nbsp;50&nbsp;&nbsp; 47&nbsp; 60 &nbsp;63 &nbsp;15&nbsp; 35&nbsp;&nbsp; 26&nbsp;24&nbsp;&nbsp; 26&nbsp;18&nbsp;<br>校&nbsp;正&nbsp;分&nbsp;T&nbsp;分&nbsp;</span>24&nbsp;31 18&nbsp;43 59 &nbsp;68 &nbsp;57 &nbsp;58&nbsp; 46 &nbsp;63&nbsp; &nbsp;55&nbsp; 56&nbsp;&nbsp; 47&nbsp;62&nbsp;<br></span></span><span><b>下面是心理咨询师与求助者的咨询谈话片断:&nbsp;</b><br></span><span>&nbsp;&nbsp;&nbsp;&nbsp;&nbsp;&nbsp;&nbsp; 心理咨询师:你因何来做心理咨询?一(表情平和)&nbsp; <br>&nbsp;&nbsp;&nbsp;&nbsp;&nbsp;&nbsp;&nbsp; 求助者:在家里呆烦了,闲得没事干。</span><span>(求助者晃着双腿,无所谓状)你怎么那么严肃呀?&nbsp;能不能笑笑?<br>&nbsp;&nbsp;&nbsp;&nbsp;&nbsp;&nbsp;&nbsp; &nbsp;</span><span>心理咨询师:哦,(做出微笑的表情)这样的表情会使你舒服些,是吗?<br>&nbsp;&nbsp;&nbsp;&nbsp;&nbsp;&nbsp;&nbsp; &nbsp;</span><span>求助者:(满意地笑笑)是的。<br>&nbsp;&nbsp;&nbsp;&nbsp;&nbsp;&nbsp;&nbsp;&nbsp;  </span><span>心理咨询师:你想得到我的什么心理帮助呢?<br>&nbsp;&nbsp;&nbsp;&nbsp;&nbsp;&nbsp;&nbsp;&nbsp; &nbsp;</span><span>求助者:就是想让你帮我调整调整心态,我希望在没有顾虑的情况下回到学校。<br>&nbsp;&nbsp;&nbsp;&nbsp;&nbsp;&nbsp;&nbsp; &nbsp;</span><span>心理咨询师:你回到学校有顾虑吗?你试过没有?<br>&nbsp;&nbsp;&nbsp;&nbsp;&nbsp;&nbsp;&nbsp;&nbsp;&nbsp;  </span><span>求助者:没有。<br>&nbsp;&nbsp;&nbsp;&nbsp;&nbsp;&nbsp;&nbsp;  </span><span>心理咨询师:那你想回到学校吗?<br>&nbsp;&nbsp;&nbsp;&nbsp;&nbsp;&nbsp;&nbsp;&nbsp;  </span><span>求助者:我说过是在没有顾虑的情况下。<br>&nbsp;&nbsp;&nbsp;&nbsp;&nbsp;&nbsp;&nbsp;  </span><span>心理咨询师:我问你现在想没想?<br>&nbsp;&nbsp;&nbsp;&nbsp;&nbsp;&nbsp;&nbsp;  </span><span>求助者:现在不想。<br>&nbsp;&nbsp;&nbsp;&nbsp;&nbsp;&nbsp;&nbsp; &nbsp;</span><span>心理咨询师:你看,这有把椅子,你拿拿看,会有顾虑吗?&nbsp;<br>&nbsp;&nbsp;&nbsp;&nbsp;&nbsp;&nbsp;&nbsp; </span><span>求助者:(走过去拿起了椅子)怎么啦?没问题!但这和上学是两码事。<br>&nbsp;&nbsp;&nbsp;&nbsp;&nbsp;&nbsp; &nbsp;</span><span>心理咨询师:关键是你现在想没想?&nbsp;.<br>&nbsp;&nbsp;&nbsp;&nbsp;&nbsp;&nbsp; &nbsp;求助者:你的话我怎么听不懂呀,如果没有你的学生在,你是不是也懒得和我废话呀?<br>&nbsp;&nbsp;&nbsp;&nbsp;&nbsp;&nbsp;&nbsp;  </span><span>心理咨询师:(停了停,看了看旁边的学生)这和她在不在有关系吗?&nbsp;<br>&nbsp;&nbsp;&nbsp;&nbsp;&nbsp;&nbsp;&nbsp;&nbsp; </span><span>求助者:好,我再说一遍,不行我就走了。我现在还不想!&nbsp;<br>&nbsp;&nbsp;&nbsp;&nbsp;&nbsp;&nbsp;&nbsp;&nbsp; </span><span>心理咨询师:你前面说想回学校,后面又说不想,哪一个是你的真实想法?在家有吃有喝,想干嘛干嘛,这不挺好吗?<br>&nbsp;&nbsp;&nbsp;&nbsp;&nbsp;&nbsp;&nbsp;&nbsp; </span><span>求助者:我看也是,在家挺好的。&nbsp;<br>&nbsp;&nbsp;&nbsp;&nbsp;&nbsp;&nbsp;&nbsp;&nbsp; </span><span>心理咨询师:你看这地砖,爱干净的人,一天擦三遍没问题,懒人一周也不擦&nbsp;一遍,这也没问题,总比住在垃圾堆里强,是吗?&nbsp;<br>&nbsp;&nbsp;&nbsp;&nbsp;&nbsp;&nbsp;&nbsp;&nbsp;&nbsp; </span><span>求助者:你别损我行不行?你也累半天了,咱提前结束,休息休息喝点水去。<br>&nbsp;&nbsp;&nbsp;&nbsp;&nbsp;&nbsp;&nbsp; &nbsp;</span><span>心理咨询师:好,如果你接受不了我刚才举的例子,如果你不是非常反对的话,我希望你把下面一个例子听下去,我想这对你会有帮助的。<br>&nbsp;&nbsp;&nbsp;&nbsp;&nbsp;&nbsp;&nbsp;&nbsp; </span><span>求助者:好吧。(无所谓状)_&nbsp;<br>&nbsp;&nbsp;&nbsp;&nbsp;&nbsp;&nbsp;&nbsp;&nbsp; </span><span>心理咨询师:你看,如果一个人开一辆宝马汽车,他会觉得很舒适、很气派,&nbsp;但宝马汽车费油,保险也贵,还怕碰了、被偷了。奥拓车省钱省汽油,也不怕撞,&nbsp;可是空间小,不气派也不舒适。你如果想明白这点,你就知道怎么做了,对吗?<br>&nbsp;&nbsp;&nbsp;&nbsp;&nbsp;&nbsp;&nbsp; &nbsp;</span>求助者:(沉默了几分钟)我在想,上次我去医院,那个知名教授为什么没和我&nbsp;说几句话,&nbsp;甩门就走了呢?我是一小孩他怎么和我一般见识?&nbsp;','案例介绍:        因与同学、老师的关系-不融洽,学习成绩差,去年秋季开始',0,0,0,'2015-12-27 13:42:27','2015-12-27 13:42:27'),(90,16,9,'案例六84:一般资料:求助者,男性,16 岁,初中二年级学生。','<SPAN><B><SPAN>案例介绍:<BR></SPAN></B>&nbsp;&nbsp;&nbsp;&nbsp;&nbsp; 求助者小学三年级时,父母离异,他和爷爷奶奶住在—起.其父后 </SPAN>来再婚后又有了一个妹妹,他不喜欢继母和妹妹,恨自己的爸爸,也很少和母亲联系.父亲每周看他一两次·对他管教很严,只知逼他学习,却很少和他沟通。因为学习不努力,成绩较差,但他不以为然,认为学习好的同学品行都不好,而学习不好的同学心眼好。他不喜欢学习,觉得人活在世上用不着那么辛苦,还要上 大学、考研,觉得轻轻松松活着挺好,顺其自然,以后能考上职高,.学门技术 也可以活得很好。但面对老师、家长的批评,也感到精神紧张、忐忑不安,恍恍 惚惚不知道自己要干什么.经常有报复父母的心理,觉得自己有这种想法非常可怕,简直是没有良心,但又控制不住.故来咨询是否自己心理有问题。如有问题。 要让父亲知道这是他逼出来的。 <SPAN><B>&nbsp;&nbsp;&nbsp; <BR></B><B>&nbsp;&nbsp;&nbsp;&nbsp;&nbsp; 心理咨询师观察了解到的情况:</B>求助者居住在爷爷奶奶家,老人疼爱孙子,生 活上照顾得很周到,管教较少,对学习成绩不太在意。父亲管教方式粗暴,求助 者性格外向,生活懒散,控制力较差<SPAN>。<BR><SPAN>&nbsp;&nbsp;&nbsp;&nbsp;&nbsp;&nbsp; 对求助者进行了 WAIS-RC <SPAN>测验,结果如下<SPAN><SPAN>:<BR></SPAN><SPAN>&nbsp;&nbsp;&nbsp;&nbsp;&nbsp;&nbsp;&nbsp;&nbsp;&nbsp;&nbsp;&nbsp;&nbsp;&nbsp;&nbsp;&nbsp;&nbsp;&nbsp;言语测验&nbsp;&nbsp;&nbsp;&nbsp;&nbsp;&nbsp;&nbsp;&nbsp;&nbsp;&nbsp;&nbsp;&nbsp;&nbsp;&nbsp;&nbsp;&nbsp;&nbsp;&nbsp;&nbsp;&nbsp;&nbsp;&nbsp;&nbsp;&nbsp;&nbsp;&nbsp;&nbsp;&nbsp;&nbsp;&nbsp;&nbsp;&nbsp;&nbsp;&nbsp;&nbsp;&nbsp;&nbsp;&nbsp;&nbsp;&nbsp;&nbsp;&nbsp;&nbsp;&nbsp;&nbsp;&nbsp;&nbsp; &nbsp;&nbsp;&nbsp;&nbsp;&nbsp;&nbsp;&nbsp;&nbsp;&nbsp;&nbsp;&nbsp; &nbsp;操作测验<BR><SPAN>&nbsp;&nbsp;&nbsp;&nbsp;&nbsp;&nbsp;&nbsp;&nbsp;&nbsp;&nbsp;&nbsp;&nbsp;&nbsp;&nbsp;&nbsp;&nbsp; 知 识&nbsp; &nbsp;领 悟&nbsp;&nbsp; 算 术&nbsp; &nbsp;相 似&nbsp; &nbsp;数 广&nbsp; &nbsp;词 汇&nbsp; &nbsp;合 计 &nbsp;&nbsp; 数 符&nbsp; &nbsp;填 图&nbsp;&nbsp; 积 木&nbsp;&nbsp; 图 排&nbsp;&nbsp; 拼 图&nbsp; &nbsp;合 计&nbsp;&nbsp;&nbsp;&nbsp;&nbsp;&nbsp;&nbsp;&nbsp;&nbsp;&nbsp;&nbsp;&nbsp;&nbsp;&nbsp;&nbsp;&nbsp;&nbsp;&nbsp; 言 语&nbsp;&nbsp;&nbsp;&nbsp; 操作&nbsp;&nbsp;&nbsp; &nbsp;总分 <BR><SPAN>原 始 分&nbsp;&nbsp;&nbsp;&nbsp;&nbsp;&nbsp;&nbsp; 23&nbsp;&nbsp;&nbsp;&nbsp;&nbsp;&nbsp; 17&nbsp;&nbsp;&nbsp;&nbsp;&nbsp; &nbsp;9&nbsp;&nbsp;&nbsp;&nbsp;&nbsp;&nbsp; &nbsp;17&nbsp;&nbsp;&nbsp;&nbsp;&nbsp;&nbsp; 8&nbsp;&nbsp;&nbsp;&nbsp;&nbsp;&nbsp;&nbsp;&nbsp; 55 &nbsp;&nbsp;&nbsp;&nbsp;&nbsp;&nbsp;&nbsp;&nbsp;&nbsp;&nbsp;&nbsp;&nbsp;&nbsp; &nbsp;&nbsp;&nbsp; 66&nbsp;&nbsp;&nbsp;&nbsp;&nbsp; 13&nbsp;&nbsp;&nbsp;&nbsp;&nbsp;&nbsp; &nbsp;40&nbsp;&nbsp;&nbsp;&nbsp; &nbsp;24&nbsp;&nbsp;&nbsp;&nbsp;&nbsp;&nbsp;&nbsp; 32&nbsp;&nbsp;&nbsp;&nbsp;&nbsp;&nbsp;&nbsp;&nbsp;&nbsp;&nbsp;&nbsp;&nbsp; &nbsp;&nbsp; 量 表 分&nbsp;&nbsp;&nbsp;&nbsp; 58&nbsp;&nbsp;&nbsp;&nbsp;&nbsp;&nbsp;&nbsp; &nbsp;62&nbsp;&nbsp;&nbsp;&nbsp;&nbsp; &nbsp;120 <BR></SPAN><SPAN>量 表 分&nbsp;&nbsp;&nbsp;&nbsp;&nbsp;&nbsp;&nbsp; 13&nbsp;&nbsp;&nbsp;&nbsp;&nbsp;&nbsp; 10&nbsp;&nbsp;&nbsp;&nbsp;&nbsp; &nbsp;7&nbsp;&nbsp;&nbsp;&nbsp;&nbsp;&nbsp;&nbsp;&nbsp;11&nbsp;&nbsp;&nbsp;&nbsp;&nbsp;&nbsp; 6&nbsp;&nbsp;&nbsp;&nbsp;&nbsp;&nbsp;&nbsp;&nbsp; 11&nbsp;&nbsp;&nbsp;&nbsp;&nbsp; &nbsp;58&nbsp;&nbsp;&nbsp;&nbsp; &nbsp;&nbsp;&nbsp;15&nbsp;&nbsp;&nbsp;&nbsp;&nbsp; &nbsp;10&nbsp;&nbsp;&nbsp;&nbsp;&nbsp;&nbsp;&nbsp;13&nbsp;&nbsp;&nbsp;&nbsp;&nbsp; 11&nbsp;&nbsp;&nbsp;&nbsp;&nbsp;&nbsp; &nbsp;13&nbsp;&nbsp;&nbsp;&nbsp;&nbsp;&nbsp; 62&nbsp;&nbsp;&nbsp;&nbsp;&nbsp;&nbsp; &nbsp;智 商&nbsp;&nbsp;&nbsp;&nbsp;&nbsp;&nbsp; 95&nbsp;&nbsp;&nbsp;&nbsp;&nbsp;&nbsp;&nbsp;&nbsp; 115&nbsp;&nbsp;&nbsp;&nbsp;&nbsp; 104 </SPAN>&nbsp;</SPAN><BR>&nbsp;</SPAN></SPAN></SPAN></SPAN></SPAN></SPAN>','案例介绍:       求助者小学三年级时,父母离异,他和爷爷奶奶住在—起.其父',0,0,0,'2015-12-27 13:57:19','2015-12-27 13:57:19'),(91,16,9,'案例85:一般资料:求助者,男性,24 岁,大学毕业,待业。','<span><b>案例介绍:</b><br>&nbsp;&nbsp;&nbsp;&nbsp;&nbsp;&nbsp; 求助者大学毕业两年,在父母的强压下去过一次招聘会,可到了招&nbsp;</span><span>聘会场,没说一句话就走了。自述不擅于表达。看见别人帮很会推销自己,觉得&nbsp;自己不如别人。因为自己没有工作经验,害怕不能胜任工作,所以一直没有自信,&nbsp;呆在家里。<br>&nbsp; </span><span>&nbsp;&nbsp;&nbsp;<b>&nbsp;心理咨询师观察了解到的情况</b>:求助者性格内向,独立性差,不爱交&nbsp;朋友,情绪低落。&nbsp;<br></span><b>下面是心理咨询师和求助者的一段咨询谈话:&nbsp;<br>&nbsp;&nbsp;&nbsp;&nbsp;&nbsp; </b><span>心理咨询师:你希望在哪方面得到我的帮助? <br>&nbsp;&nbsp;&nbsp;&nbsp;&nbsp; </span><span>求助者:我害怕去招聘会。<br>&nbsp;&nbsp;&nbsp;&nbsp;&nbsp;  </span><span>心理咨询师:你去过招聘会吗?<br>&nbsp;&nbsp;&nbsp;&nbsp;&nbsp;  </span><span>求助者:去过,转一圈就走了。<br>&nbsp;&nbsp;&nbsp;&nbsp;&nbsp; </span><span>心理咨询师:你去招聘会转一圈,什么都不说,那叫应聘吗?&nbsp;<br>&nbsp;&nbsp;&nbsp;&nbsp;&nbsp; </span><span>求助者:我不敢说,怕拒绝,我害怕胜任不了工作。<br>&nbsp;&nbsp;&nbsp;&nbsp;&nbsp; </span><span>心理咨询师;你前面说很想找到工作,你现在告诉我几乎没有参加过招聘,这似乎存在着矛盾,你能解释一下吗?&nbsp;<br>&nbsp;&nbsp;&nbsp;&nbsp;&nbsp; </span><span>求助者:毕业快两年了,还没有找到工作,我真的很着急,可我真的不知道怎样应聘。<br>&nbsp;&nbsp;&nbsp;&nbsp;&nbsp;&nbsp; </span><span>心理咨询师:作为大学毕业生,你想想,有可能怎样去应聘呢?<br>&nbsp;&nbsp;&nbsp;&nbsp;&nbsp;&nbsp;</span><span>求助者:(沉默)得去参加招聘会,和人家说我想找工作,讨论工作性质、条件、工资等。<br>&nbsp;&nbsp;&nbsp;&nbsp;&nbsp;&nbsp; </span><span>心理咨询师:因何原因你没有做这些呢? <br>&nbsp;&nbsp;&nbsp;&nbsp;&nbsp;&nbsp; </span><span>求助者:我怕去了人家不要我。<br>&nbsp;&nbsp;&nbsp;&nbsp;&nbsp;&nbsp; </span><span>心理咨询师:你的意思是说你去了,人家就应该聘你,因此,你到国务院应聘,人家就聘你,你到市政府应聘,人家还聘你,你到企业,人家同样会聘你。&nbsp;<br>&nbsp;&nbsp;&nbsp;&nbsp;&nbsp;&nbsp;&nbsp;</span><span>求助者:啊...好像不是这样的,(摇摇头)&nbsp;。<br>&nbsp;&nbsp;&nbsp;&nbsp;&nbsp;&nbsp;&nbsp; </span><span>心理咨询师:由于时间的关系,这次咨询只能到这里了,请你回去思考,下次&nbsp;咱们继续讨论。</span>','案例介绍:        求助者大学毕业两年,在父母的强压下去过一次招聘会,可到',0,0,0,'2015-12-27 13:57:36','2015-12-27 13:57:36'),(92,16,9,'案例86: 一般资料:赵某,女,48 岁,机关退休干部。 ','<SPAN><SPAN>&nbsp;<B>案例介绍:<BR></B>&nbsp;&nbsp;&nbsp;&nbsp;&nbsp;&nbsp; 赵某大学毕业后进入某机关,个人素质较高,工作能力较强,但人</SPAN>际关系较差,常为一些小事和同事阁得不欢而散,生活中几乎没有知心朋友。还 怀疑丈夫有外遇,夫妻关系紧张,看见别人说话,总认为别人说自己的坏话,单位里有人要整自己,内心很紧张,不断向上级机关反映。去年单位人员调整,领 导让她退休,她想不开,寻死觅活地说是有人故意陷害她,经常站在窗口笑笑哭 哭,手舞足蹈。最近半年总说听见有人敲家里的门。平常散步时,看见邻居和孩 子说说笑笑。就说她们是在讲自己的坏话,要丈夫和孩子提高警惕,不要让坏人钻了空子。 </SPAN><SPAN><B>&nbsp;&nbsp;&nbsp; <BR>&nbsp;&nbsp;&nbsp;&nbsp;&nbsp;&nbsp; 心理咨询师观察了解到的情况:</B>赵某从小生活条件较优越,成长较为顺利,学 习成绩良好。在单位能胜任工作。单位人员反映,没听说有人背后讲她的坏话。丈夫反映赵某原来较勤快,但近来赵某不做家务,不与父母联系,不关心女儿。丈夫多次要她去看医生,她都说自己没病,有病的是单位领导。在丈夫逼迫下,赵某勉强前来咨询。</SPAN>',' 案例介绍:        赵某大学毕业后进入某机关,个人素质较高,工作能力较强',0,0,0,'2015-12-27 13:58:10','2015-12-27 13:58:10'),(93,16,9,'案例87:一般资料:求助者,男性,20 岁,大学二年级学生。','<span><b>案例介绍：</b><br>&nbsp;&nbsp;&nbsp;&nbsp;&nbsp;&nbsp; 经常得到父母和老师的表扬。高考时以优异成绩考入某名牌大学,班里同学都是各地来的尖子生,他的成绩只排在中下等水平,心里很失落,&nbsp;暗下决心要把名次提上来。但事与愿违,在第一学期的期末考试中他的名次没升&nbsp;反而下降了,甚至还出现了不及格。为此父母极为严厉地批评了他,他也觉得自己很没用,感到自己很没面子,老师不重视他,同学们也都看不起他。因此情绪&nbsp;低落,内心苦恼、焦虑。他觉得父母不再像以前那样爱他、关心他了.班长是一位女同学,对他学习、生活等很关心,他也愿意和班长讲讲自己的心里话,自己&nbsp;感觉喜欢上了班长,于是鼓足了勇气,表达了爱慕之情,但班长明确告诉他自己&nbsp;有男友,不能接受他的感情。初次恋爱就失败,他感受到了失恋的痛苦。兴趣明&nbsp;显下降,慢慢的不愿与人交往,经常独来独往.整日没精打采、闷闷不乐。近半&nbsp;年随着课程难度的加大,他的压力也越来越大,经常头昏、头痛,晚上入睡困难,&nbsp;全身疲备不堪。记忆力大不如前,上课注意力不集中。学习效率下降。现在学习&nbsp;成绩已排到班里的倒数几名,父母、老师和同学注意到了他的问题,多次帮助他。但他觉得很无助,自己觉得没什么希望,这学期已无法上学。<br>&nbsp; &nbsp;</span><span>&nbsp;&nbsp;<b>&nbsp;&nbsp;心理咨询师观察了解到的情况</b>:求助者的父母是大学教授,对他要求严格,非常重视他的学习成绩,希望他能考上名牌大学将来继承他们的事业。求助者初二时,因课间和同学在讲台上打乒乓球被老师严厉批评并一同被罚站,当时觉得很丢人,留下心理阴影。求助者性格内向,从小争强好胜,追求完美,但心理承受能力差。 </span>','案例介绍：        经常得到父母和老师的表扬。高考时以优异成绩考入某名牌大',0,0,0,'2015-12-27 13:58:56','2015-12-27 13:58:56'),(94,16,9,'案例88: 一般资料:求助者,男性,21 岁,大学二年级学生。 ','<SPAN><B><SPAN>案例介绍:<BR></SPAN></B>&nbsp;&nbsp;&nbsp;&nbsp;&nbsp;&nbsp; 该求助者是独生子,父母经商,经济条件好。自小聪慧要强,学习成绩好,<SPAN>父母视为骄傲,宠爱有加。大一时曾来咨询,当时诊断为适应不良,经六次咨询后好转。该求助者对咨询师印象好。很信任,重大节日都回来短信祝贺。本次预约当日上午十点半来询,约十点二十分时来短信称车行不畅,可能会迟到,于十点五十分到,一进门连声说对不起来晚了,咨询师连忙请他坐下。 <BR></SPAN><SPAN>&nbsp;&nbsp;&nbsp;&nbsp;&nbsp;&nbsp; <B>下面是一些对话片段:</B><BR></SPAN></SPAN><SPAN>&nbsp;&nbsp;&nbsp;&nbsp;&nbsp;&nbsp; 心理咨询师:没关系,你是我上午的最后一位。&nbsp;<BR></SPAN>&nbsp;&nbsp;&nbsp;&nbsp;&nbsp;&nbsp; 求助者:我一路上一直在想,坏了,来晚了会不会打乱你的计划,耽误你吃午饭,都是那该死的交通事故让我来晚了,耽误了你的时间,真是对不起!唉,我真该死!我怎么就想不到会堵车呢,再提前一些就好了!&nbsp;<SPAN><BR>&nbsp;&nbsp;&nbsp;&nbsp;&nbsp;&nbsp; 心理咨询师:堵车的事很难预料,没关系,不用那么自责。&nbsp;</SPAN><SPAN><BR>&nbsp;&nbsp;&nbsp;&nbsp;&nbsp;&nbsp; 求助者:这城市交通什么时候才能畅通无阻啊?</SPAN><SPAN><BR>&nbsp;&nbsp;&nbsp;&nbsp;&nbsp;&nbsp; 心理咨询师:全世界的难题,慢慢来吧,唉,对了。你电话上说最近又不好,是什么情况,请说一说吧。</SPAN><SPAN><BR>&nbsp;&nbsp;&nbsp;&nbsp;&nbsp;&nbsp; 求助者:(双说抱头),很痛苦,很不好,不想活了,想自杀,帮帮我吧。<BR></SPAN><SPAN>&nbsp;&nbsp;&nbsp;&nbsp;&nbsp;&nbsp; 心理咨询师:想自杀?什么事那么严重,能告诉我吗?看我能不能对你有所帮助。<BR></SPAN>&nbsp;&nbsp;&nbsp;&nbsp;&nbsp;&nbsp; 求助者:唉,让人家给甩啦! 心理咨询师:哦,我明白啦,你遇到了年轻人常见的失恋问题,对吧?','案例介绍:        该求助者是独生子,父母经商,经济条件好。自小聪慧要强,',0,0,0,'2015-12-27 14:00:51','2015-12-27 14:00:51'),(95,16,9,'案例89:一般资料:求助者,男性,17 岁,高中二年级学生。','<span><b>案例介绍:</b><br>&nbsp;&nbsp;&nbsp;&nbsp;&nbsp; 该求助者是独生子,很聪明,但从小贪玩。中考时升重点高中差几分,家长&nbsp;</span><span>做主花钱让他到外地一所管理很严的寄宿学校上学,上了一年多,感觉实在受不了,要求家&nbsp;长想办法把他转回到本市。家长开始不同意,后经不住他死缠硬磨,就给他办了转学。入校报到时,教导主任对他说,我们这个学校和你那所学校差不多,要求也很严格。你的头发就不符合要求,先去理发,然后上一个月试试看吧。该求助者认为国内的学没法上了,打算出国。<br>&nbsp;&nbsp;</span><span>&nbsp;&nbsp;&nbsp;&nbsp;<b>心理咨询师观察了解到的情况</b>:该求助者的父亲是单位领导,工作忙,和求助者沟通&nbsp;少。但家里的大事他做主,父亲同意其出国,其母亲为外贸公司会计,不同意其出国。父母感情好。</span>','案例介绍:       该求助者是独生子,很聪明,但从小贪玩。中考时升重点高中差',0,0,0,'2015-12-27 14:00:54','2015-12-27 14:00:54'),(96,16,9,'案例90','<SPAN><B><SPAN>案例介绍:<BR></SPAN></B>&nbsp;&nbsp;&nbsp;&nbsp;&nbsp;&nbsp; 下午六点,心理咨询师正准备下班,来了一位年轻女士,要求咨询,咨询师告诉她,咨询是要预约的,请她改日再来,她说,那不行,今天无论多晚,都必须要为她咨询,口气坚定,不容商量,又说她担负重要的任务,时间很紧,还戏虐地说,不就是晚吃会饭嘛,晚一会吃饭有利于身体健康,减减肥么。 </SPAN><SPAN><B>&nbsp;&nbsp;&nbsp; <BR></B><B>&nbsp;&nbsp;&nbsp;&nbsp;&nbsp;&nbsp; 心理咨询师观察到：</B><SPAN>该女士二十多岁,衣着打扮正常,朴素,没化妆,表情令人难以捉摸。咨询师请她入座后问她需要哪方面的帮助,她没有回答,然后自言自语地说:这个地方五年前我来过,你可真有本事,中秋节会吃粽子,耽误时间了,地铁是动车出事故,你能把抑郁症 治成精神分裂症,就这样,别啰嗦,开药吧。 <BR></SPAN></SPAN><SPAN>&nbsp;&nbsp;&nbsp;&nbsp;&nbsp;&nbsp; <B>以下是双方一段对话：</B><BR></SPAN><SPAN>&nbsp;&nbsp;&nbsp;&nbsp;&nbsp;&nbsp; 心理咨询师:你想开什么药?<BR></SPAN><SPAN>&nbsp;&nbsp;&nbsp;&nbsp;&nbsp;&nbsp; 该女士:维思通。&nbsp;<BR></SPAN><SPAN>&nbsp;&nbsp;&nbsp;&nbsp;&nbsp;&nbsp; 心理咨询师:为什么要吃维思通?<BR></SPAN>&nbsp;&nbsp;&nbsp;&nbsp;&nbsp;&nbsp; 该女士:他们说这个对我有用。<SPAN><BR>&nbsp;&nbsp;&nbsp;&nbsp;&nbsp;&nbsp; 心理咨询师:他们是谁啊?<BR></SPAN>&nbsp;&nbsp;&nbsp;&nbsp;&nbsp;&nbsp; 该女士:别装糊涂了,就是精神病院的那些所谓专家们。&nbsp;<SPAN><SPAN><BR>&nbsp;&nbsp;&nbsp;&nbsp;&nbsp;&nbsp; 心理咨询师:你找他们看过</SPAN>?&nbsp;</SPAN><SPAN><BR>&nbsp;&nbsp;&nbsp;&nbsp;&nbsp;&nbsp; 该女士:还住过院呢。<BR></SPAN><SPAN>&nbsp;&nbsp;&nbsp;&nbsp;&nbsp;&nbsp; 心理咨询师:那因为什么不继续找他们?<BR></SPAN>&nbsp;&nbsp;&nbsp;&nbsp;&nbsp;&nbsp; 该女士:我就不是他们谈的那个病,我是心理问题,你不是心理专家吗?','案例介绍:        下午六点,心理咨询师正准备下班,来了一位年轻女士,要求',0,0,0,'2015-12-27 14:02:51','2015-12-27 14:02:51'),(97,16,9,'案例91:一般资料:求助者,男性,28 岁,外企员工。','<span><b>&nbsp;案例介绍:</b><br>&nbsp;&nbsp;&nbsp;&nbsp;&nbsp;&nbsp; 求助者高大英俊,工作能力强,人际关系好,深受领导和同事的好评。求助&nbsp;</span><span>者与女友是大学同学,大学毕业时确立恋爱关系,两人相恋&nbsp;5&nbsp;年,感情融洽,已论及婚嫁,三个月前,求助者正准备为结婚购置婚房的时候,女友却突然提出分手,理由是觉得两个人不合适,求助者竭力挽回这段感情,但女友坚持分手,这让求助者在感情上受到很大打击。&nbsp;两个多月来,求助者想起结婚的事就郁郁寡欢,心情烦躁,最近食欲下降,经常失眠,工作时也无精打采,工作效率明显下降,有时还喝闷酒。时常向家人发脾气,说家人不能体会自己的心情,不够体谅自己,家人担心他一直这样消沉下去,劝说他来寻求帮助。<br>&nbsp;&nbsp;</span><span>&nbsp;&nbsp;&nbsp;&nbsp;<b>心理咨询师观察了解到的情况</b>:求助者是独生子,家庭条件优越,父母比较溺爱,&nbsp;个性好强。</span>',' 案例介绍:        求助者高大英俊,工作能力强,人际关系好,深受领导和同',0,0,0,'2015-12-27 14:02:55','2015-12-27 14:02:55'),(98,16,9,'案例92:一般资料:求助者,男性,15 岁,高中一年级学生。 ','<SPAN><B><SPAN>案例介绍:<BR></SPAN></B>&nbsp;&nbsp;&nbsp;&nbsp;&nbsp;&nbsp; 半年前,求助者升入重点高中。两个月前,求助者因为感冒发烧,导致期中考试没有取得好成绩。一个多月前,求助者在复习功课时,头脑中突然闪念“期末考试再考不好怎么办”。这种想法让求助者非常紧张,竭力让自己集中精力学习,可越是这样越难以集中注意力,还出现了记忆力下降的情况。这些情况让求助者非常担心,担心自己学习成绩会一直下降,将来考不上大学,没有光明的前途,甚至担心自己没有能力让父母安享晚年,这些担心让求助者紧张不安,很烦躁,只有不想学习的事情,心情才会好些。 </SPAN><SPAN><B>&nbsp;&nbsp;&nbsp; <BR>&nbsp;&nbsp;&nbsp;&nbsp;&nbsp;&nbsp; 心理咨询师观察了解到的情况:</B>求助者自幼学习成绩优异,父母要求严格,性格内向,追求完美。</SPAN>','案例介绍:        半年前,求助者升入重点高中。两个月前,求助者因为感冒发',0,0,0,'2015-12-27 14:03:26','2015-12-27 14:03:26'),(99,16,9,'案例93:一般资料:李某,男性,20 岁,大学生。','<span><b>案例介绍:</b><br>&nbsp;&nbsp;&nbsp;&nbsp;&nbsp;&nbsp;&nbsp;两个多月来,李某无明显诱因地逐渐出现敏感多疑,总觉得周围的男同学对&nbsp;自己有意见,并认为原因是一位漂亮的女同学喜欢自己,导致其他男同学嫉妒,进而对他有意见,近来,李某不论自己走到哪里,总能听见同学们在议论他,李某到班主任哪里反映情况,班主任经过调查证李某叙述的情况均不属实,因此要求家长带李某看病。<br>&nbsp;</span><b>下面是心理咨询师与李某的一段对话:<br>&nbsp;&nbsp;&nbsp;&nbsp;&nbsp;&nbsp; </b><span>心理咨询师:你怎么这道同学们对你有意见呢?<br>&nbsp;&nbsp;&nbsp;&nbsp;&nbsp; </span><span>李某:我感觉到的啊!我同宿舍的一个同学因为对我有意见,有时都不在宿舍住,而且不管我走到哪里,总有人在议论我,他们对我有意见!<br>&nbsp;&nbsp;&nbsp;&nbsp; &nbsp;</span><span>心理咨询师:你怎么知道他们在议论你呢?<br>&nbsp;&nbsp;&nbsp;&nbsp; &nbsp;</span><span>李某:我听见的啊!他们一直说我配不上那个女生,也不知道怎地,我的想法他们都知道了,他们现在还想害我!<br>&nbsp;&nbsp;&nbsp;&nbsp;  </span><span>心理咨询师:你怎么知道他们想害你?&nbsp;<br>&nbsp;&nbsp;&nbsp;&nbsp;&nbsp; </span><span>李某:有人告诉我的啊!我来这里的路上还听到有人和我说“千万别回学校,有人要害你!”。<br>&nbsp;&nbsp;&nbsp;&nbsp; &nbsp;</span><span>心理咨询师:如果家长带你去医院做检查,你愿意去吗?<br>&nbsp;&nbsp;&nbsp;&nbsp; &nbsp;</span><span>李某:我才不去呢,我又没病。</span>','案例介绍:        两个多月来,李某无明显诱因地逐渐出现敏感多疑,总觉得周',0,0,0,'2015-12-27 14:07:41','2015-12-27 14:07:41'),(100,16,9,'案例94:一般资料:求助者,女性,30 岁,大学文化,汉族,中学教师,已婚,经济状况良好。 ','<SPAN><B><SPAN>来访者自述:<BR></SPAN></B>&nbsp;&nbsp;&nbsp;&nbsp;&nbsp;&nbsp; 2个多月来时常处于情绪郁闷烦躁状态,感到委屈,有时独自落泪,认为现实是 冷酷无情的,对未来的婚姻生活悲观失望,认为夫妻感情已经走到了尽头,想到这些事就悔 恨和痛苦。吃不下饭,睡眠也不好,时有恶梦,白天注意力不集中,记忆力下降,容易急躁, 遇到小事也会对家人发脾气,虽然还能继续教学工作,在学生和同事面前觉得轻松了许多,但是,工作效率低,备课时经常出现小差错。不想与朋友谈论各自婚姻状况。多次想来咨询但又担心解决不了问题,在朋友的再三鼓励下,前来咨询。 </SPAN><SPAN><B>&nbsp;&nbsp;&nbsp; <BR>&nbsp;&nbsp;&nbsp;&nbsp;&nbsp;&nbsp; 心理咨询师观察了解的情况:</B>求助者自幼身体健康,无严重疾病史或精神障碍史。从小性格较内向,父母都是中学教师,对其品行道德方面要求比较严格。求助者从小到大学习和 生活一帆风顺,22岁时与大学同学恋爱结婚,丈夫毕业后考上公务员,婚后夫妻感情一直很融洽,26 岁时生育一子,儿子上幼儿园,自己一直感觉很幸福,同学也都很羡慕。2个多月前她偶尔发现丈夫在网上与一年轻女子的聊天记录,并发现两人有过约会和一夜情,就感觉天要塌下来,非常气愤,与丈夫大吵了一场,吵闹中把丈夫上网使用的笔记本电脑都给砸了,虽然丈夫一直表示悔改,与对方分手,每天回家承担各种家务,但求助者就是不能原谅他。曾想到离婚,有时想报复丈夫,告诉丈夫领导,但顾虑重重,在这种矛盾冲突下,情绪低落,脾气变得暴躁。遇到别人谈论婚姻问题时,特别敏感、脆弱,后来甚至看到年轻人谈恋爱都感到受不了。虽然还能坚持工作,但积极主动性较前降低。自己也想通过一些办法改变现状,如向朋友倾诉,寻求帮助,却难以解脱,故前来进行心理咨询。</SPAN>','来访者自述:        2个多月来时常处于情绪郁闷烦躁状态,感到委屈,有时独',0,0,0,'2015-12-27 14:07:49','2015-12-27 14:07:49'),(101,16,9,'案例95:','<span><b>案例介绍：</b><br>&nbsp;&nbsp;&nbsp;&nbsp;&nbsp;&nbsp; <span>赵某，女，20岁，大学二年级学生，体健无躯体不适，由同学陪伴来心理咨询室。陪伴同学说，赵某刚入学成绩挺好，一年级期末考试她在班上是第三名。上二年级后，有时发现她总是不合群，躲着同学，后来常和他人吵闹，说同学吐痰，咳嗽是专门针对她，是故意侮辱她，后来就不上课，好几门课不及格，就休学了，半年后回校，同学发现她最近和别人吵架较多，建议她来心理咨询，赵某很不情愿，在同学陪伴下，勉强前来咨询。<br></span></span><span>　　心理咨询师：你的同学说的情况是真的吗?<br></span>　　求助者：是，班上同学老嘲笑我，恨我，我受不了。<br><span>　　心理咨询师：有同学咳嗽可能不是针对你，他们可能感冒了。你有时不也咳嗽，是针对别人吗?<br></span>　　求助者：我不是，他们是。<br><span>　　心理咨询师：你不觉得你的想法是多疑吗?<br></span><span>　　求助者：我不是多疑……我没病。</span>','案例介绍：        赵某，女，20岁，大学二年级学生，体健无躯体不适，由同',0,0,0,'2015-12-28 11:35:08','2015-12-28 11:35:08'),(102,16,9,'案例96:一般资料：男，18岁，高中二年级学生，目前休学l年。','<span><b>案例介绍：</b><br>&nbsp;&nbsp;&nbsp;&nbsp;&nbsp;&nbsp; <span>求助者自小少语寡言，交往少，脾气暴躁，1年前因父亲意外身亡和失恋，开始失眠、呆滞、郁郁不乐，说：“我活不了几天了，我有罪。”听到火车鸣响就害怕，听到鸡鸣狗叫也恐慌，见到警察就称“我有罪”，回家后就问家人：“警察和你们谈过话吗?为什么我想的事别人都知道?”认为自己脑子里想的事别人知道了。“监视器就是邻居家的录音机和自己的手表”。不时侧耳倾听“地球的隆隆响声”。一次，突然对电扇下跪，说听到电风扇有一男声责骂他是“坏人”;求助者时常自言自语，对母亲不象以前那么关心了，生活极端懒散，整天不刷牙洗脸甚至不主动摄食。求助者不认为自己有病，在母亲的反复劝说下，才勉强被带到心理门诊。</span></span>','案例介绍：        求助者自小少语寡言，交往少，脾气暴躁，1年前因父亲意外',0,0,0,'2015-12-28 11:36:16','2015-12-28 11:36:16'),(103,16,9,'案例97:一般资料：女，35岁，离异，公司销售主管。','<span><b>求助问题：</b><br>&nbsp;&nbsp;&nbsp;&nbsp;&nbsp;&nbsp; <span>婚恋情感问题，4个月。<br></span></span><span><b>求助者自述：</b><br>&nbsp;&nbsp;&nbsp;&nbsp;&nbsp; 我与前夫婚后10年里关系一直很好，而且，我曾相信我们是一生一世的爱情。然而，有一天我无间发现对自己体贴入微的丈夫，竟然有个“红颜知己”，而且这个“红颜知己”居然是我的闺中密友，他们的关系已非同一般，我的心一下子碎了，我还敢相信所谓的爱情、友情吗?我怎么也不明白，我们如此恩爱，他为何还在外边沾花惹草。在痛苦到极点的情况下，我决定报复他。于是，我开始上网交网友，与陌生的男人接触，再后来，就与一个40多岁的成功人士在宾馆里开了房间……事后，我又感到后悔不已，但想到丈夫的不忠，我也就平衡了许多。不过这件事后，我和丈夫的关系越发紧张起来，后来不得不离婚。离婚后，我反思自己，一方面怪自己不检点，另一方面对婚姻悲观失望，不愿看爱情婚姻方面的电视，见到别人结婚甚至会为他们悲伤掉眼泪。现在觉得工作没干劲，生活都无意义，为此感到痛苦，虽然向亲朋好友倾诉寻求帮助，但却难解脱，担心这样下去会发展成“精神病”，所以前来进行心理咨询。</span>','求助问题：        婚恋情感问题，4个月。 求助者自述：       我与',0,0,0,'2015-12-28 11:39:52','2015-12-28 11:39:52'),(104,16,9,'案例97:一般资料：女，35岁，离异，公司销售主管。','<span><b>求助问题：</b><br>&nbsp;&nbsp;&nbsp;&nbsp;&nbsp;&nbsp; <span>婚恋情感问题，4个月。<br></span></span><span><b>求助者自述：</b><br>&nbsp;&nbsp;&nbsp;&nbsp;&nbsp; 我与前夫婚后10年里关系一直很好，而且，我曾相信我们是一生一世的爱情。然而，有一天我无间发现对自己体贴入微的丈夫，竟然有个“红颜知己”，而且这个“红颜知己”居然是我的闺中密友，他们的关系已非同一般，我的心一下子碎了，我还敢相信所谓的爱情、友情吗?我怎么也不明白，我们如此恩爱，他为何还在外边沾花惹草。在痛苦到极点的情况下，我决定报复他。于是，我开始上网交网友，与陌生的男人接触，再后来，就与一个40多岁的成功人士在宾馆里开了房间……事后，我又感到后悔不已，但想到丈夫的不忠，我也就平衡了许多。不过这件事后，我和丈夫的关系越发紧张起来，后来不得不离婚。离婚后，我反思自己，一方面怪自己不检点，另一方面对婚姻悲观失望，不愿看爱情婚姻方面的电视，见到别人结婚甚至会为他们悲伤掉眼泪。现在觉得工作没干劲，生活都无意义，为此感到痛苦，虽然向亲朋好友倾诉寻求帮助，但却难解脱，担心这样下去会发展成“精神病”，所以前来进行心理咨询。</span>','求助问题：        婚恋情感问题，4个月。 求助者自述：       我与',0,0,0,'2015-12-28 11:40:14','2015-12-28 11:40:14'),(105,16,9,'案例98:一般资料：男，29岁，海外归国留学生。公司技术主管。','<span><b>求助问题：</b><br>&nbsp;&nbsp;&nbsp;&nbsp;&nbsp;&nbsp; 认为自己已感染艾滋病病毒，伴有心慌、失眠、烦躁7个月来就诊。</span><span>　<br><b>案例介绍：</b><br>&nbsp;&nbsp;&nbsp;&nbsp;&nbsp; <span>求助者7个月前，因其海外同学被诊断为艾滋病患者后，联想到自己在海外也曾有过不洁性行为，故非常担心自己也感染了艾滋病。为此，出现食欲减退，失眠，并感觉全身无力。自己偷偷去医院做化验，检查结果为阴性。心情暂时放松了一段时间，后来又听说感染艾滋病后一段时间内，化验结果也可能为阴性。这样，求助者的心情再次紧张起来，多次反复去不同的医院化验检查，检查结果皆为阴性。尽管专家已保证未感染，但求助者仍不放心，认为自己已感染了艾滋病，目前的仪器不够灵敏，所以查不出。整日担心害怕，并伴有烦躁不安，失眠多梦，心慌盗汗等症状，感觉工作生活没有了意义，工作中多次出现差错，险些造成重大经济报失。求助者性格较内向、敏感、多疑、好幻想。家人观察到他的变化后反复追问其原因，才告知家人，求助者在家人的督促下怀着半信半疑的心情来心理科咨询。</span></span>','求助问题：        认为自己已感染艾滋病病毒，伴有心慌、失眠、烦躁7个月来',0,0,0,'2015-12-28 11:41:50','2015-12-28 11:41:50'),(106,16,9,'案例99:一般资料：男，43岁，工人。','<span><b>求助问题：</b><br>&nbsp;&nbsp;&nbsp;&nbsp;&nbsp; 夫妻关系紧张2个月。</span><span>　　<br><b>求助者自述：</b><br>&nbsp;&nbsp;&nbsp;&nbsp;&nbsp;&nbsp; <span>我在老单位是个班组长，大小也是个“芝麻绿豆官”，说话有人听。2个月前单位进行改革，调到新单位，变成一个“小三子”，人人都可以讲我，都能指挥我。这个单位效益也不太好，我们这些人合并过去以后就更不好了，他们有时难免风言风语刺激我们。老实说谁愿意这样呢?在单位受一肚子气，回家再不说，肚皮不要胀破啊?老婆虽然在劝我，但是讲来讲去就那几句话我听都听腻了，又不解决我的问题，也不理解我的处境和苦衷，我越听气越大，就发火了。发发，发发，也就习惯了，一碰就要发，难以控制。妻子不能理解我，还威胁说要与我离婚。我觉得自己活大半辈子都白活了，自己挺没用的，要事业没事业，要家庭没家庭的，有时想活着真没劲，干什么都没劲。原来喜欢与工友打牌，现在也不想玩了，觉得还不如死了算了，甚至想在街上被汽车撞死得了，但又有些不甘心，毕竟还有孩子。今天来心理门诊也不知该不该来。</span></span>','求助问题：       夫妻关系紧张2个月。　　 求助者自述：        我',0,0,0,'2015-12-28 11:43:10','2015-12-28 11:43:10'),(107,16,9,'案例99:一般资料：男，43岁，工人。','<span><b>求助问题：</b><br>&nbsp;&nbsp;&nbsp;&nbsp;&nbsp; 夫妻关系紧张2个月。</span><span>　　<br><b>求助者自述：</b><br>&nbsp;&nbsp;&nbsp;&nbsp;&nbsp;&nbsp; <span>我在老单位是个班组长，大小也是个“芝麻绿豆官”，说话有人听。2个月前单位进行改革，调到新单位，变成一个“小三子”，人人都可以讲我，都能指挥我。这个单位效益也不太好，我们这些人合并过去以后就更不好了，他们有时难免风言风语刺激我们。老实说谁愿意这样呢?在单位受一肚子气，回家再不说，肚皮不要胀破啊?老婆虽然在劝我，但是讲来讲去就那几句话我听都听腻了，又不解决我的问题，也不理解我的处境和苦衷，我越听气越大，就发火了。发发，发发，也就习惯了，一碰就要发，难以控制。妻子不能理解我，还威胁说要与我离婚。我觉得自己活大半辈子都白活了，自己挺没用的，要事业没事业，要家庭没家庭的，有时想活着真没劲，干什么都没劲。原来喜欢与工友打牌，现在也不想玩了，觉得还不如死了算了，甚至想在街上被汽车撞死得了，但又有些不甘心，毕竟还有孩子。今天来心理门诊也不知该不该来。</span></span>','求助问题：       夫妻关系紧张2个月。　　 求助者自述：        我',0,0,0,'2015-12-28 11:43:33','2015-12-28 11:43:33'),(108,16,9,'案例100:一般资料：男，32岁，己婚，部门经理。','<span><b>求助问题：</b><br>&nbsp;&nbsp;&nbsp;&nbsp;&nbsp;&nbsp; 开会发言紧张，伴失眠2个月。</span><span>　　<br><b>案例介绍：</b><br>&nbsp;&nbsp;&nbsp;&nbsp;&nbsp;&nbsp; <span>2个月来，求助者出现害怕在每周经理例会上发言(汇报自己一周的工作情况)的症状，每次开会前都会异常紧张，会议开始时不敢看总经理的脸，没有心思听其他人汇报工作。轮到自己发言时心跳加剧，脸红，出汗，腿不停颤抖，有时出现口吃，感到说话异常艰难，只好简单地把自己一周的工作说一说，草草结束。当时心想，总经理一定对他的工作表现不满意，其他人会不会正嘲笑他，为自己的紧张反应感到羞耻。为此非常苦恼，情绪低落，食欲下降，并出现失眠。由于紧张症状的存在，求助者经常找借口回避开会，或者在开会时尽量说得简单一点快一点，这样他就不必详细介绍自己的工作情况，以免老总和其他经理发现他工作中的问题。求助者担心如果症状这样发展下去，对自己的事业发展非常不利，可能会失掉这个部门经理的职位。要求进行心理咨询，希望能消除开会发言时的紧张反应。心理咨询师询问他在其他社交场合的表现，求助者认为自己与朋友在一起从不感到紧张，经常谈笑风生，只有在面对总经理和其他部门经理时才会紧张。</span></span>','求助问题：        开会发言紧张，伴失眠2个月。　　 案例介绍：     ',0,0,0,'2015-12-28 11:44:50','2015-12-28 11:44:50'),(109,16,9,'案例101:一般资料：男，28岁，未婚，公司职员。','<span><b>求助问题：</b><br>&nbsp;&nbsp;&nbsp;&nbsp;&nbsp;&nbsp; 反复思考毫无意义的问题，伴急躁和睡眠障碍2个月。</span><span>　　<br><b>案例介绍：</b><br>&nbsp;&nbsp;&nbsp;&nbsp;&nbsp;&nbsp; <span>近2个月来反复思考一些毫无意义的问题，如“洗水果时是多用一点水好，还是少用一点好”，“削带皮的蔬菜如黄瓜时，是去皮厚一点好还是薄一点好”，等等。虽然认为想这些没必要，但还是控制不住地想。继而出现洗衣服时总担心洗不干净而反复洗涤，直到自认为洗干净为止，为此耽误了许多时间。后来又出现了一种奇怪的想法，走过街天桥时总想着跳下去，为此感到害怕，尽量避免走过街天桥。因而非常烦恼，脾气变得急躁，遇到一点小事就爱发火，经常感到疲惫，睡眠不好，常到凌晨一两点才能入睡，醒来感觉昏昏沉沉。由于这些问题的困扰，工作、生活受到了影响，虽尚能坚持应对，但感觉苦恼，希望尽快解决，因此前来心理咨询。</span></span>','求助问题：        反复思考毫无意义的问题，伴急躁和睡眠障碍2个月。　　 ',0,0,0,'2015-12-28 11:47:51','2015-12-28 11:47:51'),(110,16,9,'案例102:一般资料：某女，26岁，离异，某机关公务员。','<span><b>求助者自述：</b><br>&nbsp;&nbsp;&nbsp;&nbsp;&nbsp;&nbsp; 我出生于干部家庭，家教一直很严，父母一直要求孩子做好每一件事情，因此我养成了严格要求自己的习惯。从小学到大学，从读书到工作一直是比较顺利的。可在婚姻上却很不顺，我与前夫是大学同班同学，他人比较英俊，学习成绩也很优秀，虽然性格内向，但我还是非常喜欢他，大学快毕业时我们俩确立了恋爱关系，但是遭到我的家庭的反对，父母认为我们两人性格相差很大，不容易相处，但我一直坚持，后来我父母也只得同意了。但婚后的朝夕相处使我发觉我与前夫在性格、生活方式、生活习惯等方面确有较大差距，可能因为都是独生子女，我们两人经常因一些小事发生争吵，前夫还经常无故猜疑与我交往的男性，有时还跟踪我上下班，检查我的手机。我曾经多次与他沟通，但是始终无法达成共识，我终因无法忍受他的种种无端猜忌，以夫妻感情不和为由提出离婚。离婚后，我曾有一段时间十分忧郁，悔恨没有听从找家人的劝告，后来由于朋友、父母的关心，我逐渐好转，恢复了原来开朗的性格。但是不幸婚姻经历的阴影总是涌上心头，挥之不去。3个月前，我在工作中接触的一位男性向我表达了爱慕之情，我对他也有好感。我还年轻，按理说应该再婚，我也有再婚的想法，可万一失败怎么办?我前夫那样优秀的一个人，我们都失败了，万一和这个人也是这种结果，我可怎么活呢?我一想起这件事就烦得要命，心里很紧张，担心重蹈覆辙，害怕婚姻再一次的失败。晚上睡不着，白天没精神，觉得特别累，饭也不想吃，班也懒得上，大部分应酬都推掉了。我哪有心情啊，最近一段时间还爱发脾气，真不知该怎么办好!我感到十分苦恼，心情也很不好，工作中也出现了一些问题，被领导批评了好几次。</span><span>　　<br><b>心理咨询师观察了解的情况：</b><br>&nbsp;&nbsp;&nbsp;&nbsp;&nbsp;&nbsp; <span>求助者是独生女，相貌一般，衣着整洁，神情紧张，身体不放松，咨询过程比较配合。父母亲均是国家干部，母亲要求很严，自幼性格活泼、外向、身体健康、无重大疾病史。大学期间与同班同学确立恋爱关系，大学毕业后结婚，婚后一年离异，无生育史，现与父母同住。求助者平时对自己要求严格，自尊心很强;人际关系良好，能胜任工作，工作成绩优秀。3个月前一位男士向求助者示爱，她不如道如何对待，一想起这个事情就紧张、心烦、对婚姻担心、畏俱，不想吃东西，精力减退、工作中也出现了差错，被领导批评，求助者感到痛苦。曾和家人及朋友诉说自己的苦闷，但仍然无法解决问题，希望心理咨询师能给予帮助。求助者家族无精神病史及遗传病史。</span></span>','求助者自述：        我出生于干部家庭，家教一直很严，父母一直要求孩子做好',0,0,0,'2015-12-28 11:50:43','2015-12-28 11:50:43'),(111,16,9,'案例102:一般资料：某女，26岁，离异，某机关公务员。','<span><b>求助者自述：</b><br>&nbsp;&nbsp;&nbsp;&nbsp;&nbsp;&nbsp; 我出生于干部家庭，家教一直很严，父母一直要求孩子做好每一件事情，因此我养成了严格要求自己的习惯。从小学到大学，从读书到工作一直是比较顺利的。可在婚姻上却很不顺，我与前夫是大学同班同学，他人比较英俊，学习成绩也很优秀，虽然性格内向，但我还是非常喜欢他，大学快毕业时我们俩确立了恋爱关系，但是遭到我的家庭的反对，父母认为我们两人性格相差很大，不容易相处，但我一直坚持，后来我父母也只得同意了。但婚后的朝夕相处使我发觉我与前夫在性格、生活方式、生活习惯等方面确有较大差距，可能因为都是独生子女，我们两人经常因一些小事发生争吵，前夫还经常无故猜疑与我交往的男性，有时还跟踪我上下班，检查我的手机。我曾经多次与他沟通，但是始终无法达成共识，我终因无法忍受他的种种无端猜忌，以夫妻感情不和为由提出离婚。离婚后，我曾有一段时间十分忧郁，悔恨没有听从找家人的劝告，后来由于朋友、父母的关心，我逐渐好转，恢复了原来开朗的性格。但是不幸婚姻经历的阴影总是涌上心头，挥之不去。3个月前，我在工作中接触的一位男性向我表达了爱慕之情，我对他也有好感。我还年轻，按理说应该再婚，我也有再婚的想法，可万一失败怎么办?我前夫那样优秀的一个人，我们都失败了，万一和这个人也是这种结果，我可怎么活呢?我一想起这件事就烦得要命，心里很紧张，担心重蹈覆辙，害怕婚姻再一次的失败。晚上睡不着，白天没精神，觉得特别累，饭也不想吃，班也懒得上，大部分应酬都推掉了。我哪有心情啊，最近一段时间还爱发脾气，真不知该怎么办好!我感到十分苦恼，心情也很不好，工作中也出现了一些问题，被领导批评了好几次。</span><span>　　<br><b>心理咨询师观察了解的情况：</b><br>&nbsp;&nbsp;&nbsp;&nbsp;&nbsp;&nbsp; <span>求助者是独生女，相貌一般，衣着整洁，神情紧张，身体不放松，咨询过程比较配合。父母亲均是国家干部，母亲要求很严，自幼性格活泼、外向、身体健康、无重大疾病史。大学期间与同班同学确立恋爱关系，大学毕业后结婚，婚后一年离异，无生育史，现与父母同住。求助者平时对自己要求严格，自尊心很强;人际关系良好，能胜任工作，工作成绩优秀。3个月前一位男士向求助者示爱，她不如道如何对待，一想起这个事情就紧张、心烦、对婚姻担心、畏俱，不想吃东西，精力减退、工作中也出现了差错，被领导批评，求助者感到痛苦。曾和家人及朋友诉说自己的苦闷，但仍然无法解决问题，希望心理咨询师能给予帮助。求助者家族无精神病史及遗传病史。</span></span>','求助者自述：        我出生于干部家庭，家教一直很严，父母一直要求孩子做好',0,0,0,'2015-12-28 11:51:16','2015-12-28 11:51:16'),(112,16,9,'案例103:一般资料：男性，17岁，未婚，中专学生。','<span><b>求助者自述：</b><br>&nbsp;&nbsp;&nbsp;&nbsp;&nbsp; 我最近一个多月心情很烦，不想见人，什么事都不想做，尤其不愿去学校，同学都笑我，压力很大。</span><span>　&nbsp;<br><b>&nbsp;案例介绍：</b><br>&nbsp;&nbsp;&nbsp;&nbsp;&nbsp; 求助者父亲介绍，半年多前这孩子脸上起了一些青春痘，后来越长越多。他老是用手挤，约两个月前开始感染，青春痘颜色加重，用了很多药也不管用，孩子思想负担越来越重，怕别人问怕见人，经常不去上学。<br></span><b>下面是心理咨询师与求助者的一段咨询谈话：</b><br><span>　　心理咨询师：你好，请坐，我是心理咨询师，你有什么问题，咱们谈谈吧!<br></span><span>　　求助者：你看我脸这样，怎么见人，你能帮帮我吗?<br></span><span>　　心理咨询师：你能谈谈脸怎么了?让你不能见人?<br></span><span>　　求助者：半年前我脸上起了一些青春痘。我就忍不住用手抠，可是没想到近两月前开始感染，青春痘颜色加重，还越来越大，用了很多药却不管用。一天，女同学们在讨论哪个帅哪个酷，我从旁边过她们就不说了，但我走过去后就听到一阵笑声，我想他们肯定在议论我，说我的青春痘。从那以后我感觉青春痘影响了我，我变丑了，我怕见人，尤其不愿去去学校，怕同学笑话，走路也低着头，没有一点信心，情绪也不好很痛苦，觉得没意思。我决心治好了再上学，可我不学习就没法按时毕业，也就没前途了。您说我该怎么办?<br></span><span>　　心理咨询师：哦，听了你说的请况我也很为你着急，本来应该在学校上课，却因为长青春痘缺课这么多，你认为同学们都笑话你，这让你感到心情烦恼痛苦，是吗?<br></span><span>　　求助者：是的。医生说长青春痘是正常的，但都治了好几个月了还不见好，别人一看我，我就心跳，他们肯定觉得我特难看，所以我不愿见人，更不愿去学校，想治好了再去。家里人嫌我缺课太多。我也知道，但就是不愿见人，所以来求您看怎么办?</span>','求助者自述：       我最近一个多月心情很烦，不想见人，什么事都不想做，尤其',0,0,0,'2015-12-28 11:54:38','2015-12-28 11:54:38'),(113,16,9,'案例104:一般资料：女性，24岁，未婚，出纳员。','<SPAN><B>求助者自述：</B>近两年来，总感到哪里都脏，尤其是钱，所以反复洗手，把手都洗脱皮了也不行，知道这样不好但就是控制不住。</SPAN><SPAN><SPAN>　　<BR><B>&nbsp;&nbsp;&nbsp;&nbsp;&nbsp;&nbsp; 案例介绍：</B>求助者十年前有一次去医院看同学，回家没有洗手就吃苹果。被父母发现后训斥，告诉她不洗手就吃东西就会得病的，为此心里担心害怕失眠了两天。从此以后，每次放学回家，都要认真洗手，这事就过去了，两年前当了出纳员，每天与钱打交道，总觉得钱不干净，上面有多少细菌啊，所以下班后反复洗手，明知已经挺干净了，可还是控制不住，否则就心慌，总担心</SPAN>“万一没洗干净呢?”，很耽误时间，为此十分苦恼，以至于近来无法上班，一个月前，开始担心自己会得精神病，情绪低落，失眠，经常头痛，反复看病就医，但又不愿吃医生开的药，因为说明书上说有很多副作用，父母觉得女儿没有精神病，陪她来做心理咨询。</SPAN><SPAN>　　<BR><B>&nbsp;&nbsp;&nbsp;&nbsp;&nbsp;&nbsp; 求助者父母反映：</B>求助者是独生子女，家里管教很严，小时候不让她自己出去玩。因父母工作忙，把她送到外婆家看养，外婆对她保护得很厉害，不许她与其他得小朋友玩，每天按时吃饭睡觉。上学后，学习很认真，成绩优良，同学关系一般，听父母的话，做事很认真，比较胆小，大学毕业后考研究生失败后，情绪一度低落，睡眠不好，参加工作后较顺利，当出纳员，每天与钱打交道，总以为钱脏，洗手的次数越来越多。近来情绪低落，无法上班。</SPAN>','求助者自述：近两年来，总感到哪里都脏，尤其是钱，所以反复洗手，把手都洗脱皮了也不',0,0,0,'2015-12-28 11:55:37','2015-12-28 11:55:37'),(114,16,9,'案例105:一般资料：女性，49岁，大学专科毕业，机关公务员。','<span><b>求助者自述：</b><br>&nbsp;&nbsp;&nbsp;&nbsp;&nbsp;&nbsp; 上高中的儿子与班里一女同学谈恋爱，结果学习成绩下降，老师请了家长。我回家后狠狠地批评了他，可他根本不听，丈夫还偏向他，说孩子交女朋友也是正常的。父子两个居然都不听话，气死我了，半个多月来情绪一直不好，郁闷、头痛。</span><span>　　<br><b>案例介绍：</b><br>&nbsp;&nbsp;&nbsp;&nbsp;&nbsp;&nbsp; <span>求助者三十多岁才生孩子，平时对孩子照顾得无微不至，孩子小时候比较听话，学习也不错，但上高中后就变得不爱和父母交流，自从老师找过家长后，求助者情绪郁闷，生气头痛，不知如何办?<br></span></span><b>下面是心理咨询师与求助者的一段咨询谈话：</b><br><span>　　心理咨询师：你觉得是什么原因使你处于目前这种情绪状态中?<br></span><span>　　求助者：当然是我儿子了，那还用说吗?他一点儿都不听我的话，学习成绩下降，将来怎么考大学?有比这更糟糕的事吗?<br></span><span>　　心理咨询师：你的意思是孩子必须听你的话?<br></span><span>　　求助者：是的，孩子怎么能不听家长的话?<br></span>　　心理咨询师：按照你的说法，你是妈妈，孩子必须听你的话。<br><span>　　求助者：那当然了。我让他不要谈恋爱是对他好，他这个年龄就不应该谈什么恋爱，谈恋爱就会影响学习。让他学习是为他将来考个好大学，……总之我是母亲他应该听我的话。<br></span>　　心理咨询师：按你所说的，你信奉的是孩子必须听你的话。<br>　　求助者：对的。<br>　　心理咨询师：因此，你做孩子时，你肯定听你妈妈的话。<br><span>　　求助者：对，(犹豫)好像也不全是，我妈妈对的我都听了，我妈妈错的，我也没听。<br></span><span>　　心理咨询师：对或错的标准在你手里，还是你妈妈手里?<br></span><span>　　求助者：(不好意思地笑了)在我手里，<br></span>　　心理咨询师：你做孩子时可以不听你妈妈的话，现在你要求你的孩子必须听你的话，这似乎有些矛盾，你能解释一下吗?<span>　<br>&nbsp;&nbsp; 　求助者：(沉默)我有些明白了，你的意思是说我没有听我妈妈的话，我的孩子也可能不听我的话，也就是说我不能要求我一讲话孩子就必须听?<br></span><span>　　心理咨询师：是的，你可以想想，这和你的情绪有什么关系?<br></span>　　求助者：我明白了，我生气的原因就是我要求孩子必须听我的，我要是不这样要求就不会生气了。','求助者自述：        上高中的儿子与班里一女同学谈恋爱，结果学习成绩下降，',0,0,0,'2015-12-28 11:58:55','2015-12-28 11:58:55'),(115,16,9,'案例106:一般资料：男性，21岁，未婚，业务员。','<SPAN><B>求助者自述：</B>近半年来，见到女性就感到紧张、脸红，甚至不敢接触异性目光接触，有意躲避异性，影响了工作和生活，十分痛苦。</SPAN><SPAN><SPAN>　　<BR><B>案例介绍：<BR></B>&nbsp;&nbsp;&nbsp;&nbsp;&nbsp;&nbsp; 求助者在一购物时无意中与一女士身体碰触，女士大喊</SPAN>“流氓”，求助者赶紧解释不是故意的，并连说：“对不起”，当时他特别尴尬，满连通红，又感觉特别委屈，真想找个地缝钻进去。从那以后，见到女性就感到紧张、脸红，逐渐发展到不敢与异性目光接触，有意躲避异性。在公共场合人多时总怀疑别人会议论自己。必须与异性接触时就心慌、头晕，出汗、紧张。为此情绪不高，现在因害怕已不能上班，严重影响了工作和生活，明明知道没必要紧张害怕，可就是改变不了，十分痛苦，担心这样下去会得精神病，因而来找心理咨询师寻求帮助。</SPAN>','求助者自述：近半年来，见到女性就感到紧张、脸红，甚至不敢接触异性目光接触，有意躲',0,0,0,'2015-12-28 11:59:25','2015-12-28 11:59:25'),(117,16,9,'案例107:一般资料：男性，57岁，已婚，总工程师。','<span><b>求助者自述：</b><br>&nbsp;&nbsp;&nbsp;&nbsp;&nbsp; <span>半年前儿子突然车祸去世，我当时就病倒了，血压升高，胸闷气急，没有一点食欲，整日呆坐，回想那天儿子出门时的情况，没人时自己就痛苦一阵，妻子身体也不好正在住院，我经常想还不如跟儿子一起去吧。儿子是我家的宝贝独子，很优秀，刚从国外留学回来，是我们全家的希望，我们年纪大了，工作活着不都是为了孩子吗，孩子走了我活着还有什么意义?要不是我还有父母在世，他们需要我照顾，我就和儿子一起走了，现在越来越觉得情绪低落，没有一点生活乐趣，班也不上了，每天除了呆坐什么都干不了，饭也经常不吃，失眠头晕，内心十分痛苦，故来求助。</span></span>','求助者自述：       半年前儿子突然车祸去世，我当时就病倒了，血压升高，胸闷',0,0,0,'2015-12-28 12:01:17','2015-12-28 12:01:17'),(118,16,9,'案例108:一般资料：男性，44岁，已婚，本科毕业，某公司职员。','<SPAN><B>求助问题：<BR></B>&nbsp;&nbsp;&nbsp;&nbsp;&nbsp;&nbsp; 近半年来一直处于情绪低落状态，感到愤怒和委屈、烦躁，对什么事情都不感兴趣，入睡困难。</SPAN><SPAN><SPAN>　　<BR><B>求助者自述：<BR></B>&nbsp;&nbsp;&nbsp;&nbsp;&nbsp;&nbsp; 我大学本科毕业后一直在一家国企部门工作，三十岁就当上了总经理，对工作兢兢业业，业绩是同行业中的佼佼者，同事关系也不错，家庭和经济状况也比较稳定。半年前国企改制，领导干部竞争上岗，人员重新招聘，没想到我居然落聘了。新聘任的总经理才</SPAN>32岁，没什么本事，要不是他舅舅在部里当副部长，他才当不上呢!我不服，向上级主管部门反映，可上级说竞争上岗就是要优胜劣汰，要我服从大局。我受不了这种气，要求换单位，但他们不同意，还让我在原来部门工作。新经理业务不是特别懂，可又不完全听我的，天天听小年轻的指挥，真让我难受。我烦，我气，情绪也不高，觉得特别委屈和冤枉，我哪有兴趣干工作啊，一天到晚打不起精神，也没什么胃口，吃什么都不香，晚上睡不着，有时折腾到夜里两三点才睡，白天头昏脑胀，注意力不集中，记忆力也下降了，还容易急躁，遇到一点小事就爱对人发脾气，看到同事们在说话，总怀疑是不是在议论我。自从新的总经理上任后，我都不好意思出门见人了，各种各样的聚会我都给推掉了。家里人见我这样都说我有毛病了，我有什么毛病，还不是让他们给气的?我一点都不老，真不甘心就这样失败了，这事确实让我很痛苦。他们说心理咨询能帮我解除痛苦，我也不知道心理咨询是怎么回事?您真能帮我解除痛苦吗?我真的有心理问题?</SPAN><SPAN><SPAN>　　<BR><B>咨询师的观察与了解：<BR></B>&nbsp;&nbsp;&nbsp;&nbsp;&nbsp;&nbsp; 求助者自幼身体健康，未患过严重疾病。从小性格较内向。懂事听话，在父母老师眼中是个好孩子，没有什么过错让父母担心。父母要求较严格，从小到大学习和生活一帆风顺。</SPAN>23岁大学毕业后一直在现单位工作，工作踏实努力，与同事关系良好，从不与人发生激烈争执。工作上没有大的错误，但缺乏创新精神，原有的管理模式与经验已不适应现代化大企业的发展，因此在国有改制中落聘。对此耿耿于怀，总觉得新上任的年轻总经理没本事，总与自己过不去。感觉委屈冤枉，想换个单位，上级没批准，想办退休又觉得早了些，因此内心极不舒服。在这种矛盾冲突下，情绪低落，脾气变得急躁。遇到别人谈论工作或领导上司，就特别敏感、愤怒。看到单位人扎堆聊天就觉的在议论自己，勉强上班，但无所事事。</SPAN>','求助问题：        近半年来一直处于情绪低落状态，感到愤怒和委屈、烦躁，对',0,0,0,'2015-12-28 12:01:32','2015-12-28 12:01:32'),(119,16,9,'案例109：一般资料：求助者，女性，22岁，工人','<span><b>案例介绍：</b><br>&nbsp;&nbsp;&nbsp;&nbsp;&nbsp;&nbsp; 求助者从小受当医生的妈妈影响怕脏，只要别人碰过的衣物就要洗或丢弃，只要手碰了认为不干净的东西就洗个不停，自己控制不住，非常痛苦。求助者刚来工厂不久，生活上有些不适应。老职工赵某在生活上帮助她，业务上指导她，因此关系比较密切。某次业务考试，求助者不及格，内心紧张，后听别人说赵某曾患有“传染性肝炎”，因此更加紧张，怕被传染上，于是将所有被赵某接触过的衣物器皿丢掉。如果自己碰到被赵某摸过的东西就不断地洗手，直到双手发白为止，否则就会内心紧张，甚至感到思维都不灵活了。自己也知道这样是没必要的，但无法控制。求助者担心并十分痛苦，所以前来咨询。</span><span>　　<br><b>心理咨询师观察了解到的情况：</b><br>&nbsp;&nbsp;&nbsp;&nbsp;&nbsp;&nbsp;&nbsp; 家属反映，求助者性格内向，做事拘谨，一丝不苟，对自己要求严格，追求完美。</span>','案例介绍：        求助者从小受当医生的妈妈影响怕脏，只要别人碰过的衣物就',0,0,0,'2015-12-28 12:05:34','2015-12-28 12:05:34'),(120,16,9,'案例110：一般资料：求助者，男性，24岁.运动员。','<SPAN><B>案例介绍：<BR></B>&nbsp;&nbsp;&nbsp;&nbsp;&nbsp;&nbsp; 求助者经常要参加比赛。半年前在报纸上看到有一位著名的马拉松选手在比赛中突然倒地身亡，死因是心律失常。求助者从此开始密切关注自己的心脏，天天为自己把脉。三个月前偶然出现一次心脏早搏，心脏好像悬空，出现了坐电梯的那种感觉。求助者觉得自己的心脏出了问题，担心会突发心脏病死掉，从此四处求医看病。而医生经过仔细的体检和心电图检查后，告诉他心脏没有异常，可以继续参加比赛。但他一点也不相信，很害怕自己有病没有诊断出来。继续四处求医，做了各种检查，还是没有发现器质性病变。他觉得那些医生医术不高明，或检查出了问题却有意瞒着他，于是花大量时间查阅医学书籍。结果没有让他轻松，反倒使他更加焦虑痛苦。现在求助者每天所考虑的就是自己的病，无法集中精力投入训练，因心烦和朋友的交往也越来越少，白天心烦，晚上睡不着，体重也有所下降。</SPAN><SPAN>　　<BR><B>心理咨询师观察了解到的情况：<BR></B>&nbsp;&nbsp;&nbsp;&nbsp;&nbsp;&nbsp; 亲属反映，求助者是国家级运动员，很有成就，人际关系良好。从小性格内向，对自己的身体健康非常关注。</SPAN>','案例介绍：        求助者经常要参加比赛。半年前在报纸上看到有一位著名的马',0,0,0,'2015-12-28 12:05:40','2015-12-28 12:05:40'),(121,16,9,'案例111：一般资料：求助者，男性，33岁，外企职员。','<span><b>案例介绍：</b><br>&nbsp;&nbsp;&nbsp;&nbsp;&nbsp;&nbsp; 求助者大学毕业后进入某外企公司，因人际关系好，能力强。工作很勤奋，深得上司及客户的好评，很快晋升为部门经理。但天有不测风云，由于政策的变化，求助者所在部门的业务逐渐萎缩，公司进行调整，他被调整到其他部门作普通职员。职务没有了，工资待遇也降了两千余元，求助者心里很不是滋味，有时喝闷酒，看什么都不顺眼，经常发脾气，甚至乱扔家里的东西。虽然目前的收入足以使他衣食无忧，但他就是心里有种说不出的烦躁。甚至觉得自己无能，没用，对前途很担忧，对妻子、朋友的劝说也听不进去，以前他是同事、同学的聚会的召集人，现在却经常找理由逃避聚会，工作效率也降低了。觉得妻子不理解他，有时和妻子吵架，对女儿发脾气。最近出现胸闷、头晕，没食欲，全身乏力，入睡困难，主动前来咨询。</span>','案例介绍：        求助者大学毕业后进入某外企公司，因人际关系好，能力强。',0,0,0,'2015-12-28 12:06:34','2015-12-28 12:06:34'),(123,16,9,'案例112：一般资料：求助者，女性，19岁，大学一年级学生。','<SPAN><SPAN><B>案例介绍：&nbsp; <BR></B>&nbsp;&nbsp;&nbsp;&nbsp;&nbsp;&nbsp; 求助者今年以某市状元成绩考入大学，来到陌生的城市，开始独立生活。每日的学习很紧张，还要料理自己的生活，有些手忙脚乱，疲惫不堪，感到不适应，非常想家。有时睡不着，常常梦到父母，一听到广播里放的音乐有</SPAN>“妈妈”的内容就哭。在街上、校园里听到的都是当地的口音，自己作为外乡人，内心很孤独。上课经常走神，学习效率不高。无心参加班上组织的活动，总盼着早点放假回家。求助者与同学的关系一般，因生活琐事与宿舍室友关系紧张，想换宿舍学校没同意，心情不好、内心痛苦。经班主任老师做工作后没有明显好转，所以在同乡的陪同下来心理咨询。</SPAN><SPAN>　　<BR><B>心理咨询师观察了解到的情况：<BR></B>&nbsp;&nbsp;&nbsp;&nbsp;&nbsp;&nbsp; 求助者是独生女，性格柔弱、温顺，在家很受宠爱，自幼没有单独离开过家，上大学前很多生活琐事都由父母料理，连自己的衣服鞋袜都不用洗，她认为只有家里才是最安全舒适的。</SPAN>','案例介绍：         求助者今年以某市状元成绩考入大学，来到陌生的城市，开',0,0,0,'2015-12-28 12:07:11','2015-12-28 12:07:11'),(124,16,9,'案例113：一般资料：求助者，男性，33岁，副总经理。','<span><b>案例介绍：</b><br>&nbsp;&nbsp;&nbsp;&nbsp;&nbsp; 求助者大学毕业后和几个同学一起出资，组建了一家小电脑公司，自己当总经理。求助者思维敏捷，工作勤奋，业绩还算满意。但工作非常辛苦。去年，公司招进了几名硕士、博士，其中一人做了他的助手，他很快发现自己的知识和能力确实比博士差了一大截。别的同学也发现了这一点，要他让出总经理的职位给年轻的博士。求助者自己心里也觉得应该让，但就是觉得别扭，不想服这个输。自己不知如何是好，从此陷入矛盾，变成了另外一个人，情绪低落，不爱讲话，工作劲头和效率大打折扣。两个月前几个老同学开董事会，免去他总经理的职务，由其助手接替，任命他为副总经理。从此情况更为恶化，不愿与人说话，看到人总是低着头，当别人与他接触时，他总是有意回避。有时公司开会他也躲开。求助者对家人说想避开所有的人和事，甚至回避这个世界。</span><span>　　<br><b>心理咨询师观察了解到的情况：</b><br>&nbsp;&nbsp;&nbsp;&nbsp;&nbsp;&nbsp; 求助者性格内向，能吃苦，工作很努力，但自从职务改变后，心情低落，工作干劲、人际交往等都受到了明显的影响。</span>','案例介绍：       求助者大学毕业后和几个同学一起出资，组建了一家小电脑公司',0,0,0,'2015-12-28 12:08:21','2015-12-28 12:08:21'),(125,16,9,'案例114：一般资料：求助者，女性，29岁，小学教师，因恋爱问题苦恼前来咨询。','<SPAN><SPAN><B>案例介绍：<BR></B>&nbsp;&nbsp;&nbsp;&nbsp;&nbsp;&nbsp; 求助者是家中的独女，年轻漂亮，谈吐大方。大学时与一同学恋爱，毕业后因男友出国留学而分手，求助者为此痛苦了好几年。一年前结识现在的男友，己准备暑假结婚</SPAN>.买了房也装修完了。但前男友学成回国，找到了求助者，表示当年年轻不懂事，现在知道了感情是最无价的，提出与求助者结婚。求助者为此很痛苦，主动前来咨询。<BR></SPAN><SPAN><B>下面是心理咨询师与求助者的一段对话：</B><B></B></SPAN><SPAN>　　<BR>&nbsp;&nbsp;&nbsp;&nbsp;&nbsp;&nbsp; 心理咨询师：你需要我帮你解决什么心理问题呢?</SPAN><SPAN>　　<BR>&nbsp;&nbsp;&nbsp;&nbsp;&nbsp;&nbsp; 求助者：我现在不知道该怎么办，这种事也不是对谁都能说的，你能告诉我怎么办吗?</SPAN><SPAN>　　&nbsp;<BR>&nbsp;&nbsp;&nbsp;&nbsp;&nbsp;&nbsp; 心理咨询师：你想怎么办呢?</SPAN>　　<BR>&nbsp;&nbsp;&nbsp;&nbsp;&nbsp;&nbsp; 求助者：我不知道，所以来咨询。<SPAN>　　<BR>&nbsp;&nbsp;&nbsp;&nbsp;&nbsp;&nbsp; 心理咨询师：那你现在想想可以吗?</SPAN>　　<BR>&nbsp;&nbsp;&nbsp;&nbsp;&nbsp;&nbsp; 求助者：我想了，但我想不出来。<SPAN>　　<BR>&nbsp;&nbsp;&nbsp;&nbsp;&nbsp;&nbsp; 心理咨询师：那你能说说你都想了什么吗?</SPAN><SPAN>　　<BR>&nbsp;&nbsp;&nbsp;&nbsp;&nbsp;&nbsp; 求助者：我特别喜欢我原来的男朋友，那是我的初恋，当年分手了，我痛苦了好几年。后来交了现在的男朋友，都准备结婚了，前男友又回来了，我觉得其实我是喜欢前男友的，我想和他结婚，可是朋友、家人都反对，说别忘了当年他是怎样抛弃你的。我倒不恨他，但我现在的男朋友怎么办?他对我确实挺好的，既成熟稳重，又有责任心，他知道了这件事都没有怪我，而且都走到这一步了，怎么办呢?我现在都快烦死了，我是吃不下、睡不着，工作也没精打采，什么事也不想干，我今天来就是想让你告诉我到底该怎么办?</SPAN><SPAN>　　<BR>&nbsp;&nbsp;&nbsp;&nbsp;&nbsp;&nbsp; 心理咨询师：你开车到外地，走高速又顺又快，但要交钱;走国道，不交钱，但路不好，有红绿灯，可能堵车，耽误时间。你说你怎么走啊?</SPAN>　　<BR>&nbsp;&nbsp;&nbsp;&nbsp;&nbsp;&nbsp; 求助者：我就想快，还不花钱。<SPAN>　　<BR>&nbsp;&nbsp;&nbsp;&nbsp;&nbsp;&nbsp; 心理咨询师：想快还不想花钱，那怎么走啊?</SPAN><SPAN>　　<BR>&nbsp;&nbsp;&nbsp;&nbsp;&nbsp;&nbsp; 求助者：(沉默)…没法走。</SPAN><SPAN>　　<BR>&nbsp;&nbsp;&nbsp;&nbsp;&nbsp;&nbsp; 心理咨询师：没法走，还得出门办事，怎么办?</SPAN><SPAN>　　<BR>&nbsp;&nbsp;&nbsp;&nbsp;&nbsp;&nbsp; 求助者：(沉默)…只能选一个走。</SPAN><SPAN>　　<BR>&nbsp;&nbsp;&nbsp;&nbsp;&nbsp;&nbsp; 心理咨询师：选哪个?</SPAN>　　<BR>&nbsp;&nbsp;&nbsp;&nbsp;&nbsp;&nbsp; 求助者：我可能会根据出来办什么事选择。<SPAN>　　<BR>&nbsp;&nbsp;&nbsp;&nbsp;&nbsp;&nbsp; 心理咨询师：你想想，你不知道该选哪个人结婚，不就是像不知道怎样走路一样吗?因为两个选择各有利弊，你不是不知道怎样做，你是选择哪个都只要它的利，不要它的弊，是吗?</SPAN><SPAN>　　<BR>&nbsp;&nbsp;&nbsp;&nbsp;&nbsp;&nbsp; 求助者：好像是这样的，我明白了，您的意思是说我太追求完美了?</SPAN><SPAN>　　<BR>&nbsp;&nbsp;&nbsp;&nbsp;&nbsp;&nbsp; 心理咨询师：你觉得呢?</SPAN><SPAN>　　<BR>&nbsp;&nbsp;&nbsp;&nbsp;&nbsp;&nbsp; 求助者：我懂了，我知道该怎么办了……</SPAN><SPAN>　　<BR>&nbsp;&nbsp;&nbsp;&nbsp;&nbsp;&nbsp; 心理咨询师：你看，通过心理咨询，你获得了成长，解决了自身的问题，我为你高兴。你最后选了谁，告诉我一声好吗?</SPAN>','案例介绍：        求助者是家中的独女，年轻漂亮，谈吐大方。大学时与一同学',0,0,0,'2015-12-28 12:10:48','2015-12-28 12:10:48'),(126,16,9,'案例115：一般资料：求助者，女性，19岁，学生。','<span><b>案例介绍：</b><br>&nbsp;&nbsp;&nbsp;&nbsp;&nbsp;&nbsp; 求助者为某重点中学的学生，学习成绩一直较好，在模拟考试中发挥正常，预计可以考入重点大学。但高考成绩出来后，她竟然没有达到普通大学的录取分数线。经查分，阅卷没有错误。求助者觉得犹如晴天霹雳，家长、老师、同学等也觉得非常意外。知道成绩后求助者就像变了一个人一样，郁郁寡欢，整日呆在家里，不出门，不与他人交往，不听家长的建议去补习班上课。明显消瘦，睡不着。</span><span>　　<br><b>心理咨询师观察了解到的情况：</b><br>&nbsp;&nbsp;&nbsp;&nbsp;&nbsp;&nbsp; 求助者从小聪明伶俐，活泼可爱，同学关系较好，学习认真刻苦，高中时成绩一直较稳定，计划报考重点大学，但高考落榜。父母为公务员，家庭条件一般。</span>','案例介绍：        求助者为某重点中学的学生，学习成绩一直较好，在模拟考试',0,0,0,'2015-12-28 12:10:52','2015-12-28 12:10:52'),(127,16,9,'案例116：一般资料：吕某，女性，l 7岁，高中二年级学生。','<SPAN><B>案例介绍：<BR></B>&nbsp;&nbsp;&nbsp;&nbsp;&nbsp;&nbsp; 吕某出生于普通双职工家庭，长相一般，原是一个活泼的孩子，学习认真，懂事听话。一月前明显沉闷起来，两周前又突然情绪激动，不停地说话，哭闹不止，前天下午症状开始严重，被家属送来就诊。<BR></SPAN><SPAN><B>下面是心理咨询师与求助者的一段对话：</B><B></B></SPAN><SPAN>　　<BR>&nbsp;&nbsp;&nbsp;&nbsp;&nbsp;&nbsp; 心理咨询师：是你自己还是你妈妈想让你来做心理咨询的?</SPAN>　　<BR>&nbsp;&nbsp;&nbsp;&nbsp;&nbsp;&nbsp; 吕某：我妈妈让我来的，她让我看看是否有病，其实她才有病呢，自己的女儿被人家害了，不去抓人，却带女儿看病，心肠有多坏啊。<SPAN>　　<BR>&nbsp;&nbsp;&nbsp;&nbsp;&nbsp;&nbsp; 心理咨询师：谁想害你?</SPAN><SPAN>　　<BR>&nbsp;&nbsp;&nbsp;&nbsp;&nbsp;&nbsp; 吕某：我们班同学，男同学想，女同学想，老师想，我们楼里的人想，刚才我来的路 上，坐公共汽车的人也想……</SPAN><SPAN>　　<BR>&nbsp;&nbsp;&nbsp;&nbsp;&nbsp;&nbsp; 心理咨询师：他们干什么要害你啊?</SPAN><SPAN>　　<BR>&nbsp;&nbsp;&nbsp;&nbsp;&nbsp;&nbsp; 吕某：还不是因为我漂亮，喜欢我的人多，我去上学，我们班男生就没有一个缺课的， 上课了还在看我，下课后我回家，我们班有一多半的男生都跟我走……</SPAN>　　&nbsp;&nbsp;&nbsp;&nbsp;&nbsp;&nbsp; 心理咨询师：你怎么知道别人喜欢你?<SPAN>　　<BR>&nbsp;&nbsp;&nbsp;&nbsp;&nbsp;&nbsp; 吕某：他们知道我要来上课，就不去别的地方了，早早的就来等我了，下课后和我一 起走，星期天我不来学校，他们就没有一个来的，我坐在家里还能听到他们说 我漂亮，一群人在楼下喊我，我父母怕我出去，总告诉我没人……</SPAN><SPAN>　　<BR>&nbsp;&nbsp;&nbsp;&nbsp;&nbsp;&nbsp; 心理咨询师：你家在哪里?</SPAN><SPAN>　　<BR>&nbsp;&nbsp;&nbsp;&nbsp;&nbsp;&nbsp; 吕某：我可不能告诉你，我家站岗的都有枪，总和喜欢我的那些人打架，公安局来了 都没办法，喜欢我的人太多……</SPAN><SPAN>　　<BR>&nbsp;&nbsp;&nbsp;&nbsp;&nbsp;&nbsp; 心理咨询师：今天是星期几?</SPAN><SPAN>　　<BR>&nbsp;&nbsp;&nbsp;&nbsp;&nbsp;&nbsp; 吕某：十六号吧，十五的月亮十六圆，圆圆的月亮爬上来，照亮了我的梳妆台……</SPAN>','案例介绍：        吕某出生于普通双职工家庭，长相一般，原是一个活泼的孩子',0,0,0,'2015-12-28 12:12:33','2015-12-28 12:12:33'),(128,16,9,'案例117:一般资料：求助者，男性，37岁，离异，本科毕业，公务员。','<span><b>求助者主述：</b><br>&nbsp;&nbsp;&nbsp;&nbsp;&nbsp; 半年多来我一直情绪不高，内心很乱、很烦、对什么事物都不感兴趣，白天无精打采，晚上睡不着，体重下降了30多斤。</span><span>　　<br><b>&nbsp;案例介绍：</b><br>&nbsp;&nbsp;&nbsp;&nbsp;&nbsp;&nbsp;我大学毕业后一直在机关工作，工作上应该说是很顺利的，35岁就当处长了，人际关系也不错，我对工作是很负责的，可以说是兢兢业业，领导、同事都看好我。收入比较稳定，已经购买了经济适用房。孩子很听话、很懂事。大约在春节左右，我偶然发现我妻子和一个男性网友来往非常密切，我很生气，要她不再和网友联系，可我妻子辩解说他们之间没有什么见不得人的，居然还继续交住。我特别生气，一男一女来往的那么密切，能没有问题?和她吵了几次，她就是不改。我一气之下，提出离婚，她不同意，我就去法院打官司，最终判了离婚。后来我开始寻找自己的伴侣，但谈了几个，不是我看不上别人，就是别人看不上我。家里人都劝我复婚算了，我很矛盾，是复婚还是再找一个?其实我离婚后也挺后悔的，我和妻子是大学同学，还是有感情基础的，况且还有一个孩子，想到这些我有了和妻子复婚的想法.可一想到她和网友的事，而且还那么不听话，就想干脆再找一个算了。就在这时，没想到她原来不同意离婚的，听说我有复婚的想法后，居然很快找了一个人结婚了。这可把我气死了。后来听说她不是嫁给原来那个网友，我又后悔，觉得可能是错怪她了。我恨自己犹豫不决，耽误了时间，觉得特别窝囊和委屈，真难受。我心烦，我生她的气，更生自己的气，为此情绪不高，没兴趣干工作，一天到晚打不起精神，没什么胃口，晚上睡不着，有时折腾到夜里三四点才睡，经常头昏脑胀的，注意力总集中不起来，特别爱对人发脾气。现在我不愿意出门见人，各种各样的应酬都推掉了。这事让我很苦恼。我们领导说心理咨询能帮我解除痛苦，我希望您能帮帮我。</span><span>&nbsp;&nbsp;&nbsp;<br>&nbsp;<b>心理咨询师的观察与了解：</b><br>&nbsp;&nbsp;&nbsp;&nbsp;&nbsp;&nbsp;&nbsp; 求助者从小做事情就要求做好，性格较内向，从小到大学习和生活比较顺利。大学毕业后进入机关工作，自我要求严格，工作踏实努力，人际关系良好，因婚姻问题苦恼。现强打精神上班，但经常出错。</span>','求助者主述：       半年多来我一直情绪不高，内心很乱、很烦、对什么事物都不',0,0,0,'2015-12-28 12:13:15','2015-12-28 12:13:15'),(131,16,9,'案例118：一般资料：张某，男，22岁，汉族，大专文化','<SPAN><B>案例介绍：<BR>&nbsp;&nbsp;&nbsp;&nbsp;&nbsp; &nbsp;</B>张某，男，22岁，汉族，大专文化，某派出所民警，未婚，无精神疾病及家族遗传病史，无躯体性疾病。一个多月来心情抑郁、焦虑、睡眠不好。<BR>&nbsp;&nbsp;&nbsp;&nbsp;&nbsp;&nbsp; 来访者在半年前的一次办案中，结识某医院外科护士李某，李某不仅漂亮温柔，而且善解人意。两人互相产生好感后，多次约会，在一起听歌、打球，并谈论工作、交流各自的理想等问题、互送礼物等，并也有过亲密的行为。这是来访者第一次谈恋爱，很投入，但对工作、生活没有多大影响。直到上个月，女友提出分手，借口没有共同语言。之后，女友就有意避开自己，不愿再见面。又打听到女友现在与其他男孩子在一起，一方面觉得失去女友的爱慕，十分失落；另一方面认为女友先提出分手并且与其他男孩好，是看不起自己，既自卑又气愤。所以觉得自己很没本事，不招人喜欢。一周前特别烦恼，以至于没心思上班，工作受影响，因此受到过领导批评。来访者感到非常痛苦，希望能快点摆脱这种苦恼。自幼身体健康，没患过严重疾病。在家排名最小，父母均为农民，上有一姐，父母文化程度不高，但对子女顺其自然管教，气氛宽松。成长过程中比较顺利，没经受什么挫折。一月前突遭失恋，这使他感到很烦恼和痛苦。一个月来睡眠较差，人际关系紧张，考勤状况良好。<BR></SPAN><SPAN><B>心理咨询师观察了解到的情况：<BR></B>&nbsp;&nbsp;&nbsp;&nbsp;&nbsp;&nbsp; 来访者衣着整洁，感知能力正常，能意识到自己问题的存在而主动前来寻求帮助，思维清晰，语言表达很流畅，言行一致；人格完整，相对稳定；情绪比较低落。没有躯体不适感，只是因为晚上难以入睡显得脸色比较苍白，略显疲劳。<BR></SPAN><SPAN><B>从求助者的同事处了解到：<BR></B>&nbsp;&nbsp;&nbsp;&nbsp;&nbsp;&nbsp; 求助者近段时间上班时注意力不集中，心情烦躁，常因小事发火，情绪压抑，外出活动减少。<BR></SPAN><SPAN><B>心理测验结果：<BR></B>&nbsp;&nbsp;&nbsp;&nbsp;&nbsp;&nbsp; SDS:56&nbsp; 轻度抑郁，SAS:53 轻度焦虑，SCL-90：总分 152</SPAN>','案例介绍：        张某，男，22岁，汉族，大专文化，某派出所民警，未婚，',0,0,0,'2015-12-28 12:20:12','2015-12-28 12:20:12'),(132,16,9,'案例119：一般资料：阿兰，26岁，女，某公司的秘书。','<span><b>案例介绍：</b><br>&nbsp;&nbsp;&nbsp;&nbsp;&nbsp; 她一共在咨询中心做过6次个别咨询和15次团体咨询。阿兰出生在大西北，十几岁时，随父母举家迁到北京。十九岁时，她曾因学业中的困难感到焦虑、抑郁，并在她所在大学的咨询中心做过几个月的心理咨询，但疗效不佳。大学三年级后阿兰退学了，开始做一些秘书工作。到我们这接受咨询时她正在一边工作一边参加自学考试。由于阿兰相貌非常出众，早在中学和整个大学期间就有众多的追求者，并且，她曾与一个男同学同居过几个月。她说，尽管和男朋友在一起也感到很愉快、很高兴，但是好像在性与情感方面并不是特别的满足。此外，她抱怨，当在学校里遇到困难或感到心烦时，男友对她并不关心同情，也不愿意为他们关系的分歧做任何努力。当她因同样的原因，在痛苦和泪水中与最后两个男朋友分手后，她最终感到跟男人在一起就象跟石头在一起一样，得不到情感交流和沟通。大学二年暑假，阿兰参加了学校旅游协会组织的一个“女生夏令营”，发现与女性朋友在一起时要比与男性高兴得多，能让她体验到更多性和情感的满足，而且她的确与一个女同学建立了性关系。尽管这个关系因为她又去“调戏”别的女性只维持了几个星期，但是她开始明确地意识到：她的情感与性欲更多地与女性联系在一起。去年，她和一个叫阿紫的女护士确立了比较稳定的性关系，并且不久前她向父母公开了这件事。父母对此表示强烈反对，严厉禁止她们的这种交往。由于阿兰仍我行我素，父母感到非常丢人，一气之下告诉她，绝不允许阿紫进家门，阿兰从原来的掌上明珠一下变成了眼中钉，并且，这给她的生活带来了许多现实困难，因为她目前的工资很低要靠父母的资助补贴生活、完成自学考试。<br><b>阿兰到咨询中心来的主要原因是</b>：<br>&nbsp;&nbsp;&nbsp;&nbsp;&nbsp;&nbsp; 她时常为公开同性恋后的结果和担心能否完成学业而感到焦虑、沮丧。她对咨询也抱着一种矛盾的心态，一方面，她担心咨询师会像她父母一样认为她变态；另一方面，她又希望咨询师能够帮助她，解决她的困难，从困境中把她拖出来。<br></span>','案例介绍：       她一共在咨询中心做过6次个别咨询和15次团体咨询。阿兰出',0,0,0,'2015-12-28 12:22:44','2015-12-28 12:22:44'),(133,16,9,'案例120：一般资料：刘某，女，36岁，某公司职员，会计，高中文化，离异，汉族，无宗教信仰，目前与父母同住一普通社区。','<SPAN><B>案例介绍：<BR></B>&nbsp;&nbsp;&nbsp;&nbsp;&nbsp;&nbsp; 求助者性格文静、内向，但在熟悉的人面前言语较多。在家排名最小，父母均为农民，上有一姐，父母文化程度不高，但对子女顺其自然管教，气氛宽松，促成求助者任性、固执，脾气急躁,姐姐平时也让其三分。幼时经常能主动与父母交流；曾听母亲说起一女邻居有婚外恋导致离婚，自此对离婚问题怀有负性想法，认为女人离婚不光彩。读初三时有一男同学向其表达爱意，求助者嫌其相貌丑陋而拒绝，并以此作为笑料在父母面前述说，遭到父母的责怪，认为不应嘲笑别人短处。自此很少主动再与母亲交流，但有些话愿意跟父亲说。觉得父亲虽为农民，但身材高大，脸相俊朗，而且善解人意，不轻易发火，还比较幽默。求助者数次在姐姐跟前表示，将来嫁人就要嫁爸爸那样的男人。为此曾遭到姐姐的讥讽，说求助者有恋父情结。24岁那年，偶遇初中毕业、做司机的小学同学林某。林某生性活泼，爱开玩笑。求助者无意间发现，林某1.8米个头，有几分父亲的“遗传因子”。两人相爱了，半年后结了婚。好景不长，求助者生完孩子不久，就发现丈夫有了外遇。规劝不成，继而发生争吵。争吵中林某常将其打倒在地。求助者想尽办法挽回，情况仍愈演愈烈，万般无奈之下，在孩子3岁时，两人离了婚。无重大躯体疾病史，无精神病家族史。有一与其有类似离异经历的女友。</SPAN><SPAN><SPAN><SPAN>&nbsp;&nbsp;&nbsp;&nbsp;<BR></SPAN><B>心理咨询师观察了解到的情况</B>：<BR></SPAN>&nbsp;&nbsp;&nbsp;&nbsp;&nbsp;&nbsp; 精神状态：意识清醒，思维正常，情绪焦虑易紧张，有一定自制力但易激动，言行一致，人格较稳定。</SPAN><SPAN>&nbsp;&nbsp;&nbsp;&nbsp;<BR></SPAN><B>身体状态：<BR></B>&nbsp;&nbsp;&nbsp;&nbsp;&nbsp;&nbsp; 近两个月睡眠较差。社会功能：人际关系紧张，工作容易分心，考勤状况良好。心理测验结果：1）SAS：标准分55；2）SDS：标准分56；3）SCL-90：总分156，人际关系敏感2.2，抑郁2.4，焦虑2.1。','案例介绍：        求助者性格文静、内向，但在熟悉的人面前言语较多。在家排',0,0,0,'2015-12-28 12:23:31','2015-12-28 12:23:31'),(134,16,9,'案例121：一般情况：王某某，女，汉族，22岁，未婚，某大学三年级学生。','<span><b>案例介绍：</b><br>&nbsp;&nbsp;&nbsp;&nbsp;&nbsp; 1年半前开始出现睡眠较差的症状，翻来覆去总是不能入眠，即使睡着了，梦也很多，容易醒，但尚能入睡，早晨醒后感觉头痛，头晕脑涨，疲劳，全身酸痛，上课时无精打采，哈欠连天，注意力难以集中，虽然抬着头在听课，但脑子却在想着别的事情，上自习课时，看一会儿书就会又去想别的事情，根本控制不住。同时自觉记忆力大不如从前，容易忘事，为此学习受到很大影响。原来学习成绩很好，总是排在班里前几名，近一年来成绩下降明显，甚至出现某些科目不及格的现象，生活感到困难重重，难以应付，烦恼不堪，精神紧张，做事情爱着急，急躁，经常为一点儿小事就发脾气，事后也感到后悔，但是控制不住，内心感到非常痛苦，曾到校医院看医生，被给予121服安定类药物，情况未见明显改善。<br></span><span><b>心理咨询师观察了解到的情况：</b><br>&nbsp;&nbsp;&nbsp;&nbsp;&nbsp;&nbsp; 求助者自幼身体健康，未患过严重疾病，家庭中未发生过重大变故。家庭经济条件较为优越，由于是独女，很受父母宠爱，同时管教也很严厉，养成了做事情追求完美的习惯。性格比较内向，不善言谈，喜欢安静，很少与同伴玩耍、作游戏，从小学到中学，学习成绩很好，一直名列前茅。考入大学后，起初学习、生活还比较适应，只是朋友较少，与人交往不多。1年半前与同寝室的一位同学因小事发生争吵，虽然事情已经过去，但却总是想着这件事，感觉那位同学总跟自己过不去，为此，尽量避免与人接触。逐渐出现失眠多梦，白天感到疲劳、头晕，没有精神，食欲较差，注意力不集中，记忆力减退，想尽快摆脱这种现状，但就是摆脱不了，很痛苦，曾向父母和个别朋友诉说，并去校医院看医生，未见明显改变，情绪变得急躁，精神总是感到紧张，常常因很小的一件事就发脾气。后到心理门诊寻求帮助，迫切要求能够解决问题。</span>','案例介绍：       1年半前开始出现睡眠较差的症状，翻来覆去总是不能入眠，即',0,0,0,'2015-12-28 12:25:50','2015-12-28 12:25:50'),(135,16,9,'案例122：一般资料：男，22，大学生','<SPAN><B>案例介绍：<BR></B>&nbsp;&nbsp;&nbsp;&nbsp;&nbsp;&nbsp; 来访者在大学里偷偷喜欢同班的女生M，一年多后以一种不可思议的方式表白了，被拒绝后内心茫然失措，情绪多变，心情矛盾痛苦，影响了案主的日常学习生活。</SPAN><SPAN>自述大一时，我和许多新生一样盲目茫然、郁闷空虚。有一种声音告诉我：快点找个女朋友吧！由于平常上课总喜欢窝在最后几排，于是，一位不幸的女孩即M落入了我的视线。我看她越看越美啊，好像似曾相识啊，她给我的感觉太好了，特别是她很有气质。我开始疯狂的想她，但从不外露，没有人知道。我不敢表白，甚至连正面看她的勇气都没有，很害羞很害怕啊。我的“硬件”和“软件”都不如她啊，我怕表白，癞蛤蟆想吃天鹅肉啊？没门！加上她又是我班的，抬头不见低头见，要是失败了，我以后怎么在班上混啊，俗话说得好，“兔子不吃窝边草”。尽管有一对成功的同班情侣向我作了“示范”，尽管我真的一天到晚想念着她，我一直不敢捅破这层纸。后来听人说她有男朋友，我本不自信，这样一来，我就更不敢表白了，好像有了借口啊，自我安慰着。你知道我是一个腼腆的男孩子。后来，身边一些人知道后，“怂恿”我大胆往前走。我仍旧疑虑重重，徘徊不前。一次生日聚会上，有一人说M现在没有男朋友。我忽然有了越雷池的勇气和决心。偶然地，在QQ上认识了无话不谈的莎，江汉大学的，灵感来了：叫她替我写和寄情书——我随便她怎么写，不过问不指导不干涉。莎寄出信后，最初几天我都不敢去上课了。我豹着胆打了电话到她寝室，问她态度，她拒绝了。我挂了。那段痛苦啊我不想再复述一遍了，好吗？但我并未死心啊。在日常学习生活中，我从不和她搭话，路上见了远远的躲之不及，或当作没看见、不认识：“冷酷到底”！我是个没用的人，胆怯懦弱的人。不是没有机会的，比如有一次搞调查，但是，我始终无法迈出当面和她表白的勇敢一步，因为我感觉自己太烂了，感觉她对我一点好感都没有，配不上啊。可是我真的好喜欢她啊。矛盾啊痛苦啊那种滋味真叫折磨人！我知道了什么叫刻骨铭心。天涯何处无芳草，何必单恋一枝花？道理我也懂的，可我总会钻牛角尖，自怨自艾，吊死在一棵树上。迷茫啊！<BR></SPAN><SPAN><B>其他资料：<BR></B>&nbsp;&nbsp;&nbsp;&nbsp;&nbsp;&nbsp; 生理特征：身材矮、青春期**意识萌动。性格特质：多愁善感，言行犹豫徘徊、瞻前顾后，性格内倾、封闭自保，自我观念差。家庭职业背景：农村农民。家庭感情：所谓“代沟”严重、少有交感互动。受教育经历：从初中到高中，是应试教育下十足的考试狂，在种种压力环境下，唯分数是从，忽视压抑其他一切方面的学习、锻炼、培养、体验。现为某大学本科三年级学生。</SPAN>','案例介绍：        来访者在大学里偷偷喜欢同班的女生M，一年多后以一种不可',0,0,0,'2015-12-28 12:25:55','2015-12-28 12:25:55'),(136,16,9,'案例123：一般资料：某男，45岁，已婚，外企工作，因焦虑不安求助。','<span><b>案例介绍：</b><br>&nbsp;&nbsp;&nbsp;&nbsp;&nbsp;&nbsp; 求助者在一家外企驻某市办事处负责，已十余年。老板为美国人，常住美国，有时来本市。经营业务的内容是在本市组织货源，用集装箱海运到美国销售。前几年生意好做，自己的薪金较高，房子车子都有。妻子做中学教师，夫妻感情好，女儿正在上高中，学习优异。近1年来生意有些难做，老板似有不满之意，但是市场变化很复杂，自己虽然很努力，也不尽如人意。逐渐感到生意不会再有起色，忧心忡忡。有时担心货运船只会不会中途沉没，又担心美国老板会突发某种疾病不治身亡。有时想到虽然现在夫妻恩爱。等到将来退休白发苍苍，妻子仍然貌美年青，可能会离婚再嫁，又想到女儿考上大学后要面临工作择业和谈婚论嫁等诸多困难，自己如何能应付得了，头痛、失眠、心慌、胸闷、烦躁，半夜醒来经常是一身大汗，坐立不安，吸烟量明显增加。睡不着觉就只好起来在房间里走来走去，既影响家人的睡眠，楼下的邻居也有意见，但自己也没有什么更好办法。服用安定有些效果，但又怕长期服用会成瘾依赖。</span>','案例介绍：        求助者在一家外企驻某市办事处负责，已十余年。老板为美国',0,0,0,'2015-12-28 12:27:42','2015-12-28 12:27:42'),(137,16,9,'案例124：一般资料：某男，33岁，已婚，大学毕业，任某市规划处办公室主任。','<SPAN><B>案例介绍：<BR></B>&nbsp;&nbsp;&nbsp;&nbsp;&nbsp;&nbsp; 一年半前乘长途车时，强烈颠簸，摔倒在地，头晕眼花，腹部难受恶心，好像要“休克”，但神志清楚。去急救中心，静脉点滴药物后好转。以后又有几次类似发作。均无明显诱因，大约每月1-2次，都是静脉点滴药物缓解，每次检查都没有发现身体有异常情况，近一个月来发作频繁，大约5-6天一次。每次发作后都要出一身大汗，平时感到手足发冷、乏力，担心再发作。工作很努力，但仍有时不能达到领导的要求，有压力，每当向领导提交一份规划方案时，都担心会被领导否决。近一年来，好像对许多事都担心，因为吸烟多、常咳嗽、吐痰，每次都要检查痰中有无血丝，担心自己生病，工作怎么办。坐飞机怕掉下来，坐火车怕出轨，坐汽车怕事故，住楼怕地震，即使步行也害怕交通事故，总之，成天提心吊胆。因为工作忙，应酬多，近5～6年来不运动，早饭经常不吃，妻子工作忙。很少交流，性生活每周2～3次，感觉还可以。本例是在广泛性焦虑的基础上.又有急性惊恐的发作。</SPAN>','案例介绍：        一年半前乘长途车时，强烈颠簸，摔倒在地，头晕眼花，腹部',0,0,0,'2015-12-28 12:29:16','2015-12-28 12:29:16'),(138,16,9,'案例125：一般资料：某女，34岁，已婚，会计，因害怕别人在自己面前吸烟而来求助。','<span><b>案例介绍：</b><br>&nbsp;&nbsp;&nbsp;&nbsp;&nbsp;&nbsp; 自己的丈夫本来也吸烟，并未成为二人婚姻的障碍，但自从去年父亲因肺癌去世后，想到父亲的病可能和吸烟有关，就开始对“烟味”特别讨厌。一开始时，嗅到烟味时要咳嗽，尽量回避。逐渐发展到一嗅到烟味就要“哮喘”，呼吸困难，有时有要憋死的感觉。为此，多年吸烟的丈夫戒了烟，朋友到她家来，都不能吸烟，办公室的同志谅解她，办公室也成了“无烟办公室”。最近症状加重，看到电视上有吸烟的镜头，也要犯“哮喘”，甚至看到烟盒也感到不舒服。有时感到“烟味”无处不在，因而不想上街，不想上班很苦恼。</span>','案例介绍：        自己的丈夫本来也吸烟，并未成为二人婚姻的障碍，但自从去',0,0,0,'2015-12-28 12:29:35','2015-12-28 12:29:35'),(139,16,9,'案例126：一般资料：来访者王某，女，19岁，在省某示范高中读高三。','<SPAN><B>案例介绍：<BR>&nbsp;&nbsp;&nbsp;&nbsp;&nbsp;&nbsp; </B>来访者王某，女，19岁，出生地：山东省莘县中原油田第三矿区。在省某示范高中读高三。身高1.62米，体态正常，无重大躯体疾病历史。<BR>&nbsp;&nbsp;&nbsp;&nbsp;&nbsp;&nbsp; 来访者有一弟15岁。其父母均为高级工程师，对女儿关心备至，父亲比较严厉，不苟言笑，母亲待人温和，任劳任怨，但对她的学习要求严格。无老人同住。经调查，父母无人格障碍和其它神经症性障碍，家族无精神疾病历史。来访者性情温顺、内向，不爱交往。小学阶段学习勤奋，成绩优秀，初中阶段的学习也较突出。中考时顺利考入一所省重点中学--省某示范高中。王某对自己很有信心，想通过勤奋和努力，取得比初中时更优异的成绩，争取考上清华、北大等名牌大学。从进高中校门的第一天，学习就相当刻苦，几乎把所有的时间和精力全部用在了文化学习上。然而，在重点高中高手如云的状况下考试成绩总是不尽如人意，几次考试大起大落，总体在年级属于中等水平。为此，她很着急，更加努力学习。在班里，有位女同学每次考试均在年级前三名，进入高三后，她通过和班主任交流，把座位调成了这位女同学的同桌，目的很明确，就是以这位女同学为榜样，向她学习，力争赶上全年级优秀的同学。可是就在最近的一次阶段考试中，听到同桌奋笔疾书，流畅答题的声音，情绪越来越紧张，原来记得牢牢的东西，却怎么也想不起来，而且自感有紧张、头晕、手心出汗的体验。结果，这次考试几门功课成绩较前有了较大的退步，年级名次下降了一百八十多名。自己非常沮丧。从此，她就对考试产生了特别的恐惧心理。每次考试前总担心自己没有学懂、复习不够全面。上考场的时候，情绪紧张，在答题时听到同桌流利的写字声更加重了紧张的情绪。曾经出现头晕的体验，考试成绩也不理想。现在处于高考前冲刺阶段，几乎天天有考试，听到要考试就紧张，一紧张就考不好；越考不好，就越害怕考试。在考场上就更紧张，成绩也就越差。在社会交往方面，为了提高成绩，每天除了学习，没有其他社交活动，与人交往很少，与父母说话也减少了。娱乐活动方面，原来还听听音乐，现在也不听了，电视看得也少了。生活单调乏味，学习成绩下降的压力使她内心很苦恼，非常担心考不上重点大学，以至晚上有时不能很快入睡夜晚。在生理上出现经期不正常，偶有心慌、出汗的现象。学习时听到外界的噪音会感到心烦。最近一周，情绪低落，经常失眠，总想高考时考不上重点大学怎么办，担心考试的到来，学习的效率有所下降。班主任老师的提醒家长来做心理咨询，来访者非常希望能早日消除这些现象，尽快地进入正常的学习状态，提高学习成绩。</SPAN>','案例介绍：        来访者王某，女，19岁，出生地：山东省莘县中原油田第三',0,0,0,'2015-12-28 12:30:45','2015-12-28 12:30:45'),(140,16,9,'案例127：一般资料：李某，女，15岁，市某中学初二学生。','<span><b>案例介绍：</b><br>&nbsp;&nbsp;&nbsp;&nbsp;&nbsp; 来访者学习成绩较好，智商中上等。外向型性格，开朗，有个性，思维活跃，敢说敢做。但盛气凌人，自以为是，孤芳自赏，桀骜不驯，嫉妒心强；认为人与人之间无信任和善良可言，皆唯利是图；对他人缺乏真诚。虽然李某学习成绩好，但同学不太喜欢她。她与家长、老师说话也是咄咄逼人，因此与人沟通时总带着争吵的神态，难以心平气和地交流。自认为是不太受人欢迎的人。她想交知心朋友，但同学敬而远之。所担任的班干工作常因同学的不合作而使她不能如愿。她因而情绪极受影响，气哭过几次，辞职几次，甚至想走绝路。&nbsp;</span>','案例介绍：       来访者学习成绩较好，智商中上等。外向型性格，开朗，有个性',0,0,0,'2015-12-28 12:31:00','2015-12-28 12:31:00'),(141,16,9,'案例128：一般资料：陆某，女，18岁，某市某职业高中营销专业学生。','<SPAN><B>案例介绍：<BR></B>&nbsp;&nbsp;&nbsp;&nbsp;&nbsp;&nbsp; 来访者初中时学习成绩较差，初中毕业后未能参加中考。她性格较内向，智商中等，属于矮胖型身材。父母亲均为个体工商户，照顾她的时间相对较少。她喜欢一个人呆在家，害怕与同学交往，缺少友伴，不愿过集体生活，不喜欢体育活动 。</SPAN>','案例介绍：        来访者初中时学习成绩较差，初中毕业后未能参加中考。她性',0,0,0,'2015-12-28 12:31:11','2015-12-28 12:31:11'),(142,16,9,'案例129：一般资料：莫某，男，17岁，某职高一年级学生。','<span><b>案例介绍：</b><br>&nbsp;&nbsp;&nbsp;&nbsp;&nbsp;&nbsp; 来访者学习成绩一般，性格内向。皮肤较黑，身材偏矮。父母离异，法院判其随母亲生活，但实际上因母亲收入不高，住房条件差而让他随父亲生活。母亲每月提供一定生活费。莫某在学校各类涉及家庭状况的调查表中从不填写父亲姓名，仅写母亲。在班级中，他缺少友伴，独来独往，不愿参加集体活动。有时他上课迟到，进教室时扭扭捏捏，有些同学笑话他，他就发火。课余时间，同学们在他课桌旁边开玩笑，他就认为同学们在嘲笑他，独自喃喃自语；同学们打闹碰了他的桌、椅，他认为是故意闹的，专门是针对他。&nbsp;</span>','案例介绍：        来访者学习成绩一般，性格内向。皮肤较黑，身材偏矮。父母',0,0,0,'2015-12-28 12:31:46','2015-12-28 12:31:46'),(143,16,9,'案例130：一般资料：小彬，男，15岁，市某中学初二(1)班学生。','<SPAN><B>案例介绍：<BR></B>&nbsp;&nbsp;&nbsp;&nbsp;&nbsp;&nbsp; 来访者成绩一般，智商中等。父母都在夜市里摆摊，故对小彬关心不够。他常迟到，听课效果差，不专心，或是乱画画或是看漫画书，作业、练习缺交较多。家访得知，他常常晚上玩游戏机到深夜。但他也有优点，即他的闪光点：1、 </SPAN><SPAN>勤劳动，不怕脏不怕累。2、有画画特长，并且得到家长的支持。有一次其父来校，班主任跟他说起小彬画画画得好，其父非常高兴，喜悦之情溢于言表。</SPAN>','案例介绍：        来访者成绩一般，智商中等。父母都在夜市里摆摊，故对小彬',0,0,0,'2015-12-28 12:31:54','2015-12-28 12:31:54'),(144,16,9,'案例131：一般资料：王某，男，15岁，某中学初二年级学生。','<span><b>案例介绍：</b><br>&nbsp;&nbsp;&nbsp;&nbsp;&nbsp; 来访者初上中学时成绩一般，中等智商。性格较内向，轻度口吃，特别是上课回答问题情绪更紧张，面红耳赤，语无伦次，言不达意，几乎不敢在同学面前发表自己的想法，更不敢与同学争论问题。兴趣爱好：看书，特别是科技方面的。家境较差，父为下岗工人，母为临时工，均胆小内向，不敢大声说话，与世无争，对孩子的期望值不高。</span>','案例介绍：       来访者初上中学时成绩一般，中等智商。性格较内向，轻度口吃',0,0,0,'2015-12-28 12:32:27','2015-12-28 12:32:27'),(145,16,9,'案例132：一般资料：王某，男，市某职高烹饪专业高一学生。','<SPAN><B>案例介绍：<BR></B>&nbsp;&nbsp;&nbsp;&nbsp;&nbsp;&nbsp; 来访者父母是普通工人，他是个养子。初一年级时从朋友处得知自己是被人抱养的，从此便抱怨父母隐瞒自己身世。虽然养父养母视他如掌上明珠，他却与养父母关系疏远了，害怕别人嘲笑他是“养子”而产生自卑心理，性格变得内向。特别是中考仅差几分而上不了普高，原先考重点中学读大学的理想破灭了，他对读职高也失去了信心，很少与同学交往，特别害怕看见读重点中学的同学。 </SPAN>','案例介绍：        来访者父母是普通工人，他是个养子。初一年级时从朋友处得',0,0,0,'2015-12-28 12:32:52','2015-12-28 12:32:52'),(146,16,9,'案例133：一般资料：孟某，男，某中学初一(4)班学生。','<span><b>案例介绍：</b><br>&nbsp;&nbsp;&nbsp;&nbsp;&nbsp;&nbsp; 来访者<span>个子高大、结实，正处于爱说爱笑的年龄脸上却从来没有笑容，一双忧郁的眼睛常常茫然地望着地面，从不主动和别人搭话。鉴于他在小学有过任班干的经验，班主任委派他担任班级劳动委员。可是在大扫除时，他却总是一个人默默地在扫在擦，身边喧闹的同学似乎与他完全无关。小学成绩优秀的他，课堂上却总是沉闷无语，不是低垂双眼，就是双手揪着头发沉重地伏在课桌上，甚至课后的作业也交不上了，成绩也逐渐下滑。他所在的(4)班的男生都酷爱篮球运动，几乎人人都参加过市体校篮球班的训练，可身材条件极好的他却从不参与。遇到集体外出的活动，他也总是交来家长签字的请假条而拒绝参加。</span></span>','案例介绍：        来访者个子高大、结实，正处于爱说爱笑的年龄脸上却从来没',0,0,0,'2015-12-28 12:33:25','2015-12-28 12:33:25'),(147,16,9,'案例134： 一般资料：吴某，男，16岁，某普通高中高一年级学生。','<SPAN><B>案例介绍：<BR></B>&nbsp;&nbsp;&nbsp;&nbsp;&nbsp;&nbsp; 来访者学习成绩偏低，爱好各项体育运动，特别喜欢打篮球，曾是学校篮球队的主力队员。由于训练时不慎伤到了腿，经广州三家医院确诊伤势涉及到韧带，因此建议他不要参加剧烈运动。这就意味着他必须离开自己非常喜爱的篮球运动。对此，他从心理上、行动上都不愿意接受，情绪相当低落，对学习也提不起兴趣，学习成绩是直线下降。而且在口头上常常说大话，在老师、同学们面前夸下海口，但每次事情都不能如他所愿，久而久之，同学们都不愿意跟他交往，他也越来越沉默。 </SPAN>&nbsp;','案例介绍：        来访者学习成绩偏低，爱好各项体育运动，特别喜欢打篮球，',0,0,0,'2015-12-28 12:33:48','2015-12-28 12:33:48'),(148,16,9,'案例135：一般资料：求助者，女性，24岁','<span><b>案例介绍：</b><br>&nbsp;&nbsp;&nbsp;&nbsp;&nbsp; 病人在单位科室上班如同热锅上的蚂蚁，惶惶不可终日，羞于见人。回到家中则如释重负，因此常托词病休在家。患者从小懂事听话，言行规矩。６岁时曾被邻居老叟抚弄阴部，事后老叟被批斗。患者当时年幼无知，不知是猥亵行为，因而未觉受辱，似无心灵创伤。“文革”中随家迁走，１９７９年重返故地，就读高中。高考前夕，患者匆匆归家，途中遇见一个老头，极像当年那个邻居老叟，儿时情景突然再现，患者顿觉紧张、心慌、无地自容。此后两次高考落第，顶职参加工作。平时少语、腆腼，见了熟人更是绕道而行。不敢参加集体活动，觉得大家总是在注视自己，觉得自己脸会发红，一副窘相。１９８５年与一军人结婚。婚礼在军队驻地举行，宾客几乎全是男性。患者十分紧张、窘迫、恐慌，自始至终未敢抬头。自知如此不妥，有扫客人兴致，但一抬头就觉脸面灼热，心慌意乱。入洞房后不敢正视丈夫，内心中自我鼓励：“不要心虚！我是个清白人！我没做什么见不得人的事！”但仍无法处之泰然。回本单位后更是羞于见人，尤其不敢走进自己上班的科室。在科室里如同热锅上的蚂蚁，惶惶不可终日。回到家中才如释重负，因而常常托词病休在家。&nbsp;</span>','案例介绍：       病人在单位科室上班如同热锅上的蚂蚁，惶惶不可终日，羞于见',0,0,0,'2015-12-28 12:35:08','2015-12-28 12:35:08'),(149,16,9,'案例136： 一般资料：求助者，女性，26岁','<B>案例介绍：<BR></B><SPAN>&nbsp;&nbsp;&nbsp;&nbsp;&nbsp;&nbsp; 患者入睡困难，顽固性失眠。两个月后将要参加歌手大赛，担心失眠影响她的精神状态，影响她水平的正常发挥，情绪焦虑、肌肉紧张。患者系某工厂的工人。她自诉天生一副好歌喉，加上长得苗条匀称，在厂里还是一个众人瞩目的人物，平常骄傲得像个小公主，但心里一直不很平静，总觉得做个工人委屈了自己。６年前开始，常在业余时间去酒吧唱歌，收入颇丰，但苦于未遇上“伯乐”，未能崭露头角。每每唱罢归来，都已近午夜，躺在床上辗转难眠，迟迟不能入睡。若是遇上父母亲的责难喝斥，更是浮想联翩。母亲无奈的眼睛、父亲挥舞着的拳头、酒客肆无忌惮地调笑、同事鄙夷的神情……走马灯似地在脑海里反复重现，几乎通宵达旦。曾就诊于几所医院，被诊断为神经衰弱，服用过多种催眠药物和抗焦虑药物。每种药物服用初期有效，尔后药效渐渐降低，需增加药量才能维持睡眠，直到极量，最后失效。几年来，在药物的帮助下，睡眠时好时坏，但尚能维持基本睡眠。自诉白天精力尚可，情绪也挺不错。但近一年来，病情加剧。工厂因产品滞销，每况愈下，工人们纷纷自谋出路。她更急于改换门庭。常奔波于各文艺团体之间，频频应试却屡屡受挫。凡见到“歌手大奖赛”的广告，她总是报名参加，但最好的成绩也只是进入复赛圈。因此，失眠不断加重，几乎任何药都无效。常常是连续几天几夜不能安睡一次。白天便精神不振，昏昏欲睡。<BR>　　透过她那淡淡的粉饰，仍看得出一脸倦容。交谈中却还是显得那样健谈，那样踌躇满志。她觉得每次比赛或考试都没有发挥自己的水平，因为失眠影响了她的精神状态。两个月后又有一次歌手大赛，她不希望错过这次机会。她说为了唱歌，她已奉献了自己的一切。为此她一直不谈恋爱；为此她把自己大部分的时间和收入都花在拜师学艺上。她恳求我们助她一臂之力――帮助她解决睡眠问题。她认为只要每晚能正常睡上几个小时，她便能在赛期中进入最佳状态，一旦水平发挥正常，优胜非她莫属。</SPAN>','案例介绍：        患者入睡困难，顽固性失眠。两个月后将要参加歌手大赛，担',0,0,0,'2015-12-28 12:35:18','2015-12-28 12:35:18'),(150,16,9,'案例137：一般资料：求助者，女性，24岁','<span><b>案例介绍：</b><br>&nbsp;&nbsp;&nbsp;&nbsp;&nbsp; 患者每天至少要洗手十几次，每次几分钟，甚至十几分钟。由于处处小心，事事顾虑，做事特别缓慢，常受到家人批评，同事抱怨。苦于无法控制，非常痛苦。患者是某商店售货员。她是提前一月早产的，从小身体瘦弱，到了３岁时，走起路来还是东摇西晃、战战兢兢。为了不让邻居的孩子们欺负她，母亲一直给予她极多的关照和爱护。爱清洁，讲卫生，以免生病，也是母亲的谆谆教导。因此，她童年的大部分经历不是依伴母亲，就是独自一人闭门家中。她个子虽小，人却很精明，母亲去上班后，她能把家里收拾得干干净净、井井有条。小小年纪便学会寻思，如何把被子一天折一个新花样。７岁那年上学，成绩一直不错。作业一丝不苟，卷面整齐干净，常常因此受到老师的表扬。但小朋友们似乎不喜欢她的认真、负责和严肃。她常常是孤立的，有时还成了调皮鬼“恶作剧”的对象。回到家里，她似乎就少了几分压力，走路有时也蹦蹦跳跳，嘴里也吟吟唱唱。妈妈爱她、夸她，有时也恼她。特别是妈妈急急忙忙做饭菜要赶着去上班的时候，就会朝她大声嚷嚷：“一棵白菜，你快洗半个小时啦！”但她仍不慌不忙，直到洗得干干净净方才罢休。<br>&nbsp;&nbsp;&nbsp;&nbsp;&nbsp;&nbsp; 高中毕业后先是待业，后分配在某商店当售货员。爱清洁的习惯在商店是出了名的。伙伴们给的水果、瓜子之类是决不食用的，午餐用的碗筷也决不借给别人。这样自然招来不少非议。某日，她接待一位顾客。这位顾客长得瘦骨嶙峋，好像病入膏肓。一只青筋暴突宛若鹰爪的手抓着一团揉得很皱很腻的纸币不停地颤抖，缓缓地递给她。迫于职业道德和礼貌，她接过纸币，打开铺平，然后找钱，交货。她几乎是屏住呼吸完成这一切的。待那位顾客一边咳吐一边走开的时候，她只觉得一阵恶心，腹内一团热物直往上冒。连忙跑到洗手间反复搓洗双手。下班回家后仍觉手不干净，又擦肥皂，洗个没完。渐渐地，洗床单，洗沙发巾，洗鞋，洗菜但洗得最多的是她那双手。几乎已成了习惯，她接触任何东西之后就要去洗手，而且一洗就没完没了。终于洗完了的时候，小心地用两个指头关上水龙头，突然又觉得，这两上指头又弄脏了，还得洗。由于处处小心，事事顾虑，做事缓慢，经常受到家人的批评，柜台同事也时有抱怨。自己也觉得洗手太多，有些过分，但苦于无法克制，欲罢不能。每当下班时，只要她占用了一个水龙头，同事们便决不会恭候在此处，而宁愿在另一个水龙头前排长队。在这种场合，她极难为情，极为尴尬。她觉得孤独、伤心，她觉得人们在疏远自己。她因此自责，多次决心放弃“恶习”，但终不能如愿。病情时好时歹，严重时，要戴着手套睡觉，以免双手被污染。一年前结婚，婚前婚后，是症状最轻的日子，但好景不长，丈夫慢慢觉察到她的这种怪癖。原来她还担心丈夫发现，有所克制，有所遮掩。如今既然事已败露，便毫无顾忌。丈夫反映，她每天至少要洗手十几次，每次几分钟，甚至十几分钟。</span>','案例介绍：       患者每天至少要洗手十几次，每次几分钟，甚至十几分钟。由于',0,0,0,'2015-12-28 12:37:39','2015-12-28 12:37:39'),(151,16,9,'案例138： 一般资料：求助者，男性，33岁','<B>案例介绍：<BR></B><SPAN>&nbsp;&nbsp;&nbsp;&nbsp;&nbsp;&nbsp; 患者只要见到童车和女人的皮夹子，就心向往之。毁坏或污损童车，使他感到快慰。他能通过他迷恋的这两种物体进行手淫或进入一种幻想状态。只有借助这种幻想，他才可能与妻子进行正常的性交。1954年9月里的一天，L先生被一个女人揪到法庭上，因为他往她的皮夹子上抹油。这显然不是什么大不了的罪行。但使这位法官感到诧异的是，被告承认有故意毁坏女人皮夹子和儿童推车的历史，因而法官没有掉以轻心。调查后发展L先生有如下前科：<SPAN><BR>&nbsp;&nbsp;&nbsp;&nbsp;&nbsp; &nbsp;1948</SPAN>年，L先生曾在某火车站烧毁两辆儿童推车而遭逮捕。捕后他承认，曾多次追踪携带皮夹子的女人，直到设法弄脏或划破这些皮夹子。警察调查核实后，法院判他蓄意毁坏他人财产罪。他被判处缓刑，条件是他必须接受治疗。于是他被送进了一家精神病医院，治疗效果不明显，两个月后被送出院。<SPAN><BR>&nbsp;&nbsp;&nbsp;&nbsp;&nbsp;&nbsp; 1950</SPAN>年初，他又连连弄坏别人的童车，弄脏女人的手提包，因而再次在精神病院里住了16个月。<SPAN><BR>&nbsp;&nbsp;&nbsp;&nbsp;&nbsp; &nbsp;1952</SPAN>年4月，他又驾驶摩托车冲向一个推着童车的女人，将那位女人吓得弃车而逃。后来又发现他故意在雨天驾车外出，在带有皮夹子的妇女身边猛然加速行车，给皮夹子和女人溅一身泥水。<SPAN><BR>&nbsp;&nbsp;&nbsp;&nbsp;&nbsp;&nbsp;&nbsp;</SPAN>尽管法庭方面已经掌握他上述几件蓄意损害女人皮夹子和童车的案件，但患者向治疗家坦白，这类事件远远不止于此，他通常每周都得干上两到三起，有时还要弄到一些皮夹子，现在已经收藏了不少。见到童车和女人的皮夹子，他就心向往之。毁坏或污损童车，使他感到快慰。用手指甲划破女人的皮夹子，使他感到满足。他能通过他迷恋的这两种物件进行手淫或进入一种幻想状态。只有借助这种幻想，他才可能与妻子进行正常的性交。</SPAN>','案例介绍：        患者只要见到童车和女人的皮夹子，就心向往之。毁坏或污损',0,0,0,'2015-12-28 12:37:47','2015-12-28 12:37:47'),(152,16,9,'案例139：一般资料：求助者，男性，23岁','<span><b>案例介绍：</b><br>&nbsp;&nbsp;&nbsp;&nbsp; &nbsp; 患者常感到头昏脑胀、无精打采、悲观失望、对什么事都不感兴趣，这种状况有二年多的时间了。患者18岁入伍，长得彪彪实实，却生着一副菩萨心肠。看电视时，见到生老病死、悲欢离合的场景，总止不住潸然泪下。战友们戏谑说他感情来得比演员还快。又因为患者朴实勤劳，乐于助人，所以人缘极好。入伍不久，便被提拔为代理班长。活没少干，汗没少流，可是过了一年，依然还是代理，嘴上没说什么，心里可有些不是滋味。患者还有另外一件心事。他中学时期有一个要好的女同学，现在一所师范学校读书。两人虽不是青梅竹马，也没有过山盟海誓，但相处时总有一些不同一般的感觉。于是，患者便斟词酌句地给她写了一封信，在床板下压了两个星期才鼓起勇气寄出去。接着就是翘首盼望，但如泥牛入海无消息。患者开始失眠，各种假设在脑子里成立又推翻，消失又浮现。一个多月后终于接到她的回信，找个没人的地方打开，想象中的事情并没发生。信中未提及他们的过去，更未憧憬他们的未来，甚至也没有问及他的情况，简直连令人回想的余地都没有。他伤心、失望，原本不悦的心情好比雪上加霜，紧锁的愁眉更没有舒展的时候。时间倒是一剂治疗“心病”的良药，几个月后他没有那么伤心痛苦了。但别人说他更加沉默寡言，孤僻好静。他自己也觉得一日三餐如同嚼蜡，嬉戏娱乐也索然无味。身体乏力，头脑迟钝，时时自怜自卑，觉得己不如人，甚至生不如死。</span>','案例介绍：        患者常感到头昏脑胀、无精打采、悲观失望、对什么事都不感',0,0,0,'2015-12-28 12:38:54','2015-12-28 12:38:54'),(153,16,9,'案例140：一般资料：求助者，女性，24岁','<SPAN><B>案例介绍：<BR></B>&nbsp;&nbsp;&nbsp;&nbsp;&nbsp;&nbsp; 患者急性失眠，曾有一天痛哭流涕、几乎要去寻死。患者系某大学毕业生，品学兼优。在全年级数百名学生当中，总评分名列前30名。按照当时规定，列总分前80名的同学经推荐免试攻读研究生学位，或分配工作时有选择留校和其他工作单位的优先权。按照毕业分配工作的程序，首先是选拔研究生，剩下的同学再参加工作分配。分配的原则是双向选择。由于供需见面的时间很短，为了工作有条不紊，事先公布了用人单位的基本情况和人才要求，然后每位同学可选报一个单位，经学生处同意后即可供需见面，双方满意后即可签约。竞争是激烈的，如果选报单位不恰当，几乎来不及有第二次理想的选择。因而同学们有的暗中审时度势，有的相互商量切磋。力求尽量减少相互撞车。患者自然是被推荐攻读硕士研究生，但在正式录取通知下达之前，毕业分配工作就已开始。于是患者很紧张，担心万一未被录取为研究生，又失去了选择理想的工作单位的机会，心中犯难。患者即去校方要求参加毕业分配。答复是：若要参加毕业分配，必须退出研究生选拔，只能选择一方，以免录用冲突。经过激烈的思想斗争，患者咬牙放弃了读研究生的机会，参加毕业分配。何去何从，同学们似乎都是心中有数的。根据自己的情况，患者决定选报留校，并觉得很有把握。留校的条件要求比较高，成绩平平的同学自然是望而却步，另寻出路，患者和另外几名成绩优异的同学当然是众望所归，留校似乎非他们莫属，也没人敢与之竞争。志愿报上去了，学生处很快认可。患者十分高兴，被推荐人数和留校名额正相当，而且在这批被推荐的同学中，她的成绩仍然是名列前茅。供需见面安排在星期天晚上，同学们都很紧张，也很兴奋。梳妆打扮，穿上最得意的服装，去参加供需见面会。患者觉得胸有成竹，连见面的台词都想好了。供需见面并不神秘。桌子的一边坐着几位老师，其中一位老师拿着一摞表格，依次叫着名字，被叫着的同学走上前去回答一些问题，其余的同学都围在旁边观看。老师们的问题都十分简单，如“是哪里人?”“为什么要留校?”“喜欢什么专业?”等。轮到患者了，自然也能对答如流。很快，留校同学的面谈结束了，老师们轻声嘀咕一阵，便宣布结果。意外的是，除了患者以外，全部通过面试。同学们欢呼雀跃，患者则呆若木鸡。老师们热情地安慰她：“什么条件都不错，只是身材矮了一点，当大学老师嘛，仪表是相当重要的哟。”只看见学生处某负责人带一位同学，补上了她的缺额。这位同学当然比她个儿高，但成绩总分却比她低得多。她眼前突然一片朦胧，记不清她是如何在同学们的劝慰帮助下回到寝室，也记不清她究竟说了什么或没说什么。躺在床上后，她才觉察到事情的严重性，止不住的眼泪夺眶而出，先是呜咽，接着就是抽泣，最后是嚎啕大哭，惊起诸位同学。虽然多方安慰，仍是通宵未眠。次日来看医生，情绪激动，诉说她的满腹愤懑。</SPAN>','案例介绍：        患者急性失眠，曾有一天痛哭流涕、几乎要去寻死。患者系某',0,0,0,'2015-12-28 12:39:14','2015-12-28 12:39:14'),(154,16,9,'案例141：一般资料：求助者，中学生，男性，19岁','<span><b>案例介绍：</b><br>&nbsp;&nbsp;&nbsp;&nbsp;&nbsp;&nbsp; 患者总是反复思考、犹豫不决，自知有些过分，但又欲罢不能，因而十分痛苦。患者家居乡下，兄妹4人，排行老大，在本地念完小学、初中。从小行为规矩，成绩优良，小心谨慎，一直任学生干部。15岁时开始遗精，由偶尔渐至频繁，有时每日竟达数次。偶尔手淫，事毕兴奋而又紧张，但他不敢声张，并常暗中自责。16岁上县城高中，仍学习勤奋，但成绩优势没有初中明显。读到高三，更觉学习紧张。顾虑兼任学生干部社会活动多，影响学习，担心考不上大学，因而想辞去班干部的职务。为此遭到老师批评，说其不识抬举，别人想当还当不了呢。况且考大学时优秀的学生可降低一档录取分数线，并优先录取等。患者为此十分矛盾，既怕辜负老师，又怕耽误前程。冥思苦想，难以决断，常辗转不眠，甚至通宵达旦。每每晚上经过激烈思想斗争，决定向老师提出辞职，但次日起床后又每每动摇。如此无休无止，只觉心情烦躁、脑袋发胀，全身倦怠，学习成绩江河日下。患者意识到问题的严重性，高考前弃考，次年复读。复读后未担任学生干部职务，只想专注学习。强迫自己每日凌晨4时起床，夜12时就寝，但学习成绩仍未见回升。经常是手捧书本，思想却在云游四海。自称该记的记不住，该忘的忘不了，该思索的问题常常走神，不该考虑的问题却死死缠住你。做事更加小心缓慢。吐痰时瞻前顾后，生怕溅脏他人；提水时也小心翼翼，唯恐碰着别人，偶尔往别人鞋上溅了几滴水，也十分不安，非要替别人擦干净不可。有时也为自己的过分小心感到可笑。<br>&nbsp;&nbsp;&nbsp; &nbsp;某日去邮局领取汇款。对方接过汇款单问：“多少?”患者答：“15元。”于是对方将钱放在柜台上。3张5元的人民币，一目了然，无需进行复杂的计算，他拿过来便放进了兜里。走出邮局后，他有些不放心了，“是不是3张?为什么不数一数再拿?是不是过于疏忽?”但马上又想：“明明是3张嘛。再说，现在已离开了邮局，就是有个什么差错也找不上别人啦。”就这样，两种思想反复呈现，反复斗争，最后决定，还是把钱掏出来数一数。果然是3张5元的钱，没有差错，患者放心地笑了笑，轻松地走回学校。然而好景不长，刚回学校，他脑子里又冒出一个念头，衣袋里是不是原本就有1张5元的钞票呢?因为上月的钱没花完呀!于是又接着计算上一月的收支。<br>&nbsp;&nbsp;&nbsp;&nbsp;&nbsp; &nbsp;诸如上述的事情常常搅得他寝食不安，苦思不解。关窗锁门要反复验证才确信无误；书桌衣箱要清理再三以防失落物件。自感如此动作纯属多余，但非如此不得心安。做事效率低，虽想笨鸟先飞，仍是欲速不达。<br>&nbsp;&nbsp;&nbsp;&nbsp;&nbsp;&nbsp; 一天去水井担水，借用了一妇人的水桶，用完后患者客气地说了一声：“麻烦您啦。”转身一想，不对呀!不应该说：“麻烦您”，应该说“谢谢您”呀!真想回头去向那位妇人更正一番，但又想到区区小事，如此认真，别人看起来岂不荒唐?最后还是克制自己未去更正。但此事一直耿耿于怀，看见那位妇人便立即想起，久久不能忘怀。患者也奇怪自己为何如此缠绵。就诊时他交给笔者一本日记，摘寻三则如下：<br>&nbsp;&nbsp;&nbsp;&nbsp; &nbsp;“1984年5月16日。今天上体育课时，不小心踩了一块晒在操场上的水泥预制板，碰坏一角(长约10厘米，宽约18厘米，厚约4厘，面积大约是整块的1/40)。这完全是因为我不小心，而不是有意的。打听了一个中午，也不知道主人是谁……”<br>&nbsp;&nbsp;&nbsp;&nbsp; &nbsp;“1984年6月29日。临近考试，学习很紧张，但有些事仍不能放心。……水泥板的主人一直下落不明，更糟糕的是水泥板已被抬走了，今后便成了无头案，不搞清楚，我的心情总不能平静。不知为什么，总想这些琐事，又没有人找上门来索赔，真是自讨苦吃……”<br>&nbsp;&nbsp;&nbsp;&nbsp; &nbsp;“1984年7月5日。……最好在校门口贴张告示，打听一下谁曾在我校的操场上做水泥板，并被踩坏过一角……”<br>&nbsp;&nbsp;&nbsp;&nbsp;&nbsp; 患者与医生交谈时，呈全神贯注状。他说他平时也是如此，生怕漏听了重要内容，别人偶有含糊不清之语，他定要盘根问底，事后反复分析，确信无遗漏才放心。<br>&nbsp;&nbsp;&nbsp;&nbsp;&nbsp; 促使患者来求治的是这样一件事情。前不久，他们学校的校长因病逝世。患者几次去医院打听医生抢救时是否按压过死者的人中穴，因为他听说那样可以起死回生。患者知道医生比自己精通医道，肯定又是自己多虑。但在向遗体告别时，患者仍有冲动，想按压一下死者的人中穴。终因气氛庄严肃穆，患者未敢轻举妄动。盖棺入葬后，患者的后悔之意油然而生，多次在校长坟前徘徊，恨不能掘土掀棺，按压一下死者的人中穴。自称在理智的控制下，才未具体行动。但思维中按压人中穴的冲动仍持久不断。矛盾和冲突，已折磨得患者痛苦不堪。</span>','案例介绍：        患者总是反复思考、犹豫不决，自知有些过分，但又欲罢不能',0,0,0,'2015-12-28 12:42:06','2015-12-28 12:42:06'),(155,16,9,'案例142：一般资料：求助者，女性，22岁','<B>案例介绍：<BR></B><SPAN>&nbsp;&nbsp;&nbsp;&nbsp;&nbsp;&nbsp; 患者心情烦躁，皮肤瘙痒，久治不愈。3年前，患者渐渐觉得皮肤瘙痒，尽管勤洗涤、勤换衣仍是如此。因而心烦，不断挠抓皮肤，常常抓得遍身鲜血淋漓。她曾服过中药、西药、涂擦过各种药膏、洗济，还看过皮肤科医生，但病情总是时好时歹。因而脾气日益暴躁起来，动辄吵闹不休，故其父带她来看精神科。<SPAN><BR>&nbsp;&nbsp;</SPAN>患者原本是个文静多思、极其温柔的女孩子。家里除了在邮局工作的父母亲外，还有一位妹妹。她与妹妹是双胞胎，因为大妹妹半个小时而做了姐姐。两人小时装扮一样，幼儿园、小学、中学都是在同一个班读书。只是患者显得老成一些，像个姐姐，妹妹显得天真一些。父母把姐妹俩看成掌上明珠，但表扬得多的总是患者，责骂得多的总是妹妹。3年前，高考之后，情况有了变化。妹妹考上了大学，一家人高兴得不得了。患者虽未考上，也还为妹妹高兴。暑假里，并不宽裕的家庭却比较气派地为妹妹添置了衣物和生活用品，串门的亲戚朋友、高中同学络绎不绝，使这个素来冷清的平民之家颇有点门庭若市。相比之下，静坐一角的患者便显得有些被冷落。尽管妹妹一再安慰姐姐，并在姐姐面前努力节制自己的兴奋；但姐姐还是发现了，人们，包括一贯喜欢自己的父母对妹妹的兴趣远远超过了对自己的兴趣。<SPAN><BR>&nbsp;&nbsp;&nbsp;&nbsp;&nbsp;&nbsp;&nbsp; </SPAN>于是，她开始觉得不自在，时不时出现皮肤痒痒，用手一挠，更是痒不可忍。但她忍耐着，发愤学习。由于她本来就成绩不错，因而轻松地通过了招工考试，经过短期培训，然后分在市内一家国营医药店当职员。虽然参加工作了，因为仍住在家中，所以父母便没有怎么张罗，也很少有亲朋友上门祝贺。一切都是那么自然而平淡。此后，皮肤瘙痒逐渐加剧，经多种治疗每次治疗起初还有些效果，但接近痊愈时又每每复发。挠抓厉害的地方，常常是鲜血淋漓。以致夏天不敢穿短袖衫和裙装，唯恐暴露破烂不堪的皮肤。因此，父母急了，到处打听偏方秘方，还送她去百公里以外的温泉去洗浴。但病情仍无根本的好转。父母已对她关怀备至，在外地上大学的妹妹也常常寄给她广告上宣传的最新药品，亲朋好友好纷纷前来探视，介绍医生。只是病情始终未愈，而且患者凭添了几分烦躁。</SPAN>','案例介绍：        患者心情烦躁，皮肤瘙痒，久治不愈。3年前，患者渐渐觉得',0,0,0,'2015-12-28 12:42:12','2015-12-28 12:42:12'),(156,16,9,'案例143：一般资料：求助者，小学生，男性，10岁','<span><b>案例介绍：</b><br>&nbsp;&nbsp;&nbsp;&nbsp;&nbsp;&nbsp;患者自七岁起至今经常尿床。患者长得秀气，内向腼腆，像一个女孩。因温顺可爱，家里都叫他“小猫咪”。小猫咪天份很高，读书成绩好，只是有些胆小怕事，每当父母亲训斥责骂时，他总是憋红着脸、低着头，有理也不申辩。小猫咪样样都讨人喜欢，只是从7岁上学那年开始出现了一个坏毛病，常常尿床。开始，父母还不在意，时间长了父母才着急。先是听说尿床是因为营养不足，便不断补充牛奶、鸡蛋等营养品，但效果甚微。接着看中医，提出需温肾阳、缩小便，开出处方如下：桑螵蛸、远志、菖蒲、龙骨、人参、茯神、当归、龟板。龟板尚须醋渍。将药粉碎成末，混匀成散剂，用白开水冲服。据说初服似乎有效，遗尿次数减少，但服用数月后，终不见满意效果。为此，小猫咪可没少受责骂和羞辱。父母太忙，有时小猫咪尿床后，床单来不及洗，便径直拿出去，放在屋前的篱芭上晒干。调皮的小朋友看到了，常常当面揭他的伤疤，问小猫咪今天画的又是哪个国家的地图?父母的责难有时也是刻薄的。小猫咪因此常有自责，睡觉前就十分紧张，尿床后也不敢声张，用身体压住，生怕父母发现，甚至当面撒谎。</span>&nbsp;','案例介绍：       患者自七岁起至今经常尿床。患者长得秀气，内向腼腆，像一个',0,0,0,'2015-12-28 12:47:55','2015-12-28 12:47:55'),(157,16,9,'案例144：一般资料：求助者，男性，27岁','<SPAN><B>案例介绍：<BR></B><SPAN>&nbsp;&nbsp;&nbsp;&nbsp;&nbsp;&nbsp; 来访者十余年来怕见生人，只要一见到陌生人就感到心慌、脸红、表情不自然，非常苦恼。1975年(14岁)在初中三年级读书时，和同座位一女生相处较好，内心里对她有好感，常在一起谈天。不久，班内调整座位，那位女生和另一男生排在一个座位上，在他后面。来访者和那位男生关系不好。有一次，那位男生向来访者借尺子，他回头递送时，顺便看了他所喜欢的女生一眼。忽然想到那位男生会发现他对那女生“有意思”而声张出去，引起同学们“起哄”。这么一想，感到脸一下子红了起来，发热，心跳也加快了，赶快转回身。过了好长时间才平静下来。以后发现那位男生在有意地观察、注意他和那位女生的活动，似乎想发现什么秘密，感到很紧张。当时，来访者在班上担任读报员，经常要站在讲台上给大家读报。以前做这个工作时都很自然，没有困难。从这次脸红以后，上台读报面对同学们时，即感到心情紧张。尤其在读到关于男女关系、流氓犯罪等消息报导时，更是如此。越是紧张，越感到表情不自然，甚至脸红、出汗。又过了不久，听到几个爱打闹的男生常常喊“调情”、“抓流氓”等，病人推测这些话是影射他，是说给他听的，认为他们一定是在背后议论他和那位女生“搞对象”了。上课时发现别的同学也在注意他。因此，尽量不再回头，免得引起别人误会。平时劳动或开会的时候，也尽量避开那位女生。<SPAN><BR>&nbsp;&nbsp;&nbsp;&nbsp;&nbsp;&nbsp;</SPAN>高中时期，仍然和该女生在一个班上。来访者虽然外表上一切如常，但内心理一直紧张，逐渐少和别人交往。有一个学期，和另一个性格活泼的女生同座位，对方常用眼盯看他，他感到坐立不安，老怕被别人发现，在男女关系上挑他的毛病。不久，发现老师上课时，也用审视的目光看他，似乎看到了他紧张的表情。有一次老师不点名地说：“我真不知道你脑子里在想些什么？”认为老师也在误解他。整日惶惶不安。他就这样勉强读完了高中。<SPAN><BR>&nbsp;&nbsp;&nbsp;&nbsp;&nbsp;&nbsp; 1978</SPAN>年秋考入大学，换了个新环境，情况好了一些。不久，又和一个男同学关系不好，对方常用眼“瞪”他，他觉得受不了。以后，在面对那位男同学时，又感到脸上表情不自然，且脸红。逐渐对别的同学，不论男女，都不敢对视。这种恐惧比脸红、心慌更为难受，严重地妨碍了他和别人的交往。<SPAN><BR>&nbsp;&nbsp;</SPAN>自从在初中期间初次为“男女关系”感到脸红以后，和女生面对时就感到心情紧张，表情不自然；又怕对方发现，产生误解，以为他这个人可能“对男女方面的事想得太多”，给人留下不好的印象。在大学期间，听到别人说“流氓”、“作风不正派”或“小偷”等字眼时，他心理都紧张，怕被人说成是作风不正派的人。脑子里老是不能休息，学习感到困难。虽然学习成绩还好，但感到被“折磨”得疲惫不堪。<SPAN><BR>&nbsp;&nbsp;&nbsp;&nbsp;&nbsp; &nbsp;</SPAN>为了不让别人发现他脸红、表情尴尬、面部肌肉发僵，有时故意用手捂住半边脸，在不得不发笑的时候，把脸转向一边。大学一年级以后，当他和别人面对面讲话时，对方出现一些反应如转过头去或轻轻叹气，便认为对方一定看出了他的表情不自然、尴尬，以致也感到“别扭”。从此更羞于见人。以后，惧怕的对象不断扩大。不论男女、生人或熟人，不论到商店买东西或在街上向人问话，凡是和人接触、说话时，都感到害怕、紧张、脸红。所以尽可能少接触人、少说话，以减少让别人发现他的窘态的机会。<SPAN><BR>&nbsp;&nbsp;&nbsp;&nbsp; &nbsp;1982</SPAN>年大学毕业，参加工作，情况无改变。<SPAN><BR>&nbsp;&nbsp;&nbsp;&nbsp;&nbsp;&nbsp;1984</SPAN>年考上某大学研究生。在辅导学生实习时，尽量少讲话，尤其不和学生面对面讲话。参加学术讨论时有时也想发言，但怕发言时表情异常会引起人们非议，所以除了不得已时勉强讲几句以外，从来不发言。在毕业论文答辩时，两眼尽量看着墙，不面对听众，勉强通过。<SPAN><BR>&nbsp;&nbsp;&nbsp;&nbsp;&nbsp; 1988</SPAN>年(27岁)被分配到某单位工作，认识了一个比他小4岁的女同事，心里对她有好感，对方也有意接近他。但和这个女同事在一起时，也不敢面对面直看着她讲话。有一次偶尔和她对视，对方立即把头扭过去，便认为对方看出他表情异常，一定会想到他心里在想些不好的事。为此心里很难过。来访者说，他很想恋爱，但担心女方会从他的表情看出他心里老想些“坏”事，瞧不起他。</SPAN></SPAN>','案例介绍：        来访者十余年来怕见生人，只要一见到陌生人就感到心慌、脸',0,0,0,'2015-12-28 12:52:13','2015-12-28 12:52:13'),(158,16,9,'案例145：一般资料：求助者，女性，29岁','<span><b>案例介绍：</b><br>&nbsp;&nbsp;&nbsp;&nbsp;&nbsp; &nbsp;不敢面对别人，甚至不敢用余光“斜眼”看别人，特别是不敢看男性，甚至是自己的丈夫，认为这是轻浮行为。也怕别人从她“斜眼”看人看出她是一个轻浮的女人，而且能看出她有“下流”的想法。但自己虽下决心不再用余光看人，但又身不由已，只好避开别人。24岁时，在父母操办下和现在的丈夫结了婚，夫妻感情尚好，性生活一般。但她从来不敢面对面地看丈夫，怕他从她的眼神里看出不正派的想法来。<br>病人出生在一个小城市，父亲是工人，生活作风很严肃，并以此来要求患者。病人自幼性格拘谨、胆小，曾和母亲说过她的苦恼，母亲认为是眼睛的问题，带其去医院眼科检查。大约在1979年(18岁)高中二年级时，有一天在下课前无意中“斜眼”看了一个男同学。下课后，那个男同学把椅子提起来猛地摔在桌子上。当即想到对方一定发现了她“斜眼”看他，认为她作风“不正派”，因而摔椅子以表示反感。于是，便警告自己以后不再看男同学，尤其不再用“余光”看。但越想克制，越要去看。而且在面对别人尤其是男同学时，感到脸上发热，表情也不自然了，左右为难，非常自责、痛苦。上课时精力不能集中，学习成绩逐渐下降。下课后不敢到人多的地方去，很少和同学们讲话。1981年高中毕业，大学考试落榜。不久，参加工作。仍不时地用眼的“余光”看男人，并开始发现周围的人在不点名地议论她，在她面前故意说些“脏话”，或在她旁边走过时，故意把脚步放重(意思是说她不是一个作风“规矩”的女人)。痛恨自己的眼神不由自己指挥，曾想把眼睛弄瞎，或“一死了之”。</span>','案例介绍：        不敢面对别人，甚至不敢用余光“斜眼”看别人，特别是不敢',0,0,0,'2015-12-28 12:52:25','2015-12-28 12:52:25'),(159,16,9,'案例146：一般资料：求助者，学生，女性，28岁','<B>案例介绍：<BR></B><SPAN>&nbsp;&nbsp;&nbsp;&nbsp;&nbsp;&nbsp; 患者于1985年初中毕业，考上了重点中学，一心一意想好好学习。同时心里又想找一个要好的男同学，一起温习功课。一次用“余光”看一个喜欢的男同学，对方说“讨厌”，而且以后再看，该男生腿发抖，表现出非常难受的样子。后来，再看谁，包括母亲、弟弟似乎也有同样反应，以为自己的眼睛有特殊“功能”或是出了毛病，不敢再看别人，一年多来，总是想避开人，学习成绩下降。患者父母都是知识分子，有弟1人。她自幼即性格孤僻，不爱多讲话，只有少数女同学可以谈心。学习成绩很好。小学二年级(9岁)时，对班上一个长得好看的男同学有好感；但互相很少接触，一年内也说不上几次话，只是心里老想着他，晚上睡觉前想得更多，也曾想到和他接吻等。当时就认为这些想法不好，想忘掉他，但不容易。一年后转学到另一所学校，才渐渐地忘掉了这个男同学。到初中三年级以前，学习成绩一直很好。先后对两三个男同学有好感，但都没有多接触，只是心里想想而已，而且时间不长。回忆在幼儿园时(约6－7岁)，午睡时间睡不着，便把枕巾团起来垫在下身会阴部，伏卧在上面摆动身体，觉得很舒服。最后全身有一种像“水流动”样的感觉，非常舒服。然后即可入睡。以后改用拳头放在阴部，感觉更敏感。这个习惯直到高中都有。后来看青年心理学的书才知道这可能就是手淫，是“不好的行为”，但一直没有戒除。大约在9岁时，在亲戚家住过几天。有一个30多岁的男人常在她睡着后趴在她的身上亲她的脸，还摸她的下身，直到她被惊醒时才停止。那时似乎也知道他在做坏事，可能就是“奸污”了她。<SPAN><BR>&nbsp;&nbsp;&nbsp;&nbsp;&nbsp; 12</SPAN>岁月经初潮。在此前后，读了一些爱情小说，有时也想到一些关于和男同学接吻、睡觉等事。一想到这些，就警告自己：“这不成了流氓了吗？”便有些害怕。<SPAN><BR>&nbsp;&nbsp;&nbsp;&nbsp;&nbsp;&nbsp;</SPAN>在小学五、六年级和初中时，正值“文化大革命”期间，许多同学都不好好读书，谈论某某男女老师间如何要好等，并偷看他们的行动，也谈论某男同学和某女同学“相好”的事，曾想到自己虽然也有时想这些事，但行动上还是老实严肃的，比那些“疯”闹的同学要正派多了。<SPAN><BR>&nbsp;&nbsp;&nbsp;&nbsp;&nbsp;&nbsp;1985</SPAN>年(16岁)初中毕业，考上了重点高中，一心一意想好好学习。同时心理想找一个要好的男同学作伴，一起温习功能。不久，发现在她右前方座位上的一男生，活泼又好学，内心里对他有些爱慕，常用“余光”看他。有一次发现对方似乎有所感觉。她刚用余光看他，他便突然自言自语地说：“讨厌。”她听到后，断定对方一定发现了她在看他，而且推测对方可能认为她作风“不正派”，心里很紧张。自认为以前她在班上是“公认”的正派学生，学习成绩好，老实，从来不和男生一起说笑。这么一来，同学们怎么想呢？下决心不再用余光看那个男同学，但又克制不住。上课时听课不专心，回家也想着这件事。不久发现在看他时，对方用手臂挡住朝她方向的一侧脸，腿也在抖动，表现难受的样子。过了几天，偶尔和那个男生对视了一下，又发现对方似乎对她也有“意思”。其实，双方从来没讲过话。为了避免上课时看他，注意力不集中，找别的原因要求老师调换了座位。调到距那男生较远的座位后，发现她斜眼看谁，谁就有反应——不是咳嗽、动腿，就是用鼻子大声呼气。渐渐地发现过去和她要好的女生也不理她了，有时几个人在一起不点名地“骂”她。别人可能看不出，但她心理明白是在说她。例如说她“不自爱”、“像条疯狗到处乱咬”等。每听到这些话，即感到脸红、胸闷。上课时老低着头，不敢看人，但又控制下住。有一次急得趴在桌子上流泪。一个男生说：“让她反省，此人太不自觉。”有的男同学在她身旁走过时还说：“怎么回事，我身上发麻！”<SPAN><BR>&nbsp;&nbsp;&nbsp;&nbsp;&nbsp;&nbsp;1986</SPAN>年(17岁)春天以后，在街上走路时，发现在她身边走过的人也有类似“反应”，如咳嗽、转头等。不久，又发现父母亲和弟弟对她也有反应，向母亲询问，母亲否认有什么感觉。由于听课不能集中注意力，学习成绩逐渐下降，曾有4门功课不及格。1986年冬开始休学在家。也不出门，怕见到人。起初想可能是自己品格不好，找了一些政治修养的书和英雄人物传记来读，不觉得对自己有什么启发。怀疑自己是否有什么病了，或者眼睛有什么“特异功能”，便向母亲讲了一些情况。1987年初，母亲带她到医院看病，曾被诊断为强迫症，服用氯丙米嗪两个多月，无效。见到人仍不由自主地余光看，并发现越来越多的人有“反应”，都表示讨厌她。</SPAN>','案例介绍：        患者于1985年初中毕业，考上了重点中学，一心一意想好',0,0,0,'2015-12-28 12:53:22','2015-12-28 12:53:22'),(160,16,9,'案例147：一般资料：女，20岁，大二，未婚，家境尚可。','<span><b>表现出的问题：</b><br>&nbsp;&nbsp;&nbsp;&nbsp;&nbsp;&nbsp; 天气不好时情绪容易低落，经常会为一些不存在的事情担忧，如担心父母的身体，担心家里会来什么坏消息，担心课堂上或半夜里会去上厕所。&nbsp;</span><span>&nbsp;&nbsp;<br><b>&nbsp;案例介绍：</b><br>&nbsp;&nbsp;&nbsp;&nbsp;&nbsp; 她是艺术系的大学生。最令她苦恼的是，天冷的时候，例如今天这样的天气，往往会成为她“秋风秋雨愁煞人”的缘由。虽不是“凄神寒骨”那样的严重，但每见到天阴、天雨的时候，那一种惆怅、一种哀怨、一种莫名的自怜心绪便会席卷而来。逢到暖风轻送、阳光和煦的日子，她会和朋友们一起有说有笑，也喜欢一人独处时吟诗、作画、写小说，生活这才呈现出一抹浓淡总相宜的色调来。“我很希望自己能够每天都过得灿烂一些。”&nbsp;“我还喜欢想很多事情，有时候别人会说我是‘胡思乱想’。比如说，我会莫名其妙地担心爸爸、妈妈的身体，担心家里会突然打来电话报告什么坏消息。”说这话的时候，她的眼睛里蒙上了一层浅浅的雾水。&nbsp;“还有，还有，上课回答问题，一旦老师点名请我，即使答案我已准备好，站起来的那一瞬间脑袋里早已不见了‘答案’的蛛丝马迹。所以往往是即兴式的发挥，每每不那么令我满意。”&nbsp;“最糟糕的是，如果我想着上午两节课中间去厕所的话，那么哪怕事实上不去也没有什么大碍，我也依然会去。夜里，如果我担心会起夜影响同屋住的姐姐的话，我就肯定会起夜（也许更确切的说那只是一个形式），哪怕我临睡前一点水都没有喝。”她还告诉我，她喜欢画画，每次都一定要尽善尽美，哪怕别人认为早已合格，她却执著地一改再改，不放过任何一个细节的完美。<br>&nbsp;<b>咨询师观察了解到：</b><br>&nbsp;&nbsp;&nbsp;&nbsp;&nbsp;&nbsp;&nbsp; 7岁时对外婆的去世一直记忆犹新，而父亲又患有高血压，常担心父亲的病。从小做事就非常认真，追求完美，不允许自己出差错。无疾病史。</span>','表现出的问题：        天气不好时情绪容易低落，经常会为一些不存在的事情担',0,0,0,'2015-12-28 12:55:02','2015-12-28 12:55:02'),(161,16,9,'案例148：一般资料：狄某，男，17岁，高中应届毕业生，未婚。','<SPAN><B>表现出的问题：</B>企图自杀。</SPAN><SPAN>&nbsp;&nbsp;&nbsp; <BR><B>案例介绍：<BR></B>&nbsp;&nbsp;&nbsp;&nbsp;&nbsp;&nbsp; 患者父母均为国家干部，本有一个哥哥，但已殁。狄某的父母工作忙碌、常年出差在外，因此他和他的哥哥都由爷爷奶奶带大。到了狄某上小学二年级时（哥哥上小学三年级），他们才回到父母身边。一家四口团聚一起，关系却并不和谐。不知为什么，母亲对狄某比较喜爱，而对他的哥哥却很不喜欢。哥哥曾私下里对狄某说：“未必我不是妈妈亲生的吗？”他哥哥常遭母亲训斥和责打，丝毫得不到母爱的温暖。哥哥读五年级时，逆反心理加重，常与母亲顶撞，为了抗议母亲的打骂训斥，哥哥竟外出不归，流浪到了外地。一天，公安局的人找上门来了，通知他的父母说，你们的儿子在某城市遭了车祸，双腿都撞断了。他和父母便前往该市探视他的哥哥。在病房里，狄某搂着哥哥痛哭，父亲也十分痛心，而母亲却大骂哥哥：“你这个小赤佬，从小就是害人精，跑出了家门都还要害我们，你还不如死了的好！我不认你这个孽种！”当时，哥哥一言未发，只是愤怒地注视着母亲，但是当天晚上，哥哥竟凭着两手拖着残损的身躯爬上了窗台，从那里跳了下去！那是九层的高楼，哥哥粉身碎骨！……从此，他、他爸爸，都与母亲在感情上产生了很深很深的隔阂。不久，整天郁郁不乐的父亲患上了肝癌，入院数月便去世了。家中只剩下他和母亲二人，他成了她唯一的精神支柱。他在心中对她有着怨恨，表面虽然是尊重她，也听她的话，可是他很不想和她呆在同一个空间里。母亲是爱他的，比过去任何时候都更爱他，可他觉得就是这偏狭的母爱使哥哥丧了命，他不仅觉得妈妈是有罪的，就连他自己也有负罪感。他觉得如果妈妈当初只生了哥哥而不生他，妈妈肯定不会不喜欢哥哥，哥哥当然也就不会死去。还有，妈妈虽然无微不至地关心他，却并不尊重他的人格，任何事情都要他按她的意愿行事。回想起来，他从小一直都是听她的话的，哥哥则较有主见，可能正是因此，母亲才喜欢他而不喜欢哥哥。意识到这一点以后，他与母亲产生了强烈的对立情绪。只要能不回家，他就尽量不回家，反正他也有充足理由，因为他是住校生，不是走读生，平常时候学校也不让他们回家。高中即将毕业时，他与妈妈又发生了激烈冲突，填写高考志愿时她要他全填本市的大学，他一心想远离她，当然尽填外地大学。争执不下，母亲就下了最后通牒：“你若要填那些大学，将来我是不会给你生活费的！看你怎么读书！”他也火了，说：“只要考得上，我不要你的一分钱！也不会再回家！”母亲大哭了一场，当天母子俩没再说一句话。第二天，他回到了学校，埋头于复习之中，一连两周没回家。不料母亲却节外生枝，托人在本市联系了一家独资企业，让他放弃高考到那里去做事。她来到学校，找校长、找班主任、找各科的老师，向他们“宣布”说：“我儿子不参加高考了，高中毕业后就工作。希望老师们不要给他太多的作业，让他多些社会实践倒是可以的。”狄某急坏了，对母亲说：“我年纪还小，应当多读些书，这么早就参加工作不利于将来的发展。”她母亲就说：“你只要报考本市的大学，我就同意你参加高考，否则你就得放弃高考。”儿子一言不发，以示对母亲意见的否定。母亲十分恼火，竟当着校长、老师和同学的面狠狠打了儿子一记耳光。儿子当时几乎呆住了，稍顷，爆发出一声哭嚎：“你不是我妈！”母亲也是呆了一呆，然后捂着脸奔出了学校。狄某是一个聪慧、上进、自尊心极强的高中生，已经要毕业要高考了，却当着众多老师和同学的面，挨母亲的耳光，他感到是蒙受了奇耻大辱！认为她虽然是他的母亲，但对儿子人格的践踏同样令人不能容忍！他怨恨至极，决心以死来表示对母亲粗暴行为的抗议，维护自己的人格尊严！他卖掉了饭菜票和手表，买了车票乘车去到了五百公里外的一个著名的风景区，想寻找一个适当的结束生命的手段，但由于种种原因未能如愿。最后他又返回了学校，准备绝食而亡。同学发现以后，把情况报告了老师。老师和学校的领导想尽了办法、磨破了嘴唇，也没能说服他放弃绝食。他的母亲也赶来哭劝儿子不要轻生，但他根本不理母亲，始终一言不发。学校只好请来了公安人员，公安人员建议请心理医生帮助，一起来作他的工作。</SPAN>','表现出的问题：企图自杀。    案例介绍：        患者父母均为国家干部，',0,0,0,'2015-12-28 12:55:09','2015-12-28 12:55:09'),(162,16,9,'案例149：一般资料：汪某，男，20岁，重点大学四年级学生，未婚。','<span><b>求助者自述：</b><br>&nbsp;&nbsp;&nbsp;&nbsp;&nbsp;&nbsp; 去年五月认识了本校一女生，对她印象不错，遂主动追求。该女生高一年级，当年即将毕业。一天，他突闻将他带大的姥姥去世，不由悲痛欲绝，于是向该女生倾诉了从小与姥姥共同生活的情景，以及对从姥姥处得到的母亲般温暖的深深眷恋。该女生非常感动，表示要与他交朋友。在以后的日子里，他们如胶似漆，大有一日不见如隔三秋之感。可是，随着时间的流逝，该女生发现他们将来不可能呆在一起，于是十分后悔，特别是她父母坚决反对，因此多次表示结束恋爱关系。可他不同意，表示今生如果得不到她将要自杀。由于他的情绪波动极大，根本无精力学习，致使其期末考试三门不及格。该女生毕业后回到了本地，表示只能与他做一般朋友。希望他不要再去打扰她。他竟一时冲动，找到该女生的单位，强行要求讨个说法。这对该女生的工作和生活造成极大影响，其单位的领导找到了学校，要求校方对他作出处理。他当众流着眼泪，表示以后不再与她来往。可他的内心仍觉得自己是真心爱她，不想失去她而控制不住自己的感情。特别是到了节假日，还经常打电话或写信，甚至到该女生的家门口或上班的路上&nbsp;。他知道这只能使她离自己更远，而且也违背了自己的做人原则，但不能自控。眼看又要考试了，情绪更难自制，既怕作出失控行为，更怕考试再亮红灯。因他已累计八门不及格，若在最后一学期毕业设计再出问题，将无法毕业。他感到内心痛苦至极，不知到底该怎么办才好。</span>','求助者自述：        去年五月认识了本校一女生，对她印象不错，遂主动追求。',0,0,0,'2015-12-28 12:56:36','2015-12-28 12:56:36'),(163,16,9,'案例150：一般资料：S君，男，20岁，某大城市工科大学生，未婚。','<SPAN><B>案例介绍：<BR></B>&nbsp;&nbsp;&nbsp;&nbsp;&nbsp;&nbsp; 罗某，男，某大城市工科大学生，主动来心理咨询所进行心理咨询，他作了如下陈述：&nbsp;“我的家乡在川北，是革命老区，生活十分艰苦，由于交通闭塞，底子太薄，迄今还没有彻底改变贫穷的面貌。在初中时，我立志刻苦学习争取上大学，由于我的努力，高中时学习成绩在学校名列前茅，屡次在县会考上得第一。可是我家里很穷，兄弟姐妹多，无力供我上大学。县教育局和学校领导保证一旦我考上大学，每年提供一笔优厚的奖学金。我终于如愿以偿，考上了这里的轻工业学院。“在进大学之前，我对学习充满了自信，认为继续保持优异成绩如囊中取物，并准备大学毕业后考研究生，成名成家。没想到大学情况并非自己想象的那样，同学们不仅个个聪明，而且都有各自的特长，如唱歌、跳舞、书琴棋画等等，而我除了死读书，样样比别人差，且经济拮据，连套像样的衣服都没有，这些都无形中挫伤了我的自尊心。我不敢与同学交往，吃饭时独自一人吃最便宜的饭菜，省下钱来买参考书，课外活动不敢参加，怕动作笨拙引起同学讥笑。</SPAN><SPAN><BR>&nbsp;&nbsp;&nbsp;&nbsp;&nbsp;&nbsp; “</SPAN><SPAN>令我苦恼的一件事是学习上的相互竞争，昔日被称‘秀才’的我尽管花了比别人更多的时间，但成绩总是上不去，有时甚至是全班倒数第一。这种无形的压力压得我抬不起头来，过去理想至上和极其自信的我变得无限忧伤、压抑、烦恼和痛苦。第一学期勉强通过了考试。第二学期一开始，我感到压力越来越大，以致整天心神不宁，注意力不集中，晚上失眠。由于无法正常学习，近来已经连续三门功课不及格，老师、同学都劝我休学。可就我现在的状况，休学也解决不了问题，万一学校作出退学的决定，我活着还有什么意思？！“另外，大学本就是个青春的乐园，很多同学都有男朋友或女朋友，我经常看见他们成双成对在花前月下、歌厅、舞厅卿卿我我，特别是上课也要坐在一起，我们班上就有八对，每堂课都肆无忌惮地坐得近近的。每到周末，同寝室的哥们都去找‘那一位’去了，宿舍门口又有不少的女生在等别的男生，就是没有一个女生叫我或等我。我知道我是个穷光蛋，拿不出钱去供一些女生花销，也不敢请她们吃饭、看电影。但我也是人啊，人是有感情的，我也希望有个女同学陪伴在我身边。我曾经给两个女生写过信，但一个明明白白地拒绝了我，另外一个至今没有回信，说实话，我真有点嫉妒那些有女朋友的男生。有时甚至竟因嫉妒而有意疏远那些铁哥儿们。比如，我的上铺是一个跟我挺合得来的同学，但他家里比较有钱，而且最近他也谈了一个女朋友，于是我们在一起的机会明显减少了，我真想不通，他竟是这样一个‘重色轻友’的人。但我又嫉妒他，他有这样的好运，我没有，还不是因为没有一个女生喜欢我，而这又是因为我没有钱并在学习上不出色。“其实，论长相，我也不算丑，甚至还可以说相当潇洒。只是我没有其他男生那样多花样翻新的衣服，我比不起他们，我嫉妒他们的家庭环境。“还有，我在班上是个平头百姓，没有什么职务。评奖学金的时候，当班、系、校干部的都加了很多分，就我们这些光杆司令一分都不加，这样奖学金我们当然排在了末尾。我有点憎恨那些所谓的干部，不过就是尸位素餐，要是我干，我还不要求加分呢。现在，我觉得自己好像事事不如人，反倒平庸了。说实话，我嫉妒所有家庭境况比我好的同学，同时我又鄙视他们，有什么了不起嘛，不就是家里有点钱吗!“大夫，我也知道这是我自己有点不对头，可我也不知到底该怎么办?”</SPAN>','案例介绍：        罗某，男，某大城市工科大学生，主动来心理咨询所进行心理',0,0,0,'2015-12-28 12:56:46','2015-12-28 12:56:46'),(164,16,9,'案例151：一般资料：南某，男，19岁，某中专院校学生，未婚。','<span><b>案例介绍：</b><br>&nbsp;&nbsp;&nbsp;&nbsp;&nbsp;&nbsp; <span>我情绪变化无常，时好时坏，好的时候非常随和，坏的时候什么也不满意。心情很恶劣的时候，自我几乎失去控制。好比说今天早晨吧，一起床就很烦闷，觉得自我的存在毫无必要!也觉得人们活得无聊，压抑、恐慌、厌世、憎恨功课和作业……这样一些恶劣的情绪时常向我袭来，类似的感觉在初中时也有过，但没有上中专后严重。这种心绪使我听课安不下心，作业更懒得完成，已经好几门功课不及格了，很可能会毕不成业，拿个肄业证了事。近来情绪更是特别不好，不是心头空荡荡的，就是乱哄哄的。即使能毕业，毕业后能干什么?服从分配吗?我没有关系，分的单位肯定是很差的。自己去经商?别人早都把滩头阵地占完了，而且我又没有起步的资金，没有人扶持，哪里能发财哟!我成天就是这样想，看着同学都忙忙碌碌、跃跃欲试地准备毕业后投身到各自的事业中去，我更是感到六神无主。”</span></span>','案例介绍：        我情绪变化无常，时好时坏，好的时候非常随和，坏的时候什',0,0,0,'2015-12-28 12:57:38','2015-12-28 12:57:38'),(165,16,9,'案例152:一般资料：男性，27岁，已婚，公司职员。','<SPAN><B>求助问题：</B>为感情问题痛苦，伴有失眠两个月余。</SPAN><SPAN><SPAN>　　<BR><B>求助者自述：<BR></B>&nbsp;&nbsp;&nbsp;&nbsp;&nbsp;&nbsp; 妻子和孩子在家乡，我自己到城里打工，认识了一位女同事，互相有好感，以后经常约会，但是，一个月前我妻子突然来了，提出来要在城里找工作。我很为难，两个女人我都觉得不错，放弃谁我都舍不得，不知该怎么办好。最近半个多月，晚上怎么都睡不着，虽然还能工作，但效率很低。经常心慌、出汗、噩梦、心情烦躁不安，偶尔觉得活得真累，要是死了矛盾就解决了。有时还会出现离奇的想法，比如，想象自己要是能分身就好了。有时很内疚，觉得对不住他她们，有时觉得自己道德败坏。近来越来越紧张不安，我担心会得精神病，别人说我是心理问题，所以我来咨询，您能够告诉我该怎么办好吗</SPAN>?</SPAN>','求助问题：为感情问题痛苦，伴有失眠两个月余。　　 求助者自述：        妻',0,0,0,'2015-12-28 12:57:48','2015-12-28 12:57:48'),(166,16,9,'案例153：一般资料：女性，24岁，未婚，大学毕业。','<span><b>求助者自述：</b><br>&nbsp;&nbsp;&nbsp;&nbsp;&nbsp; 我们刚拿到毕业证书本应该高兴，可是一想到要找工作，就心慌、头痛、晚上睡觉也不好，一个多月了，老是心慌静不下来。</span><span>　　<br><b>案例介绍：</b><br>&nbsp;&nbsp;&nbsp;&nbsp;&nbsp; 求助者是家里的独生女，父母都是教师，从小对孩子要求很严，坐、站、行、走都要有规有矩，所以从小就十分听话，学习认真，同学关系也很好。但是胆子小，不太敢在众人面前讲话，一讲话就脸红，心慌。上大学以后，胆子比小时候大了，还参加了一些学生会活动。但还是当众或跟老师、领导讲话会心跳加快，脸红出汗。曾参加过一次求知面试，到一家公司应聘，结果因心里紧张、心慌，说话不够流畅，表达不够准确，没有被录用。现在毕业了，不知道是找工作还是听父母的安排考研究生，更不知道能否找一个自己满意的工作。一想到找工作要面试，便更加心慌，头痛，入睡困难多梦，感到自己太胆小，没出息。也想了不少方法就是没法控制住。所以前来求助心理咨询师。</span>','求助者自述：       我们刚拿到毕业证书本应该高兴，可是一想到要找工作，就心',0,0,0,'2015-12-28 12:58:54','2015-12-28 12:58:54'),(167,16,9,'案例154：一般资料：小王，女，15岁，初三学生，与父母同住。','<SPAN><B>案例介绍：<BR>&nbsp;&nbsp;&nbsp;&nbsp;&nbsp;</B>&nbsp; 小王，女，15岁，初三学生，与父母同住。父母为国家干部，经详细询问、调查，父母无人格障碍和其它神经症性障碍，家族无精神疾病历史。<BR><SPAN>&nbsp;&nbsp;&nbsp;&nbsp;&nbsp;&nbsp; 独生女，足月顺产，母亲身体健康，孕、产及哺乳期未服用特殊药物。8个月会说话，1岁会走路，3岁上幼儿园，当时能背唐诗100首，深得长辈老师喜欢。上学后学习成绩一直很好，又能帮助其他同学，深受同学和老师的喜爱，并成为班里的小干部，各方面表现都好，没有被老师批评过。12岁来月经，周期不稳定，身体健康，未患过重大疾病。6岁以前父母同外公外婆一起住，父亲工作忙，在一起的时间少，母亲工作三班倒，多与外公外婆一起生活，6岁以后跟父母同住，父母关系好，对小王要求高。从小活泼外向，处处严格要求自己，尽量做得尽善尽美。<BR></SPAN></SPAN><SPAN><B>个人陈述：<BR>&nbsp;&nbsp;&nbsp;&nbsp;&nbsp;&nbsp; </B>诉在三个月前的一次上课时发呆，被老师点名回答问题，没有听清老师的问题是什么，就根据当堂所讲内容猜测回答，同学们听后哄堂大笑，被老师严历批评，当时恨不能找个地缝钻进去，心怦怦乱跳，双手发抖。第二天上学时走到校门口就感觉紧张害怕、心发慌，不敢进校门，遂到学校旁边的书店看书。老师发现她没有上学，也没有请假，请家长到学校说明情况，父母回家批评了她，并要求她正常上学，次日上课时，突然觉得头晕目眩，心慌胸闷，呼吸急促，全身发抖，大汗淋漓，送到医院后很快缓解，父母不放心而让其住院一周，各项检查未发现器质性病变。出院后只要提起与上学有关的事就很不舒服，情绪低落，惊慌，感觉气不够用，发抖，如果不去想上学的事，则一切如常。三个月来请家教在家学习，一个人在家心情不好，常为一些小事跟父母发脾气，学习效率也低，还会控制不住自己看电视、上网，考试成绩下降。渴望能够像其它同学一样正常到学校学习，希望咨询师能够帮助她克服对上学的恐惧心理。<BR></SPAN><B>心理咨询师观察了解到的情况：<BR></B><SPAN>&nbsp;&nbsp;&nbsp;&nbsp;&nbsp;&nbsp; 身体和智力均发育正常，讲话声音清晰，情绪低落，意识清楚，接触交谈合作，言语流利，无幻觉、妄想，无智能障碍，自知力完整，有明确的求助要求。从进入咨询室到叙述完毕，都表现得比较自如，但在谈到上学的事情时，情绪明显烦恼和焦虑。<BR><B>妈妈反映：<BR></B>&nbsp;&nbsp;&nbsp;&nbsp;&nbsp;&nbsp; 小王从小活泼外向，认识的人都很喜欢她，但自尊心比较强，接受不了别人的批评。自从被老师批评后，一提起上学就不高兴，身体不舒服，能在家学习，接受家教的辅导，跟亲友交往正常。</SPAN>','案例介绍：        小王，女，15岁，初三学生，与父母同住。父母为国家干部',0,0,0,'2015-12-28 13:00:53','2015-12-28 13:00:53'),(168,16,9,'案例155：一般资料：李某，女，汉族，已婚，33岁，大学文化，某市保密局工作。','<span><b>案例介绍：</b><br>&nbsp;&nbsp;&nbsp;&nbsp;&nbsp;&nbsp; 求助者结婚7年，在6个月前偶然发现丈夫感情出轨。丈夫已认识错误，并已断绝与情人往来，虽然求助者表示能谅解丈夫的行为。但心里常为此苦恼，认为多年青梅竹马的感情经受不住考验。因此吃不下饭，睡不着觉，郁郁寡欢、生活工作兴趣降低。最近三个月失眠加重，觉得胸闷，不想与人交谈，也不愿与丈夫深入沟通。丈夫对妻子状态很担心，陪同前来咨询。李某在边疆地区某省会城市长大，家中兄妹3人，李某是最小的一个，自小生活在家人的宠爱之下，性格温和，多愁善感，自尊心强。上学时爱读琼瑶小说，向往小说中描绘的纯真爱情。求助者从小至今工作生活都很顺利，在别人的眼里是幸福的小女人。李某在初中16岁时认识同校高中就读的丈夫，被其帅气的外型所吸引。丈夫也被妻子清秀文静的气质打动，两人在学校确立恋爱关系。等到两个人都大学毕业后，双方结婚。婚后感情一直很好，从未红过脸，有一个聪明可爱的6岁女儿，家庭幸福和睦。单位工作轻闲，同事关系融洽，经济收入稳定。丈夫现在是处级事业单位副职，算是事业有成。去年，丈夫单位考录进来一个女公务员。女公务员硕士毕业，年青漂亮，能力较强，很受求助者丈夫欣赏；女公务员也崇拜求助者丈夫的能力和成熟。两个人的感情开始超越一般关系，经常用手机互相问候。一天，求助者无意中看到两人之间的短信内容。求助者说自己当时觉得如遭雷击。在求助者的质问下，丈夫承认自己对女公务员有好感，但未在行为上背叛过求助者，自己仍然爱求助者和家庭，并表示愿意改正错误，主动跟女公务员断绝情感纠结。求助者认为丈夫情感出轨对自己打击很大，当时很伤心。事后也反思自己因忙于照顾孩子，对丈夫关心较少，原谅了丈夫的过错。但之后，李某对丈夫与自己温存总觉别扭。虽然丈夫变得更加体贴自己，就是不能再向从前那样信任感情。近期，求助者脑海里经常浮现出女公务员发给丈夫的情意绵绵的短信，不愿去想却总也无法忘掉，越想越觉得难受。求助者原本就受失眠困扰，近三个月失眠加重，胸闷、情绪低落，易烦恼、不愿与人交往，工作也常出差错。</span><span>&nbsp;<br><b>&nbsp;心理咨询师观察了解到的情况：</b><br>&nbsp;&nbsp;&nbsp;&nbsp;&nbsp;&nbsp;&nbsp; 求助者秀气文静、端庄大方。面色灰暗，眼圈发黑，情绪低落，声音低沉。动作略有缓慢之感，态度友好、配合。在回答问题时反应迟缓，自感“反应不如从前”，并为此感到着急。无语言缺陷，表达虽流利，但主动陈述不多，交谈兴致不高，有问必答，谈话内容与声调、面部表情一致。自知力完整，无幻想、错觉。感情淡漠，在谈到感情伤害时噙泪哭泣。<br>&nbsp;&nbsp;&nbsp;&nbsp;&nbsp;&nbsp; </span>家属报告的情况均与主诉一致。','案例介绍：        求助者结婚7年，在6个月前偶然发现丈夫感情出轨。丈夫已',0,0,0,'2015-12-28 13:02:36','2015-12-28 13:02:36'),(169,16,9,'案例156： 一般资料：求助者，女性，27岁','<SPAN><B>案例介绍：<BR></B>&nbsp;&nbsp;&nbsp;&nbsp;&nbsp;&nbsp; 患者害怕见到花圈。只要一见到花圈即眩目耀眼，接着便全身冒汗、心跳加快、全身肌肉紧张。曾暗下决心，见到花圈不躲开，但屡屡受挫。因而十分沮丧。旷日持久，便自卑自怜，甚至听到哀乐或别人提到“花圈”二字都会胆战心惊。病人是个十分斯文却又口齿伶俐的女人。她说她３年前结婚，婚前精神状态一直很好，即使是在青春期也是如此。她聪慧敏捷，勤学好思曾有过朦胧远大的抱负。学习护士专业并非完全出自她的志愿，她也曾常常觉得自己的能力并未得到充分的发挥。尽管如此，她的自我控制却十分成功，似乎这种挫折并未给她的精神世界带来大的冲击。她既未显露于言表，更未付诸于行动。时至今日，她粗心的丈夫还不知道她一直怀有一点大材小用的委屈。她是一名无可挑剔的护士。新婚不久，她便参加了一位病人的特护工作。病人患的是晚期肝癌，因长期输液四肢静脉血管已针孔累累，打针十分困难。病人瘦骨嶙峋且极度烦躁，经常喝斥注射护士，因而护士们在背后便颇有微词。尤其令人难以容忍的是病人家属，一位风韵犹存的老妇人，一派官家作风，凶神恶煞。她也有同感，但她不像她的同事们那样议论纷纷，她能忍耐，好知道病人的时间不多了，从医生的神色来看，一切医护措施也只是程序性的、象征性的。她不理会病人的家属的态度，只是默默地完成份内的工作。她的工作是无可挑剔的。她参加了病人最后的抢救工作，人工呼吸、心脏按摩、注射肾上腺素，一切都是按部就班进行的，直到脑电图呈持续的一条平坦直线。抢救很累，但并不紧张。事后，死者家属以死者一个十分重要机关的名义向医院反映了有关情况。医院领导在大会上严厉批评了特护的几位护士，却突出地表扬了她具有崇高的天使美德。她觉得一下子被置于与大家对立的地位，反而十分紧张，觉得大家都在怒目相向。但她还是能自控的，焦虑并未溢于言表，也一直能正常上班，但却有些寝食不安。一日半夜醒来，惊叫墙上挂有凭吊死人的大花圈，丈夫忙开灯，墙上什么也没有。一关灯，她说花圈又出现了。原来是窗外树枝在墙壁上的投影。原因经证实后她也确信不疑，但从此却对花圈产生了莫名其妙的敏感，见到花圈便紧张不安。上班途中有一个不起眼的花圈店，以前熟视无睹、从未在意，如今，却成了她上班的拦路虎。老远就看见那招揽生意悬挂在铺前的花圈，一阵眩目耀眼，接着便全身冒汗、心跳加快、全身紧张，咬紧牙关也过不去，非得掉头绕道而行。查遍医书也未见壮胆之药，只好暗下决心，勇往直前。但屡屡受挫，仍过不了那一关。因而十分沮丧，心理自觉窝囊。旷日持久，便自悲自怜起来，没了原来的那份自信，见到花圈就躲开，甚至听到哀乐或别人提到“花圈”二字就会胆战心惊。</SPAN>','案例介绍：        患者害怕见到花圈。只要一见到花圈即眩目耀眼，接着便全身',0,0,0,'2015-12-28 13:02:39','2015-12-28 13:02:39');
/*!40000 ALTER TABLE `article` ENABLE KEYS */;
UNLOCK TABLES;

--
-- Table structure for table `audio`
--

DROP TABLE IF EXISTS `audio`;
/*!40101 SET @saved_cs_client     = @@character_set_client */;
/*!40101 SET character_set_client = utf8 */;
CREATE TABLE `audio` (
  `id` int(11) NOT NULL AUTO_INCREMENT,
  `category_id` int(11) NOT NULL,
  `user_id` int(11) NOT NULL,
  `title` varchar(64) NOT NULL COMMENT '标题',
  `resource_url` varchar(128) NOT NULL COMMENT '视频文件路径',
  `praise_count` int(11) NOT NULL DEFAULT '0' COMMENT '赞同数',
  `view_count` int(11) NOT NULL DEFAULT '0' COMMENT '浏览人数',
  `collect_count` int(11) NOT NULL DEFAULT '0' COMMENT '收藏数',
  `created_at` timestamp NOT NULL DEFAULT CURRENT_TIMESTAMP,
  `updated_at` timestamp NOT NULL DEFAULT '0000-00-00 00:00:00',
  `content` varchar(255) DEFAULT NULL,
  PRIMARY KEY (`id`),
  KEY `fk_audio_category_idx` (`category_id`),
  KEY `fk_audio_user_idx` (`user_id`),
  CONSTRAINT `fk_audio_category_idx` FOREIGN KEY (`category_id`) REFERENCES `category` (`id`),
  CONSTRAINT `fk_audio_user_idx` FOREIGN KEY (`user_id`) REFERENCES `user` (`id`)
) ENGINE=InnoDB AUTO_INCREMENT=10 DEFAULT CHARSET=utf8;
/*!40101 SET character_set_client = @saved_cs_client */;

--
-- Dumping data for table `audio`
--

LOCK TABLES `audio` WRITE;
/*!40000 ALTER TABLE `audio` DISABLE KEYS */;
INSERT INTO `audio` VALUES (9,8,9,'音频1','//upload/audio/ec6991fadbfce09d40716d8cd26430ac.mp3',0,0,0,'2015-12-26 13:08:00','2015-12-26 13:08:00','');
/*!40000 ALTER TABLE `audio` ENABLE KEYS */;
UNLOCK TABLES;

--
-- Table structure for table `audio_qst`
--

DROP TABLE IF EXISTS `audio_qst`;
/*!40101 SET @saved_cs_client     = @@character_set_client */;
/*!40101 SET character_set_client = utf8 */;
CREATE TABLE `audio_qst` (
  `id` int(11) NOT NULL AUTO_INCREMENT,
  `audio_id` int(11) NOT NULL,
  `title` varchar(64) DEFAULT NULL,
  `answer` varchar(64) DEFAULT NULL,
  `created_at` timestamp NOT NULL DEFAULT CURRENT_TIMESTAMP,
  `updated_at` timestamp NOT NULL DEFAULT '0000-00-00 00:00:00',
  PRIMARY KEY (`id`),
  KEY `fk_aq_audio_idx` (`audio_id`),
  CONSTRAINT `fk_aq_audio_idx` FOREIGN KEY (`audio_id`) REFERENCES `audio` (`id`)
) ENGINE=InnoDB AUTO_INCREMENT=20 DEFAULT CHARSET=utf8;
/*!40101 SET character_set_client = @saved_cs_client */;

--
-- Dumping data for table `audio_qst`
--

LOCK TABLES `audio_qst` WRITE;
/*!40000 ALTER TABLE `audio_qst` DISABLE KEYS */;
INSERT INTO `audio_qst` VALUES (19,9,'案例中咨询师做得好的地方在哪里？做的不好的地方在哪里？','大大大大','2015-12-26 13:08:00','2015-12-26 13:08:00');
/*!40000 ALTER TABLE `audio_qst` ENABLE KEYS */;
UNLOCK TABLES;

--
-- Table structure for table `category`
--

DROP TABLE IF EXISTS `category`;
/*!40101 SET @saved_cs_client     = @@character_set_client */;
/*!40101 SET character_set_client = utf8 */;
CREATE TABLE `category` (
  `id` int(11) NOT NULL AUTO_INCREMENT,
  `name` varchar(64) NOT NULL,
  `level` int(11) NOT NULL DEFAULT '1',
  `category_id` int(11) DEFAULT NULL,
  `editor` enum('yes','no') NOT NULL DEFAULT 'yes',
  `type` enum('normal','exam','article','video','audio') NOT NULL DEFAULT 'normal',
  `qst_tpl_id` int(11) DEFAULT NULL COMMENT '问答模板ID',
  PRIMARY KEY (`id`),
  KEY `fk_category_category1_idx` (`category_id`),
  KEY `FK_sk1crnd8ps963xjre34sf7gp3` (`qst_tpl_id`),
  CONSTRAINT `fk_category_category1` FOREIGN KEY (`category_id`) REFERENCES `category` (`id`) ON DELETE NO ACTION ON UPDATE NO ACTION,
  CONSTRAINT `FK_sk1crnd8ps963xjre34sf7gp3` FOREIGN KEY (`qst_tpl_id`) REFERENCES `qst_tpl` (`id`)
) ENGINE=InnoDB AUTO_INCREMENT=36 DEFAULT CHARSET=utf8;
/*!40101 SET character_set_client = @saved_cs_client */;

--
-- Dumping data for table `category`
--

LOCK TABLES `category` WRITE;
/*!40000 ALTER TABLE `category` DISABLE KEYS */;
INSERT INTO `category` VALUES (4,'基础理论夯实',0,NULL,'yes','exam',2),(6,'中级技能进阶',0,NULL,'yes','normal',NULL),(7,'实操技能强化',0,NULL,'yes','normal',NULL),(8,'分析倾听音频库',1,7,'yes','audio',NULL),(9,'实操仿真视频库',1,7,'yes','video',1),(16,'自助练习文本库',1,7,'yes','article',3),(26,'内容反应',1,6,'yes','exam',3),(27,'情感反应',1,6,'yes','exam',1),(28,'具体化技术',1,6,'yes','exam',NULL),(29,'重复技术',1,6,'yes','exam',NULL),(30,'房树人测验',1,6,'yes','exam',2),(31,'沙盘实验',1,6,'yes','exam',3),(34,'社区文章',0,NULL,'yes','article',NULL),(35,'dh',0,NULL,'yes','exam',NULL);
/*!40000 ALTER TABLE `category` ENABLE KEYS */;
UNLOCK TABLES;

--
-- Table structure for table `collect`
--

DROP TABLE IF EXISTS `collect`;
/*!40101 SET @saved_cs_client     = @@character_set_client */;
/*!40101 SET character_set_client = utf8 */;
CREATE TABLE `collect` (
  `id` int(11) NOT NULL AUTO_INCREMENT,
  `user_id` int(11) NOT NULL,
  `project_id` int(11) NOT NULL,
  `type` enum('normal','exam','article','image','audio','video') NOT NULL,
  `created_at` timestamp NOT NULL DEFAULT CURRENT_TIMESTAMP COMMENT '创建日期',
  `updated_at` timestamp NULL DEFAULT NULL,
  PRIMARY KEY (`id`),
  KEY `fk_collect_user_idx` (`user_id`),
  CONSTRAINT `fk_collect_user_idx` FOREIGN KEY (`user_id`) REFERENCES `user` (`id`)
) ENGINE=InnoDB DEFAULT CHARSET=utf8;
/*!40101 SET character_set_client = @saved_cs_client */;

--
-- Dumping data for table `collect`
--

LOCK TABLES `collect` WRITE;
/*!40000 ALTER TABLE `collect` DISABLE KEYS */;
/*!40000 ALTER TABLE `collect` ENABLE KEYS */;
UNLOCK TABLES;

--
-- Table structure for table `college`
--

DROP TABLE IF EXISTS `college`;
/*!40101 SET @saved_cs_client     = @@character_set_client */;
/*!40101 SET character_set_client = utf8 */;
CREATE TABLE `college` (
  `id` int(11) NOT NULL AUTO_INCREMENT,
  `created_at` datetime DEFAULT NULL,
  `name` varchar(255) DEFAULT NULL,
  `updated_at` datetime DEFAULT NULL,
  PRIMARY KEY (`id`)
) ENGINE=InnoDB DEFAULT CHARSET=utf8;
/*!40101 SET character_set_client = @saved_cs_client */;

--
-- Dumping data for table `college`
--

LOCK TABLES `college` WRITE;
/*!40000 ALTER TABLE `college` DISABLE KEYS */;
/*!40000 ALTER TABLE `college` ENABLE KEYS */;
UNLOCK TABLES;

--
-- Table structure for table `comment`
--

DROP TABLE IF EXISTS `comment`;
/*!40101 SET @saved_cs_client     = @@character_set_client */;
/*!40101 SET character_set_client = utf8 */;
CREATE TABLE `comment` (
  `id` int(11) NOT NULL AUTO_INCREMENT,
  `content` text NOT NULL,
  `desc` varchar(45) DEFAULT NULL,
  `pub` enum('yes','no') NOT NULL DEFAULT 'yes',
  `user_id` int(11) NOT NULL,
  `project_id` int(11) NOT NULL,
  `top` enum('yes','no') NOT NULL DEFAULT 'no',
  `created_at` timestamp NOT NULL DEFAULT CURRENT_TIMESTAMP,
  PRIMARY KEY (`id`),
  KEY `fk_comment_user1_idx` (`user_id`),
  KEY `fk_comment_project1_idx` (`project_id`),
  CONSTRAINT `fk_comment_project1` FOREIGN KEY (`project_id`) REFERENCES `project` (`id`) ON DELETE NO ACTION ON UPDATE NO ACTION,
  CONSTRAINT `fk_comment_user1` FOREIGN KEY (`user_id`) REFERENCES `user` (`id`) ON DELETE NO ACTION ON UPDATE NO ACTION
) ENGINE=InnoDB DEFAULT CHARSET=utf8 COMMENT='评论';
/*!40101 SET character_set_client = @saved_cs_client */;

--
-- Dumping data for table `comment`
--

LOCK TABLES `comment` WRITE;
/*!40000 ALTER TABLE `comment` DISABLE KEYS */;
/*!40000 ALTER TABLE `comment` ENABLE KEYS */;
UNLOCK TABLES;

--
-- Table structure for table `config`
--

DROP TABLE IF EXISTS `config`;
/*!40101 SET @saved_cs_client     = @@character_set_client */;
/*!40101 SET character_set_client = utf8 */;
CREATE TABLE `config` (
  `id` int(11) NOT NULL AUTO_INCREMENT,
  `name` varchar(45) NOT NULL,
  `value` varchar(255) NOT NULL,
  PRIMARY KEY (`id`)
) ENGINE=InnoDB DEFAULT CHARSET=utf8;
/*!40101 SET character_set_client = @saved_cs_client */;

--
-- Dumping data for table `config`
--

LOCK TABLES `config` WRITE;
/*!40000 ALTER TABLE `config` DISABLE KEYS */;
/*!40000 ALTER TABLE `config` ENABLE KEYS */;
UNLOCK TABLES;

--
-- Table structure for table `exam`
--

DROP TABLE IF EXISTS `exam`;
/*!40101 SET @saved_cs_client     = @@character_set_client */;
/*!40101 SET character_set_client = utf8 */;
CREATE TABLE `exam` (
  `id` int(11) NOT NULL AUTO_INCREMENT,
  `category_id` int(11) NOT NULL,
  `user_id` int(11) NOT NULL,
  `title` varchar(64) NOT NULL COMMENT '标题',
  `content` text COMMENT '补充',
  `answer` text NOT NULL COMMENT '答案json字符串',
  `test_type` enum('single','multiple','qa','other') NOT NULL DEFAULT 'other',
  `praise_count` int(11) NOT NULL DEFAULT '0' COMMENT '赞同数',
  `view_count` int(11) NOT NULL DEFAULT '0' COMMENT '浏览人数',
  `collect_count` int(11) NOT NULL DEFAULT '0' COMMENT '收藏数',
  `created_at` timestamp NOT NULL DEFAULT CURRENT_TIMESTAMP,
  `updated_at` timestamp NOT NULL DEFAULT '0000-00-00 00:00:00',
  PRIMARY KEY (`id`),
  KEY `fk_exam_category_idx` (`category_id`),
  KEY `fk_exam_user_idx` (`user_id`),
  CONSTRAINT `fk_exam_category_idx` FOREIGN KEY (`category_id`) REFERENCES `category` (`id`),
  CONSTRAINT `fk_exam_user_idx` FOREIGN KEY (`user_id`) REFERENCES `user` (`id`)
) ENGINE=InnoDB AUTO_INCREMENT=179 DEFAULT CHARSET=utf8;
/*!40101 SET character_set_client = @saved_cs_client */;

--
-- Dumping data for table `exam`
--

LOCK TABLES `exam` WRITE;
/*!40000 ALTER TABLE `exam` DISABLE KEYS */;
INSERT INTO `exam` VALUES (10,4,9,'影响力最明显的一种影响性技术是','','{\"items\":[\"解释\",\"自我开放\",\"指导\",\"内容表达\"],\"right\":[2]}','single',0,0,0,'2015-12-25 09:11:45','2015-12-25 09:11:45'),(11,4,9,'弗洛伊德将人们防止焦虑的能力叫做','','{\"items\":[\"防御机制\",\"本能动力\",\"心理异常\",\"快乐原则\"],\"right\":[0]}','single',0,0,0,'2015-12-25 09:14:07','2015-12-25 09:14:07'),(12,4,9,'感觉减退多见于','','{\"items\":[\"抑郁状态\",\"感染后虚弱状态\",\"睡眠障碍\",\"精神运动性抑制\"],\"right\":[0]}','single',0,0,0,'2015-12-25 09:21:02','2015-12-25 09:21:02'),(13,4,9,'有嫉妒妄想的人可表现为','','{\"items\":[\"坚信配偶不忠\",\"见到他人强于自己而生气\",\"痴迷某种观点\",\"想象他人强于自己而生气\"],\"right\":[0]}','single',0,0,0,'2015-12-25 09:43:34','2015-12-25 09:43:34'),(14,4,9,'违拗是一种','','{\"items\":[\"认知功能失调\",\"意志行为障碍\",\"人格结构变化\",\"精神运动兴奋\"],\"right\":[1]}','single',0,0,0,'2015-12-25 09:45:14','2015-12-25 09:45:14'),(15,4,9,'心理咨询师的提问只是表达自己的看法,而非推动求助者的自我探索,这是什么提问。','','{\"items\":[\"表达性\",\"解释性\",\"修饰性\",\"责备性\"],\"right\":[1]}','single',0,0,0,'2015-12-25 09:47:19','2015-12-25 09:47:19'),(16,4,9,'倾听时容易出现的错误是','','{\"items\":[\"迟迟不下结论\",\"做出道德和正确性的评价\",\"过分重视求助者的问题\",\"不好意思打断来访者的叙述\"],\"right\":[1]}','single',0,0,0,'2015-12-25 09:49:44','2015-12-25 09:49:44'),(17,4,9,'鼓励技术中最常用的方法是','','{\"items\":[\"不断提问\",\"给予奖励\",\"及时表扬\",\"直接重复求助者的话\"],\"right\":[3]}','single',0,0,0,'2015-12-25 09:51:21','2015-12-25 09:51:21'),(18,4,9,'解释技术的含义是运用心理学理论','','{\"items\":[\"描述求助者的思想状态\",\"描述求助者的情感反应\",\"描述求助者的行为特点\",\"说明求助者思想、情感、行为的原因与实质\"],\"right\":[3]}','single',0,0,0,'2015-12-25 11:45:11','2015-12-25 11:45:11'),(19,4,9,'自我防御机制','','{\"items\":[\"是由于个体把焦虑当成一种危险或不愉快的信号而产生的\",\"源于自我在承受本我的欲望和现实要求的双重压力\",\"是为了调整自我的欲望和现实之间的矛盾\",\"是为了抵御来自他人的负性评价所采取的应对方式\"],\"right\":[0,1,2]}','multiple',0,0,0,'2015-12-25 11:50:32','2015-12-25 11:50:32'),(20,4,9,'内容反应技术是指','','{\"items\":[\"将咨询师的意见如实相告\",\"咨询师根据求助者的谈话内容给予指导\",\"把求助者的主要言谈加以整理、反馈给求助者\",\"将求助者的思想认识加以整理、反馈给求助者\"],\"right\":[2,3]}','multiple',0,0,0,'2015-12-25 11:54:32','2015-12-25 11:54:32'),(21,4,9,'关于阻抗，下列说法中正确的是','','{\"items\":[\"出现阻抗属于正常现象，咨询师完全不必在意\",\"行为主义学派把阻抗理解为个体对行为矫正的不服从\",\"精神分析学家认为阻抗的意义在于增强个体的自我防御\",\"本质上是求助者对于咨询过程中自我暴露和自我改变的抵抗\"],\"right\":[1,2,3]}','multiple',0,0,0,'2015-12-25 12:19:23','2015-12-25 12:19:23'),(22,4,9,'理解非言语行为要注意','','{\"items\":[\"正确把握非言语行为的各种含义\",\"全面观察非言语行为\",\"应把动作群放到某种情境中来了解\",\"应关注言语内容与非言语内容的不一致\"],\"right\":[0,1,2,3]}','multiple',0,0,0,'2015-12-25 12:26:55','2015-12-25 12:26:55'),(23,4,9,'自我概念的形成和发展大致经历三个阶段','','{\"items\":[\"从生理自我到心理自我，最后到社会自我\",\"从生理自我到社会自我，最后到心理自我\",\"从社会自我到生理自我，最后到心理自我\",\"从心理自我到生理自我，最后到社会自我\"],\"right\":[1]}','single',0,0,0,'2015-12-25 12:30:09','2015-12-25 12:30:09'),(24,4,9,'心理咨询对精神障碍患者的作用是','','{\"items\":[\"消除症状\",\"系统治疗\",\"预防复发\",\"精神分析\"],\"right\":[2]}','single',0,0,0,'2015-12-25 12:31:24','2015-12-25 12:31:24'),(25,4,9,'强大自然灾害后的心理反应可以经历以下阶段','','{\"items\":[\"警觉期- 恢复期-康复期\",\"警觉期-搏斗期-恢复期\",\"惊吓期-恢复期-康复期\",\"惊吓期-衰竭期-恢复期\"],\"right\":[2]}','single',0,0,0,'2015-12-25 12:37:08','2015-12-25 12:37:08'),(26,4,9,'不属于亲子关系本质的是','','{\"items\":[\"自然的血缘关系\",\"人伦道德关系\",\"教养与服从的关系\",\"法定的赡养关系\"],\"right\":[2]}','single',0,0,0,'2015-12-25 12:38:54','2015-12-25 12:38:54'),(27,4,9,'关于感性反应，错误的说法是','','{\"items\":[\"感性反应是一种情绪化应对\",\"感性反应是一种儿童式的应对\",\"不论场合，一旦出现感性反应就是心理问题\",\"可以随时随地采用感性反应\"],\"right\":[2]}','single',0,0,0,'2015-12-25 12:43:34','2015-12-25 12:43:34'),(28,4,9,'心理咨询师的共情是指体验求助者的内心，要做到','','{\"items\":[\"如同体验自己\",\"就是体验自己\",\"以自己为参照\",\"以社会为参照\"],\"right\":[0]}','single',0,0,0,'2015-12-25 12:45:31','2015-12-25 12:45:31'),(29,4,9,'癔症型多话的求助者主要的目的','','{\"items\":[\"证明自己\",\"心事能够倾听\",\"获得赞赏\",\"情绪得到宣泄\"],\"right\":[2]}','single',0,0,0,'2015-12-25 12:48:35','2015-12-25 12:48:35'),(30,4,9,'心理咨询\'\'助人自助\'\'的含义是','','{\"items\":[\"咨询师帮助求助者的同时自己也得到提升\",\"咨询师帮助求助者学会自己有效解决问题\",\"共同进步\",\"逐步成熟\"],\"right\":[1]}','single',0,0,0,'2015-12-25 12:53:58','2015-12-25 12:53:58'),(31,4,9,'16PF施测时的时间限制是','','{\"items\":[\"30分钟\",\"40分钟\",\"50分钟\",\"无严格规定\"],\"right\":[3]}','single',0,0,0,'2015-12-25 12:55:19','2015-12-25 12:55:19'),(32,4,9,'刻板印象使人的社会知觉过程简化，因此它具有（）的作用','','{\"items\":[\"概括化\",\"社会适应\",\"抽象化\",\"消极\"],\"right\":[1]}','single',0,0,0,'2015-12-25 12:59:11','2015-12-25 12:59:11'),(33,4,9,'精神疾病患者错觉的特点是','','{\"items\":[\"能够进行自我校正\",\"感知综合障碍\",\"不能接受现实检验\",\"感知功能障碍\"],\"right\":[2]}','single',0,0,0,'2015-12-25 13:05:36','2015-12-25 13:05:36'),(34,4,9,'有效实施会谈法的关键是心理咨询师能否','','{\"items\":[\"以心理测验为依据评判临床观察结果\",\"以临床观察结果为依据收集相关数据\",\"正确把握求助者的精神状态和行为特点\",\"深入了解和掌握各种心理治疗理论的要点\"],\"right\":[2]}','single',0,0,0,'2015-12-25 13:07:43','2015-12-25 13:07:43'),(35,4,9,'心理咨询师在心理诊断中为避免“贴标签”，应该以（ ）依据','','{\"items\":[\"现实的临床表现\",\"成熟的治疗理论\",\"丰富的临床经验\",\"异常行为的原因\"],\"right\":[0]}','single',0,0,0,'2015-12-25 13:10:29','2015-12-25 13:10:29'),(36,4,9,'不属于共情的含义是','','{\"items\":[\"咨询要以自己的参照框架去剖析求助者的问题\",\"咨询师借助求助者的言行，体验对方的内心世界\",\"咨询师借助知识经验，把握对方体验与其人格之间的联系\",\"咨询师要运用技巧将自己的共情传达给求助者\"],\"right\":[0]}','single',0,0,0,'2015-12-25 13:12:30','2015-12-25 13:12:30'),(37,4,9,'自我开放的含义是','','{\"items\":[\"咨询师公开自己的困扰让求助者分担\",\"咨询师谈出自己的经验与求助者分享\",\"咨询师可以在咨询过程中进行自我调节\",\"借助于求助者的自我开放，咨询师可以自我开放\"],\"right\":[1]}','single',0,0,0,'2015-12-25 13:14:22','2015-12-25 13:14:22'),(38,4,9,'把与自己本无关系的事情认为有关，这种临床表现最可能出现于','','{\"items\":[\"被害妄想\",\"钟情妄想\",\"关系妄想\",\"夸大妄想\"],\"right\":[2]}','single',0,0,0,'2015-12-25 13:15:24','2015-12-25 13:15:24'),(39,4,9,'以下说法中错误的是','','{\"items\":[\"共情是最为关键的咨询特质\",\"共情是体验求助者的内心世界\",\"共情就是把握求助者的情感与思维\",\"共情就是必须与求助者拥有同样的情感\"],\"right\":[3]}','single',0,0,0,'2015-12-25 13:16:55','2015-12-25 13:16:55'),(40,4,9,'阻抗的本质是','','{\"items\":[\"求助者对于咨询过程中自我暴露与改变的抵抗\",\"求助者对于咨询师的反感和抵制\",\"咨询师对求助者异常行为的阻拦\",\"咨询过程中出现的异常情况的总称\"],\"right\":[0]}','single',0,0,0,'2015-12-25 13:18:09','2015-12-25 13:18:09'),(41,4,9,'青春期心理发展的矛盾性表现包括','','{\"items\":[\"心理上的成人感与半成熟现状之间的矛盾\",\"心理断乳与精神依赖之间的矛盾\",\"心理闭锁性与开放性之间的矛盾\",\"成就感与挫折感之间的矛盾\"],\"right\":[0,1,2,3]}','multiple',0,0,0,'2015-12-25 13:19:13','2015-12-25 13:19:13'),(42,4,9,'了解求助者的既往史时，应该包括的内容是','','{\"items\":[\"评论以往心理咨询过程中出现的失误\",\"对求助者的病因进行直接或间接介绍\",\"详细阅读以往的就医病历和有关资料\",\"详细询问是否去过其他心理咨询机构\"],\"right\":[2,3]}','multiple',0,0,0,'2015-12-25 13:20:17','2015-12-25 13:20:17'),(43,4,9,'心理咨询方案应当包括','','{\"items\":[\"咨询的目标 \",\"双方的责权义\",\"咨询的态度\",\"咨询效果的承诺\"],\"right\":[0,1]}','multiple',0,0,0,'2015-12-25 13:21:15','2015-12-25 13:21:15'),(44,4,9,'目光注视的一般规律','','{\"items\":[\"倾听时，注视对方双眼\",\"说话时比倾听时注视对方多一些\",\"开始说话时，将目光从对方身上移开\",\"讲话结束时，将目光重新回到对方身上\"],\"right\":[0,2,3]}','multiple',0,0,0,'2015-12-25 13:22:50','2015-12-25 13:22:50'),(45,4,9,'下列说法中正确的包括','','{\"items\":[\"恐惧越强，亲合倾向越弱\",\"恐惧越强，亲合倾向越强\",\"焦虑越强，亲合倾向越弱\",\"焦虑越强，亲合倾向越强\"],\"right\":[1,2]}','multiple',0,0,0,'2015-12-25 13:30:38','2015-12-25 13:30:38'),(46,4,9,'在咨询交谈中，除非得到求助者同意，一般情况下不能','','{\"items\":[\"仔细地观察\",\"录音\",\"详细地笔录\",\"录像\"],\"right\":[1,2,3]}','multiple',0,0,0,'2015-12-25 13:32:10','2015-12-25 13:32:10'),(47,4,9,'“真诚不等于实话实说”的含义是','','{\"items\":[\"真诚与说实话之间没有联系\",\"表述真诚不能通过言语\",\"表达真诚应有助于求助者成长\",\"实话实说不利于表达真诚\"],\"right\":[2]}','single',0,0,0,'2015-12-25 13:33:36','2015-12-25 13:33:36'),(48,4,9,'指导技术的正确做法是','','{\"items\":[\"咨询师直接指示求助者以某种方式行动\",\"可以不考虑求助者的心理准备\",\"让求助者真正理解指导的内容\",\"不强迫求助者执行\"],\"right\":[0,2,3]}','multiple',0,0,0,'2015-12-25 13:34:46','2015-12-25 13:34:46'),(49,4,9,'内容反应的含义是心理咨询师','','{\"items\":[\"解释心理问题的原因\",\"解释心理问题的内容\",\"反馈求助者的谈话内容 \",\"反馈求助者的主要隋感 \"],\"right\":[2]}','single',0,0,0,'2015-12-25 13:36:17','2015-12-25 13:36:17'),(50,4,9,'“完整地接纳”求助者，并不意味着','','{\"items\":[\"对求肋者的恶习无动于衷\",\"接纳求助者全部的优点和缺点\",\"充分尊重求助者的价值观\",\"接受求助者的光明面和消极面 \"],\"right\":[0]}','single',0,0,0,'2015-12-25 13:36:45','2015-12-25 13:36:45'),(51,4,9,'在整理临床资料时,应该对来自求助者亲友和中介人的资料','','{\"items\":[\"进行可靠性验证.并做必要的说明 \",\"直接使用,并作为重要的参考依据\",\"先行筛选.避免对求助者构成伤害\",\"注意排序,不对求助者形成暗示\"],\"right\":[0]}','single',0,0,0,'2015-12-25 13:37:36','2015-12-25 13:37:36'),(52,4,9,'以反问的形式批评求助者，属于','','{\"items\":[\"责备性问题\",\"修饰性反问\",\"解释性问题\",\"多重问题\"],\"right\":[0]}','single',0,0,0,'2015-12-25 13:38:07','2015-12-25 13:38:07'),(53,4,9,'对求助者做出严重心理问题诊断前.应该分析求助者','','{\"items\":[\"是否有严重精神病家族史\",\"是否有器质性病变作基础\",\"其症状能否用心理学理论来解释\",\"其症状能否被心理咨询师所理解\"],\"right\":[1]}','single',0,0,0,'2015-12-25 13:38:48','2015-12-25 13:38:48'),(54,4,9,'心理咨询对精神障碍患者的作用是','','{\"items\":[\"消除症状\",\"系统治疗\",\"预防复发\",\"精神分析\"],\"right\":[2]}','single',0,0,0,'2015-12-25 13:39:19','2015-12-25 13:39:19'),(55,4,9,'以观念、行为、外貌装饰奇特，情绪冷漠、人际关系明显缺陷为特点的是(   )人格障碍.','','{\"items\":[\"分裂样\",\"偏执性\",\"表演性\",\"反社会性\"],\"right\":[0]}','single',0,0,0,'2015-12-25 13:41:56','2015-12-25 13:41:56'),(56,4,9,'内心被揭露感属于','','{\"items\":[\"知觉障碍\",\"感知综合障碍\",\"思维形式障碍 \",\"思维内容障碍\"],\"right\":[3]}','single',0,0,0,'2015-12-25 13:43:02','2015-12-25 13:43:02'),(57,4,9,'适应障碍的病程一般不超过','','{\"items\":[\"两周\",\"三个月\",\"半年\",\"两个月\"],\"right\":[2]}','single',0,0,0,'2015-12-25 13:44:06','2015-12-25 13:44:06'),(58,4,9,'在讲话程度上,最常见的阻抗表现形式是','','{\"items\":[\"寡言\",\"沉默\",\"赘言\",\"抵触\"],\"right\":[1]}','single',0,0,0,'2015-12-25 13:44:21','2015-12-25 13:44:21'),(59,4,9,'咨询的终极目标与具体目标的关系是','','{\"items\":[\"从终极目标着眼,从具体目标着手 \",\"以具体目标为指导,实现终极目标\",\"从具体目标着眼,从终极目标着手\",\"由具体目标出发,确定终极目标\"],\"right\":[0]}','single',0,0,0,'2015-12-25 13:45:32','2015-12-25 13:45:32'),(60,4,9,'性行为问题按严重程度从弱到强可分为','','{\"items\":[\"性行为失调、性行为障碍和性行为变态\",\"性行为失调、性行为变态和性行为障碍\",\"性行为变态、性行为失调和性行为障碍\",\"性行为障碍、性行为失调和性行为变态\"],\"right\":[0]}','single',0,0,0,'2015-12-25 13:47:19','2015-12-25 13:47:19'),(61,4,9,'临床诊断最基本的技能是','','{\"items\":[\"建立和维持恰当的咨询关系\",\"熟悉各阶段工作程序和方法\",\"寻找引发临床表现的关键点\",\"掌握好诊断要点和鉴别诊断\"],\"right\":[2]}','single',0,0,0,'2015-12-25 13:48:58','2015-12-25 13:48:58'),(62,4,9,'积极关注指的是','','{\"items\":[\"关注求助者的身体状况\",\"关注求助者言行的积极面\",\"关注求助者的负性情绪 \",\"关注求助者对咨询师的态度\"],\"right\":[1]}','single',0,0,0,'2015-12-25 13:50:11','2015-12-25 13:50:11'),(63,4,9,'参与性技术不包括','','{\"items\":[\"倾听\",\"内容反应\",\"面质\",\"情感反应\"],\"right\":[2]}','single',0,0,0,'2015-12-25 13:51:20','2015-12-25 13:51:20'),(64,4,9,'焦虑性人格障碍的特点是','','{\"items\":[\"总是感到不安\",\"对他人意见过分敏感\",\"一贯猜疑偏执\",\"习惯性夸大潜在危险 \"],\"right\":[0,1,3]}','multiple',0,0,0,'2015-12-25 13:52:26','2015-12-25 13:52:26'),(65,4,9,'少年期性心理咨询的主要内容包括','','{\"items\":[\"帮助有性过失的少年\",\"增强成人的性知识\",\"改进成人的性教育状况\",\"帮助少年意识到两性差别和两性关系 \"],\"right\":[0,1,2,3]}','multiple',0,0,0,'2015-12-25 13:53:45','2015-12-25 13:53:45'),(66,4,9,'解释、归纳和验证临床资料时,应该重点分析','','{\"items\":[\"其他人对求助者的评价 \",\"咨询师对求助者的评价\",\"求助者所处环境条件\",\"求助者个体方面情况 \"],\"right\":[0,1,2,3]}','multiple',0,0,0,'2015-12-25 13:55:28','2015-12-25 13:55:28'),(67,4,9,'阻抗产生的原因中,来源于求助者方面的包括','','{\"items\":[\"生理功能的严重失调\",\"成长带来的某种痛苦\",\"机能性行为失调\",\"反抗咨询的动机\"],\"right\":[1,2,3]}','multiple',0,0,0,'2015-12-25 13:56:54','2015-12-25 13:56:54'),(68,4,9,'儿童心理障碍包括','','{\"items\":[\"多动 \",\"多余动作\",\"缄默 \",\"模仿动作\"],\"right\":[0,1,2]}','multiple',0,0,0,'2015-12-25 13:57:52','2015-12-25 13:57:52'),(69,4,9,'对症状的自知是指求助者','','{\"items\":[\"能否提供与咨询密切联系的资料\",\"能否认识到自己的心理行为异常\",\"对自己的心理行为异常怎样解释 \",\"对自己经历的重大事件怎样解释\"],\"right\":[1,2]}','multiple',0,0,0,'2015-12-25 13:59:06','2015-12-25 13:59:06'),(70,4,9,'意志缺乏者的临床症状包括','','{\"items\":[\"精神活动不协调\",\"自知力不完整\",\"缺乏应有的主动性\",\"生活极端懒散 \"],\"right\":[2,3]}','multiple',0,0,0,'2015-12-25 14:00:11','2015-12-25 14:00:11'),(71,4,9,'心理咨询的总体任务，就是达到（ ）的目的','','{\"items\":[\"提高个人心理素质，使人健康无障碍地生活下去\",\"提高个人道德素质，使人健康无障碍地生活下去\",\"提高个人心理素质，使人健康、愉快、有意义地生活下去 \",\"提高个人道德素质，使人健康、愉快、有意义地生活下去\"],\"right\":[2]}','single',0,0,0,'2015-12-25 14:04:50','2015-12-25 14:04:50'),(72,4,9,'使用多重问题可能使求助者','','{\"items\":[\"不知所措\",\"遗漏细节\",\"过度关注 \",\"思路清晰\"],\"right\":[0]}','single',0,0,0,'2015-12-25 14:05:47','2015-12-25 14:05:47'),(73,4,9,'心理咨询师和求助者之间的人际关系距离应属于','','{\"items\":[\"公众距离\",\"社交距离\",\"个人距离 \",\"亲密距离\"],\"right\":[2]}','single',0,0,0,'2015-12-25 14:06:34','2015-12-25 14:06:34'),(74,4,9,'阻抗的本质是','','{\"items\":[\"增强焦虑情绪\",\"对自我暴露的服从\",\"展示焦虑情绪\",\"对自我暴露的抵抗\"],\"right\":[3]}','single',0,0,0,'2015-12-25 14:07:25','2015-12-25 14:07:25'),(75,4,9,'根据 MMPI 中国常模，病理性异常表现的区分标准是量表 T 分大于','','{\"items\":[\"40\",\"50\",\"60\",\"70\"],\"right\":[2]}','single',0,0,0,'2015-12-25 14:07:55','2015-12-25 14:07:55'),(76,4,9,'初诊接待中的语言表达应注意','','{\"items\":[\"语速适中 \",\"不用术语 \",\"语速缓慢 \",\"不可重复\"],\"right\":[0]}','single',0,0,0,'2015-12-25 14:09:17','2015-12-25 14:09:17'),(77,4,9,'对“真诚不等于说实话”的正确理解是','','{\"items\":[\"实话实说有利于表达真诚 \",\"表达真诚不能通过言语\",\"表达真诚应有助于求助者成长\",\"真诚与说实话之间没有联系 \"],\"right\":[2]}','single',0,0,0,'2015-12-25 14:10:10','2015-12-25 14:10:10'),(78,4,9,'具体化技术的作用在于','','{\"items\":[\"让求助者掌握具体的解决问题的方法\",\"让求助者学会具体的行为技术 \",\"让求助者从具体小事入手完善自己 \",\"通过讨论引起求助者情绪的具体事件，让求助者明白真相 \"],\"right\":[3]}','single',0,0,0,'2015-12-25 14:11:02','2015-12-25 14:11:02'),(79,4,9,'不论从哪个方面入手归纳和解释资料，都应具备的先决条件是','','{\"items\":[\"保证资料可靠 \",\"遵守保密原则 \",\"注意第一印象\",\"慎选谈话方式 \"],\"right\":[0]}','single',0,0,0,'2015-12-25 14:12:03','2015-12-25 14:12:03'),(80,4,9,'精神活动内在一致的重要作用是','','{\"items\":[\"使得人格稳定\",\"使自知力完整 \",\"保证对方客观世界的反映准确和有效\",\"保证心理活动与客观世界的一致性\"],\"right\":[2]}','single',0,0,0,'2015-12-25 14:12:52','2015-12-25 14:12:52'),(81,4,9,'面质技术的含义是','','{\"items\":[\"当面质问求助者 \",\"求助者对咨询师质疑\",\"咨询双方当面对质\",\"指出求助者身上存在的矛盾\"],\"right\":[3]}','single',0,0,0,'2015-12-25 14:13:51','2015-12-25 14:13:51'),(82,4,9,'强制性思维的主要特点是','','{\"items\":[\"思潮大量涌现并不受意愿支配\",\"某种观念反复出现无法摆脱\",\"思维内容与环境保持联系 \",\"思潮的内容往往杂乱多变 \"],\"right\":[0,1,3]}','multiple',0,0,0,'2015-12-25 14:14:47','2015-12-25 14:14:47'),(83,4,9,'严重心理问题的特点包括','','{\"items\":[\"内容充分泛化\",\"可具有较剧烈的初始情绪反应\",\"没有人格缺陷 \",\"由相对强烈的现实因素激发\"],\"right\":[0,1,3]}','multiple',0,0,0,'2015-12-25 14:15:44','2015-12-25 14:15:44'),(84,4,9,'心理咨询工作中','','{\"items\":[\"应该向求助者说明保密原则\",\"要在任何情况下都做到保密\",\"应该对求助者全部资料保密\",\"如果泄密将会承担法律责\"],\"right\":[0,3]}','multiple',0,0,0,'2015-12-25 14:16:38','2015-12-25 14:16:38'),(85,4,9,'心理诊断中应该','','{\"items\":[\"注意避免“贴标签”\",\"注重现实临床表现\",\"选择恰当的干预性措施 \",\"通过会诊解决疑难问题\"],\"right\":[0,1,3]}','multiple',0,0,0,'2015-12-25 14:17:33','2015-12-25 14:17:33'),(86,4,9,'倾听时容易出现的错误包括','','{\"items\":[\"做结论过于谨慎\",\"不作道德判断\",\"轻视求助者问题\",\"转移求助者话\"],\"right\":[2,3]}','multiple',0,0,0,'2015-12-25 14:18:23','2015-12-25 14:18:23'),(88,4,9,'人在意识障碍的情况下出现语词杂拌，称为','','{\"items\":[\"思维松弛\",\"破裂性思维\",\"语词新作\",\"思维不连贯\"],\"right\":[3]}','single',0,0,0,'2015-12-26 11:03:33','2015-12-26 11:03:33'),(89,4,9,'共情对于咨询活动而言，最重要的意义在于','','{\"items\":[\"有利于咨询师个人成长\",\"建立积极的咨询关系\",\"有利于咨询师自我表达\",\"可使求助者感到满足\"],\"right\":[1]}','single',0,0,0,'2015-12-26 11:04:42','2015-12-26 11:04:42'),(90,4,9,'真诚不等于实话是说，的含义是','','{\"items\":[\"真诚与实话之间没有联系\",\"表达真诚不能通过言语\",\"表达真诚应助于求助者成长\",\"实话实说只是表达真诚的一种方式\"],\"right\":[2]}','single',0,0,0,'2015-12-26 11:06:09','2015-12-26 11:06:09'),(91,4,9,'心理咨询师可以利用移情','','{\"items\":[\"宣泄求助者情绪\",\"强化求助者阻抗\",\"减弱求助者依赖 \",\"引导求助者话题\"],\"right\":[0,3]}','multiple',0,0,0,'2015-12-26 11:06:53','2015-12-26 11:06:53'),(92,4,9,'下列说法中正确的是','','{\"items\":[\"尊重和真诚难以兼顾\",\"对于品行有问题的求助者持否定态度，可以表达求助者的真诚\",\"对求助者讲原则，论是非，是不尊重的表现\",\"实话实说知识表达真诚的一种方式\"],\"right\":[3]}','single',0,0,0,'2015-12-26 11:07:19','2015-12-26 11:07:19'),(93,4,9,'适应障碍在发病时间上的特点是','','{\"items\":[\"通常在遭受生活事件后 1 个月内起病\",\"通常在遭受生活事件后数小时 内起病 \",\"病程一般不超过 3 个月 \",\"病程一般不超过 6 个月\"],\"right\":[0,3]}','multiple',0,0,0,'2015-12-26 11:08:01','2015-12-26 11:08:01'),(94,4,9,'面临压力时，人的认知系统对局面的控制类型包括（ ）控制','','{\"items\":[\"人格的\",\"认知的\",\"环境的\",\"适应力\"],\"right\":[1,2]}','multiple',0,0,0,'2015-12-26 11:09:39','2015-12-26 11:09:39'),(95,4,9,'神经症性问题的最主要的鉴别点是出现','','{\"items\":[\"变形的心理冲突\",\"认知障碍\",\"常性的心理冲突\",\"情绪障碍\"],\"right\":[0]}','single',0,0,0,'2015-12-26 11:09:58','2015-12-26 11:09:58'),(96,4,9,'对求助者形成初步印象的工作程序包括','','{\"items\":[\"对求助者心理健康水平进行衡量 \",\"对求助者心理问题的原因作解释\",\"对求助者的问题进行量化的评估 \",\"对某些含混的临床表现作出鉴别\"],\"right\":[0,2,3]}','multiple',0,0,0,'2015-12-26 11:10:48','2015-12-26 11:10:48'),(97,4,9,'严重心理问题的最主要的诊断要点','','{\"items\":[\"反映对象分化\",\"刺激强度\",\"反映对象泛化\",\"刺激时间\"],\"right\":[2]}','single',0,0,0,'2015-12-26 11:11:14','2015-12-26 11:11:14'),(98,4,9,'解释是一种影响性技术，其含义是','','{\"items\":[\"不厌其烦地说明情况 \",\"解答求助者提出的问题\",\"运用理论说明求助者行为背后的原因\",\"运用理论揭示求助者情感反应的实质\"],\"right\":[2,3]}','multiple',0,0,0,'2015-12-26 11:12:38','2015-12-26 11:12:38'),(99,4,9,'各种心理咨询方法有效的共同因素包括','','{\"items\":[\"使求助者摆脱孤独，燃起希望\",\"为求助者提供新的信息作为学习的基础\",\"使求助者产生成功的体验应用所学的东西\",\"有扎实的理论基础和具体的方法技术\"],\"right\":[0,1,2]}','multiple',0,0,0,'2015-12-26 11:13:57','2015-12-26 11:13:57'),(100,4,9,'适应障碍的主要症状是','','{\"items\":[\"思维迟缓\",\"心理丧失感\",\"意识狭窄\",\"无力应付感\"],\"right\":[3]}','single',0,0,0,'2015-12-26 11:13:58','2015-12-26 11:13:58'),(101,4,9,'强迫观念是','','{\"items\":[\"思维内容障碍\",\"意志障碍\",\"思维形式障碍\",\"情绪障碍\"],\"right\":[0]}','single',0,0,0,'2015-12-26 11:14:46','2015-12-26 11:14:46'),(102,4,9,'初诊接待时，心理咨询师应该','','{\"items\":[\"态度平和诚恳 \",\"表现谦逊随和 \",\"使用礼貌语言\",\"尽量有求必应\"],\"right\":[0,2]}','multiple',0,0,0,'2015-12-26 11:15:08','2015-12-26 11:15:08'),(103,4,9,'随境转移的现象是可能出现于','','{\"items\":[\"思维云集\",\"假性幻觉\",\"思维奔逸\",\"真性幻觉\"],\"right\":[2]}','single',0,0,0,'2015-12-26 11:15:32','2015-12-26 11:15:32'),(104,4,9,'一般临床资料的整理与评估工作程序包括','','{\"items\":[\"分析资料来源的可靠性\",\"分析资料可靠性\",\"对资料按性质分类整理\",\"归纳一般性资料\"],\"right\":[0,2,3]}','multiple',0,0,0,'2015-12-26 11:16:16','2015-12-26 11:16:16'),(105,4,9,'一般情况下，人很难随意控制身体语言是','','{\"items\":[\"表情\",\"目光\",\"姿势\",\"动作\"],\"right\":[1]}','single',0,0,0,'2015-12-26 11:16:18','2015-12-26 11:16:18'),(106,4,9,'人在抑郁状态下出现的病理性感觉阈限增高在临床上的表现是','','{\"items\":[\"感觉过敏\",\"感觉减退\",\"感觉适应\",\"感觉不适\"],\"right\":[1]}','single',0,0,0,'2015-12-26 11:17:24','2015-12-26 11:17:24'),(107,4,9,'作用最明显的影响性技术是','','{\"items\":[\"内容表达\",\"指导\",\"自我开放\",\"解释\"],\"right\":[1]}','single',0,0,0,'2015-12-26 11:17:25','2015-12-26 11:17:25'),(108,4,9,'解释技术是运用心理学理论','','{\"items\":[\"描述求助者的思想状态\",\"描述求助者的情感反应\",\"说明求助者思想、情感和行为的原因与实质\",\"描述求助者的行为特点\"],\"right\":[2]}','single',0,0,0,'2015-12-26 11:18:19','2015-12-26 11:18:19'),(109,4,9,'出现思维奔逸症状时,人的行为中容易出现','','{\"items\":[\"语词杂拌\",\"答非所问\",\"思维广播\",\"随境转移\"],\"right\":[3]}','single',0,0,0,'2015-12-26 11:18:29','2015-12-26 11:18:29'),(110,4,9,'在分析情绪是否泛化时，要注意区分泛化与(  )对人的影响','','{\"items\":[\"强化\",\"反射\",\"冲突\",\"心境\"],\"right\":[3]}','single',0,0,0,'2015-12-26 11:19:19','2015-12-26 11:19:19'),(111,4,9,'适应障碍的病程特点是','','{\"items\":[\"一般不超过一个月\",\"遭遇生活事件后数小时起病\",\"一般不超过六个月\",\"遭遇生活事件后一周内起病 \"],\"right\":[2]}','single',0,0,0,'2015-12-26 11:20:04','2015-12-26 11:20:04'),(112,4,9,'对鉴别诊断具有重要意义的是心理冲突的','','{\"items\":[\"严重程度\",\"性质\",\"持续时间\",\"特征\"],\"right\":[1]}','single',0,0,0,'2015-12-26 11:20:05','2015-12-26 11:20:05'),(113,4,9,'咨询师在进行严重心理问题诊断时，需要分析求助者情绪反应的对象是否','','{\"items\":[\"同化\",\"泛化\",\"内化\",\"外化\"],\"right\":[1]}','single',0,0,0,'2015-12-26 11:20:54','2015-12-26 11:20:54'),(114,4,9,'心理咨询师初诊接待时的态度应该是','','{\"items\":[\"平和诚恳\",\"体贴关怀 \",\"细致周到\",\"立场鲜明\"],\"right\":[0]}','single',0,0,0,'2015-12-26 11:21:24','2015-12-26 11:21:24'),(115,4,9,'对一些能引起正常人情绪波动的事情以及与自己切身利益有密切关系的事情缺乏相应 的情绪反应，这属于','','{\"items\":[\"情绪淡漠\",\"情绪迟钝\",\"情绪倒错\",\"情绪脆弱\"],\"right\":[0]}','single',0,0,0,'2015-12-26 11:21:39','2015-12-26 11:21:39'),(116,4,9,'摄入性会谈的主要目的是','','{\"items\":[\"心理治疗\",\"鉴别诊断\",\"病因分析\",\"收集资料\"],\"right\":[3]}','single',0,0,0,'2015-12-26 11:22:19','2015-12-26 11:22:19'),(117,4,9,'妄想性障碍又称','','{\"items\":[\"急性短暂性精神障碍\",\"偏执性精神障碍\",\"精神分裂症\",\"持续性心境障碍\"],\"right\":[1]}','single',0,0,0,'2015-12-26 11:22:25','2015-12-26 11:22:25'),(118,4,9,'心理咨询师在会谈时使用修饰性反问的弊端是容易使','','{\"items\":[\"求助者产生依赖\",\"会谈陷入僵局\",\"心理咨询师失态 \",\"会谈次数增加 \"],\"right\":[1]}','single',0,0,0,'2015-12-26 11:23:29','2015-12-26 11:23:29'),(119,4,9,'某人对所熟悉的环境突然感到气氛不对，周围环境已经发生了某种对他不利的变化，使 得此人有某种不祥的预感，此种症状称为','','{\"items\":[\"突发性妄想\",\"妄想知觉\",\"非真实感\",\"妄想心境\"],\"right\":[3]}','single',0,0,0,'2015-12-26 11:23:39','2015-12-26 11:23:39'),(120,4,9,'精神障碍的患者将墙上的裂纹看成狰狞的面孔，这种现象属于','','{\"items\":[\"幻觉\",\"妄想\",\"错觉\",\"视物变形症\"],\"right\":[1]}','single',0,0,0,'2015-12-26 11:24:28','2015-12-26 11:24:28'),(121,4,9,'归纳和解释临床资料的先决条件是','','{\"items\":[\"资料的可靠性\",\"恰当的咨询理念\",\"良好咨询关系\",\"丰富的咨询经验 \"],\"right\":[0]}','single',0,0,0,'2015-12-26 11:24:29','2015-12-26 11:24:29'),(122,4,9,'在心理诊断中,将求助者感到痛苦而迫切需要解决的问题称为','','{\"items\":[\"关键问题\",\"主要病因\",\"主导症状\",\"近期目标\"],\"right\":[2]}','single',0,0,0,'2015-12-26 11:25:29','2015-12-26 11:25:29'),(123,4,9,'对咨询效果的评估应围绕(    )展开','','{\"items\":[\"咨询目标\",\"求助者的自我体验\",\"心理测量的结果\",\"咨询师的观察与评定\"],\"right\":[0]}','single',0,0,0,'2015-12-26 11:25:32','2015-12-26 11:25:32'),(124,4,9,'精神分析理论认为阻抗的意义在于','','{\"items\":[\"保护个体的自我认识与自尊\",\"增强个体的自我防御\",\"对行为矫正的不服从\",\"对自我暴露的抵抗\"],\"right\":[1]}','single',0,0,0,'2015-12-26 11:26:17','2015-12-26 11:26:17'),(125,4,9,'提出心理评估报告的工作程序包括','','{\"items\":[\"临床资料的核实\",\"鉴别诊断\",\"临床症状的量化\",\"初步诊断\"],\"right\":[0]}','single',0,0,0,'2015-12-26 11:26:24','2015-12-26 11:26:24'),(126,4,9,'重复技术的作用在于','','{\"items\":[\"加重语\",\"表达情感\",\"解释原理\",\"澄清事实\"],\"right\":[3]}','single',0,0,0,'2015-12-26 11:27:16','2015-12-26 11:27:16'),(127,4,9,'若发现求助者有过分概括化倾向,心理咨询师可以使用','','{\"items\":[\"鼓励技术 \",\"具体化技术\",\"封闭提问\",\"参与性概述\"],\"right\":[1]}','single',0,0,0,'2015-12-26 11:27:29','2015-12-26 11:27:29'),(128,4,9,'与实际处境不相符合的内心纠结属于','','{\"items\":[\"常形的心理冲突\",\"认知障碍\",\"变形的心理冲突\",\"情绪障碍\"],\"right\":[2]}','single',0,0,0,'2015-12-26 11:28:07','2015-12-26 11:28:07'),(129,4,9,'收集求助者临床资料的途径包括','','{\"items\":[\"家属报告\",\"临床观察\",\"心理测验\",\"病因分析\"],\"right\":[0,1,2]}','multiple',0,0,0,'2015-12-26 11:28:36','2015-12-26 11:28:36'),(130,4,9,'刺激求助者并借此控制会谈方向，这种方法是','','{\"items\":[\"中断\",\"情感反射\",\"释义\",\"情感引导\"],\"right\":[1]}','single',0,0,0,'2015-12-26 11:28:56','2015-12-26 11:28:56'),(131,4,9,'初诊接待应该向求助者说明心理咨询的性质是协助求助者','','{\"items\":[\"解决心理问题\",\"治疗精神疾病\",\"解决生活困扰\",\"提高活动水平\"],\"right\":[0]}','single',0,0,0,'2015-12-26 11:29:44','2015-12-26 11:29:44'),(132,4,9,'形成初步印象,对求助者一般心理健康水平进行分析的工作程序包括','','{\"items\":[\"分析引发求助者心理问题的各种原因\",\"对一些含混的临床表现进行鉴别诊断\",\"选择有效测评工具对求助者的问题进行量化 \",\"使用许义新的三标准分析求助者问题的性质\"],\"right\":[1,2]}','multiple',0,0,0,'2015-12-26 11:30:06','2015-12-26 11:30:06'),(133,4,9,'急性应激障碍的主要症状之一是','','{\"items\":[\"思维迟缓\",\"幻觉\",\"意识狭窄\",\"妄想\"],\"right\":[2]}','single',0,0,0,'2015-12-26 11:30:37','2015-12-26 11:30:37'),(134,4,9,'非理性观念的主要特征是','','{\"items\":[\"绝对化要求\",\"追求完美\",\"过分概括化\",\"糟糕至极\"],\"right\":[0,2,3]}','multiple',0,0,0,'2015-12-26 11:31:07','2015-12-26 11:31:07'),(135,4,9,'在意识清晰的情况下出现语词杂拌，这种症状最可能是','','{\"items\":[\"思维不连贯\",\"思维中断\",\"破裂性思维\",\"思维松弛\"],\"right\":[2]}','single',0,0,0,'2015-12-26 11:31:35','2015-12-26 11:31:35'),(136,4,9,'弗洛伊德将人们防止焦虑的能力叫做','','{\"items\":[\"防御机制\",\"本能动力\",\"心理异常\",\"快乐原则\"],\"right\":[0]}','single',0,0,0,'2015-12-26 11:32:27','2015-12-26 11:32:27'),(137,4,9,'心理发展的不平衡性是指','','{\"items\":[\"个体心理经常出现波动\",\"个体一生的心理发展并不随年龄匀速发展\",\"心理发展过程中会出现阴阳失调\",\"心理发展和行为发展不协调\"],\"right\":[1]}','single',0,0,0,'2015-12-26 11:32:31','2015-12-26 11:32:31'),(138,4,9,'感觉减退多见于','','{\"items\":[\"抑郁状态\",\"感染后虚弱状态\",\"睡眠障碍\",\"精神运动性抵制\"],\"right\":[0]}','single',0,0,0,'2015-12-26 11:33:34','2015-12-26 11:33:34'),(139,4,9,'在摄入性会谈时使用修饰性反问容易使','','{\"items\":[\"求助者产生依赖\",\"会谈陷入僵局\",\"心理咨询师失态\",\"会谈次数增加\"],\"right\":[1]}','single',0,0,0,'2015-12-26 11:33:47','2015-12-26 11:33:47'),(140,4,9,'有嫉妒妄想的人可表现为','','{\"items\":[\"坚信配偶不忠\",\"见到他人强于自己而生气\",\"痴迷某种观念\",\"想象他人强于自己而生气\"],\"right\":[0]}','single',0,0,0,'2015-12-26 11:34:31','2015-12-26 11:34:31'),(141,4,9,'心理咨询师初诊接待时的工作主要是','','{\"items\":[\"提供释放压力的空间\",\"体贴关怀\",\"协助求助者自我成长\",\"积极关注\"],\"right\":[0]}','single',0,0,0,'2015-12-26 11:34:41','2015-12-26 11:34:41'),(142,4,9,'为了有效地积极关注，应该注意','','{\"items\":[\"避免盲目乐观\",\"重视负性情绪\",\"反对过分消极\",\"立足\"],\"right\":[0,2,3]}','multiple',0,0,0,'2015-12-26 11:36:31','2015-12-26 11:36:31'),(143,4,9,'72、使用开放式询问时，为了避免求助者产生被剖析的感觉，应该使询问','','{\"items\":[\"符合一定心理治疗理论框架\",\"符合求助者密切关注的问题\",\"建立在良好咨询关系基础上\",\"有助于校正求助者的价值观\"],\"right\":[2]}','single',0,0,0,'2015-12-26 11:36:33','2015-12-26 11:36:33'),(144,4,9,'阻抗的一种形式是健忘，其含义是求助者','','{\"items\":[\"在谈论感到焦虑的议题时出现遗忘现象\",\"对心理咨询师有抵触而出现的遗忘现象\",\"在意识障碍基础上出现的一种记忆障碍\",\"由于其神经系统障碍而导致的遗忘现象\"],\"right\":[0]}','single',0,0,0,'2015-12-26 11:37:33','2015-12-26 11:37:33'),(145,4,9,'控制会谈和转换话题的技巧包括','','{\"items\":[\"释义\",\"使用情感的反射作用\",\"中断\",\"使用是非鲜明的质疑 \"],\"right\":[0,1,2]}','multiple',0,0,0,'2015-12-26 11:37:35','2015-12-26 11:37:35'),(146,4,9,'求助者在咨询情境中把原有情绪转移到咨询师身上的现象是','','{\"items\":[\"共情\",\"关注\",\"移情\",\"投射\"],\"right\":[2]}','single',0,0,0,'2015-12-26 11:38:37','2015-12-26 11:38:37'),(147,4,9,'倾听时容易出现的错误包括','','{\"items\":[\"不做道德性判断\",\"急于下结论\",\"轻视求助者问题 \",\"转移求助者话题\"],\"right\":[1,2,3]}','multiple',0,0,0,'2015-12-26 11:38:44','2015-12-26 11:38:44'),(148,4,9,'鼓励老年人适当的参加社会活动，与他人保持必要地沟通，最重要的原因是沟通能','','{\"items\":[\"获得信息\",\"改善人际关系\",\"交流思想\",\"维持心理平衡\"],\"right\":[3]}','single',0,0,0,'2015-12-26 11:39:43','2015-12-26 11:39:43'),(149,4,9,'心理咨询室的面积一般为以（ ）平方米左右为宜','','{\"items\":[\"6\",\"10\",\"15\",\"20\"],\"right\":[1]}','single',0,0,0,'2015-12-26 11:40:21','2015-12-26 11:40:21'),(150,4,9,'妄想的特点包括','','{\"items\":[\"以迅速变化的联想作为依据的思维\",\"坚信不移\",\"以毫无根据的设想为前提进行推理\",\"自我卷入\"],\"right\":[1,2,3]}','multiple',0,0,0,'2015-12-26 11:40:58','2015-12-26 11:40:58'),(151,4,9,'配备心理咨询室的设备时应遵循的重要原则是','','{\"items\":[\"尽量齐备\",\"设施要先进\",\"尽量简单\",\"无干扰作用\"],\"right\":[3]}','single',0,0,0,'2015-12-26 11:41:25','2015-12-26 11:41:25'),(152,4,9,'需要心理咨询师保密的内容包括','','{\"items\":[\"双方的权利和义务 \",\"咨询中求助者所暴露的内容\",\"心理咨询最终效果\",\"咨询中与求助者的接触过程\"],\"right\":[1,3]}','multiple',0,0,0,'2015-12-26 11:42:05','2015-12-26 11:42:05'),(153,4,9,'确定健康心理咨询的工作范围时，心理咨询师首先要','','{\"items\":[\"明确自己的胜任力\",\"完成鉴别诊断\",\"对临床症状进行量化\",\"做出初步诊断\"],\"right\":[0]}','single',0,0,0,'2015-12-26 11:42:19','2015-12-26 11:42:19'),(154,4,9,'收集求助者临床资料的途径包括','','{\"items\":[\"家属报告\",\"临床观察\",\"心理测验\",\"作品分析\"],\"right\":[0,1,2,3]}','multiple',0,0,0,'2015-12-26 11:43:03','2015-12-26 11:43:03'),(155,4,9,'求助者的主要问题不一定是 (  )的问题','','{\"items\":[\" 其最关心\",\"最困扰自己\",\"最先提出\",\"最需要解决\"],\"right\":[2]}','single',0,0,0,'2015-12-26 11:43:47','2015-12-26 11:43:47'),(156,4,9,'选择与求助者的谈话方式时，应当考虑求助者自身因素包括','','{\"items\":[\"年龄特征 \",\"性格特征\",\"文化特征\",\"外貌特征\"],\"right\":[0,1,2]}','multiple',0,0,0,'2015-12-26 11:44:18','2015-12-26 11:44:18'),(157,4,9,'经典精神分析理论认为，心理健康的充分和必要条件是','','{\"items\":[\"存在固着现象\",\"合理的解释各种本能的欲望\",\"存在防御机制\",\"合理过度性心理发展各阶段\"],\"right\":[3]}','single',0,0,0,'2015-12-26 11:44:48','2015-12-26 11:44:48'),(158,4,9,'从动态的角度看，健康心理活动 ','','{\"items\":[\"是一种稳定的心理状态\",\"始终能发挥自身功能\",\"有利于个体生存与发展\",\"可围绕常模上下波动\"],\"right\":[2,3]}','multiple',0,0,0,'2015-12-26 11:45:31','2015-12-26 11:45:31'),(159,4,9,'由自身状况造成的人际适应问题属于','','{\"items\":[\"一般生活压力\",\"社会环境性压力源\",\"叠加生活压力\",\"心理精神性压力源\"],\"right\":[1]}','single',0,0,0,'2015-12-26 11:45:44','2015-12-26 11:45:44'),(160,4,9,'心理咨询中属于保密内容的包括','','{\"items\":[\"心理咨询过程\",\"心理健康评估标准\",\"心理咨询理念\",\"心理健康评估结果\"],\"right\":[0,3]}','multiple',0,0,0,'2015-12-26 11:46:35','2015-12-26 11:46:35'),(161,4,9,'心理诊断过程包括针列求助者','','{\"items\":[\"制定咨询目标\",\"进行心理健康水平评估\",\"制定咨询方案\",\"询问既往医学治疗历史\"],\"right\":[1,3]}','multiple',0,0,0,'2015-12-26 11:47:37','2015-12-26 11:47:37'),(162,4,9,'求助者对心理咨询师产生依赖的可能原因包括','','{\"items\":[\"求助者不理解心理咨询的实质\",\"求助者养成依赖的个性特征\",\"求助者对心理咨询师有抵触情绪 \",\"求助者不愿承受抉择的痛苦\"],\"right\":[0,1,3]}','multiple',0,0,0,'2015-12-26 11:48:37','2015-12-26 11:48:37'),(163,4,9,'与心理咨询时程长短关系最密切的是','','{\"items\":[\"咨询师的资历\",\"行业惯例\",\"咨询室的条件\",\"心理问题的性质\"],\"right\":[3]}','single',0,0,0,'2015-12-26 11:49:21','2015-12-26 11:49:21'),(164,4,9,'在心理咨询过程中，咨询师提问过多可能会产生一些消极作用，包括','','{\"items\":[\"把更多的责任转移给求助者\",\"造成求助者依赖\",\"产生不准确的信息 \",\"使求助者产生防卫心理\"],\"right\":[0,1,2,3]}','multiple',0,0,0,'2015-12-26 11:51:14','2015-12-26 11:51:14'),(165,4,9,'自我开放的含义包括咨询师','','{\"items\":[\"公开自己的困扰让求助者分担\",\"将自己的经验与求助者分享\",\"把自己对求助者的体验感受告诉求助者\",\"\"],\"right\":[1,2]}','multiple',0,0,0,'2015-12-26 11:52:28','2015-12-26 11:52:28'),(166,4,9,'积极关注的临床意义主要在于','','{\"items\":[\"有助于建立咨询关系\",\"有利于深化求助者自我认识\",\"有助于产生咨询效果\",\"有利于看清求助者的心理问题\"],\"right\":[0,1,2]}','multiple',0,0,0,'2015-12-26 11:53:28','2015-12-26 11:53:28'),(167,4,9,'移情的类型包括','','{\"items\":[\"正移情\",\"反移情\",\"负移情\",\"假移情\"],\"right\":[0,2]}','multiple',0,0,0,'2015-12-26 11:54:51','2015-12-26 11:54:51'),(168,4,9,'指导技术的正确做法包括','','{\"items\":[\"直接指示求助者以某种方式行动\",\"让求助者真正理解指导的内容\",\"可以不考虑求助者的心理准备\",\"不强迫求助者执行\"],\"right\":[0,1,3]}','multiple',0,0,0,'2015-12-26 11:55:44','2015-12-26 11:55:44'),(169,4,9,'使用面质技术时应注意','','{\"items\":[\"要有事实根据\",\"避免个人发泄\",\"避免无情打击\",\"话锋直率犀利\"],\"right\":[0,1,2]}','multiple',0,0,0,'2015-12-26 11:56:58','2015-12-26 11:56:58'),(170,4,9,'弗洛伊德认为，心理异常的原因包括','','{\"items\":[\"焦虑体验\",\"固着\",\"强烈刺激\",\"内化\"],\"right\":[0,1]}','multiple',0,0,0,'2015-12-26 11:58:00','2015-12-26 11:58:00'),(171,4,9,'缺乏共情容易造成的后果包括','','{\"items\":[\"求助者感到失望\",\"求助者停止自我探索\",\"求助者逐渐减轻压力\",\"求助者逐渐减轻压力\"],\"right\":[0,1]}','multiple',0,0,0,'2015-12-26 11:59:02','2015-12-26 11:59:02'),(172,4,9,'积极关注的临床意义主要包括','','{\"items\":[\"有助于建立咨询关系 \",\"促进咨询双方彼此了解\",\"本身具有咨询效果\",\"有利于看清求助者的问题\"],\"right\":[0,1,2,3]}','multiple',0,0,0,'2015-12-26 12:00:12','2015-12-26 12:00:12'),(173,4,9,'抑郁发作的特点主要包括','','{\"items\":[\"情绪低落\",\"言语动作减少\",\"思维贫乏\",\"精神运动性兴奋\"],\"right\":[0,1]}','multiple',0,0,0,'2015-12-26 12:01:16','2015-12-26 12:01:16'),(174,4,9,'导致心理问题的社会性因素包括','','{\"items\":[\"诱发事件\",\"家庭教养 \",\"不良认知\",\"性格特点\"],\"right\":[0,1]}','multiple',0,0,0,'2015-12-26 12:02:19','2015-12-26 12:02:19'),(175,4,9,'为了有效地积极关注，应该注意','','{\"items\":[\"避免盲目乐观\",\"重视负性情绪\",\"反对过分消极\",\"立足实事求是\"],\"right\":[0,2,3]}','multiple',0,0,0,'2015-12-26 12:03:18','2015-12-26 12:03:18'),(176,4,9,'罗杰斯提出的心理健康者的特征包括','','{\"items\":[\"乐于接受一切经验 \",\"乐于获得他人帮助\",\"时刻保持生活充实\",\"时刻保持积极乐观\"],\"right\":[0,2]}','multiple',0,0,0,'2015-12-26 12:04:38','2015-12-26 12:04:38'),(177,4,9,'参与性技术包括','','{\"items\":[\"倾听\",\"内容反应\",\"面质\",\"情感反应\"],\"right\":[0,1,3]}','multiple',0,0,0,'2015-12-26 12:05:48','2015-12-26 12:05:48'),(178,30,9,'分别分析房树人','<img src=\"http://\">','[]','qa',0,0,0,'2015-12-26 13:22:15','2015-12-26 13:22:15');
/*!40000 ALTER TABLE `exam` ENABLE KEYS */;
UNLOCK TABLES;

--
-- Table structure for table `exam_qst`
--

DROP TABLE IF EXISTS `exam_qst`;
/*!40101 SET @saved_cs_client     = @@character_set_client */;
/*!40101 SET character_set_client = utf8 */;
CREATE TABLE `exam_qst` (
  `id` int(11) NOT NULL AUTO_INCREMENT,
  `exam_id` int(11) NOT NULL,
  `title` varchar(64) DEFAULT NULL,
  `answer` varchar(255) DEFAULT NULL,
  `created_at` timestamp NOT NULL DEFAULT CURRENT_TIMESTAMP,
  `updated_at` timestamp NOT NULL DEFAULT '0000-00-00 00:00:00',
  PRIMARY KEY (`id`),
  KEY `fk_eq_exam_idx` (`exam_id`),
  CONSTRAINT `fk_eq_exam_idx` FOREIGN KEY (`exam_id`) REFERENCES `exam` (`id`)
) ENGINE=InnoDB AUTO_INCREMENT=16 DEFAULT CHARSET=utf8;
/*!40101 SET character_set_client = @saved_cs_client */;

--
-- Dumping data for table `exam_qst`
--

LOCK TABLES `exam_qst` WRITE;
/*!40000 ALTER TABLE `exam_qst` DISABLE KEYS */;
INSERT INTO `exam_qst` VALUES (15,178,'等会','医护','2015-12-26 13:22:15','2015-12-26 13:22:15');
/*!40000 ALTER TABLE `exam_qst` ENABLE KEYS */;
UNLOCK TABLES;

--
-- Table structure for table `praise`
--

DROP TABLE IF EXISTS `praise`;
/*!40101 SET @saved_cs_client     = @@character_set_client */;
/*!40101 SET character_set_client = utf8 */;
CREATE TABLE `praise` (
  `id` int(11) NOT NULL AUTO_INCREMENT,
  `user_id` int(11) NOT NULL,
  `project_id` int(11) NOT NULL,
  `type` enum('normal','exam','article','image','audio','video') NOT NULL,
  `created_at` timestamp NOT NULL DEFAULT CURRENT_TIMESTAMP COMMENT '创建日期',
  `updated_at` timestamp NULL DEFAULT NULL,
  PRIMARY KEY (`id`),
  KEY `fk_praise_user_idx` (`user_id`),
  CONSTRAINT `fk_praise_user_idx` FOREIGN KEY (`user_id`) REFERENCES `user` (`id`)
) ENGINE=InnoDB DEFAULT CHARSET=utf8;
/*!40101 SET character_set_client = @saved_cs_client */;

--
-- Dumping data for table `praise`
--

LOCK TABLES `praise` WRITE;
/*!40000 ALTER TABLE `praise` DISABLE KEYS */;
/*!40000 ALTER TABLE `praise` ENABLE KEYS */;
UNLOCK TABLES;

--
-- Table structure for table `project`
--

DROP TABLE IF EXISTS `project`;
/*!40101 SET @saved_cs_client     = @@character_set_client */;
/*!40101 SET character_set_client = utf8 */;
CREATE TABLE `project` (
  `id` int(11) NOT NULL AUTO_INCREMENT,
  `category_id` int(11) NOT NULL,
  `title` text,
  `content` text,
  `type` enum('normal','exam','article','image','audio','video') NOT NULL DEFAULT 'normal',
  `resource_url` varchar(255) DEFAULT NULL,
  `praise_count` int(11) NOT NULL DEFAULT '0' COMMENT '赞同数',
  `view_count` int(11) NOT NULL DEFAULT '0' COMMENT '浏览人数',
  `collect_count` int(11) NOT NULL DEFAULT '0' COMMENT '收藏数',
  `enable_test` enum('yes','no') NOT NULL DEFAULT 'no',
  `test_type` enum('single','multiple','other') DEFAULT NULL COMMENT '测试类型',
  `answer` text COMMENT '答案，json格式,格式如下,这样设计支持多选\n[\n{"answer":true,"text":"da an nei rong"},\n{"answer":false,"text":"da an nei rong"},\n{"answer":false,"text":"da an nei rong"},\n{"answer":false,"text":"da an nei rong"},\n]\n',
  `created_at` timestamp NOT NULL DEFAULT CURRENT_TIMESTAMP,
  `enable_comment` enum('yes','no') NOT NULL DEFAULT 'yes',
  `order_by` int(11) DEFAULT '0',
  `test_count` int(11) NOT NULL DEFAULT '0' COMMENT '测试人数',
  `thumbnail` varchar(255) DEFAULT NULL,
  `description` varchar(255) DEFAULT NULL,
  PRIMARY KEY (`id`),
  KEY `FK_7t3pfhxi3tmfxbcraljg29qvi` (`category_id`),
  CONSTRAINT `FK_7t3pfhxi3tmfxbcraljg29qvi` FOREIGN KEY (`category_id`) REFERENCES `category` (`id`)
) ENGINE=InnoDB AUTO_INCREMENT=35 DEFAULT CHARSET=utf8;
/*!40101 SET character_set_client = @saved_cs_client */;

--
-- Dumping data for table `project`
--

LOCK TABLES `project` WRITE;
/*!40000 ALTER TABLE `project` DISABLE KEYS */;
INSERT INTO `project` VALUES (1,8,'这是题干','这是补充说明','exam',NULL,0,0,0,'no',NULL,'[{\"answer\":false,\"text\":\"的所发生的刚\"},{\"answer\":false,\"text\":\"是大法官的双方各\"},{\"answer\":true,\"text\":\"的双方各收到\"},{\"answer\":false,\"text\":\"是是广泛的发\"}]','2015-07-09 13:27:46','yes',0,0,NULL,NULL),(2,8,'第二题，轻坠','楼上的客户方会计上','exam',NULL,0,0,0,'no',NULL,'[{\"answer\":true,\"text\":\"啥地方开始的恢复会计师的咖啡\"},{\"answer\":true,\"text\":\"孙丹菲广东省高\"},{\"answer\":true,\"text\":\"了贷款卡缴费的烧烤郭德纲\"},{\"answer\":false,\"text\":\"梵蒂冈的非官方的个\"}]','2015-07-09 13:28:25','yes',0,0,NULL,NULL),(3,8,'水电费水电费','<h1>水电费水电费深刻的九分裤上对方会尽快是的粉色的</h1><br><br>孙丹菲离开深刻的放<br>孙丹菲','exam',NULL,0,0,0,'no',NULL,'[{\"answer\":true,\"text\":\"上大方的说法\"},{\"answer\":true,\"text\":\"孙丹菲地方\"},{\"answer\":false,\"text\":\"的非官方的\"},{\"answer\":false,\"text\":\"发给发\"}]','2015-07-09 14:35:47','yes',0,0,NULL,NULL),(4,8,'这个是为什么呢','<ul><li>所说的分公司的</li><li>的说法都是</li><li>的地方</li><li>地方的</li></ul>','exam',NULL,0,0,0,'no',NULL,'[{\"answer\":true,\"text\":\"的风格大方\"},{\"answer\":true,\"text\":\"的风格地方地方\"},{\"answer\":false,\"text\":\"地方地方地方\"},{\"answer\":false,\"text\":\"体育体育\"}]','2015-07-09 14:40:40','yes',0,0,NULL,NULL),(5,8,'这个是为什么呢','<ul><li>所说的分公司的</li><li>的说法都是</li><li>的地方</li><li>地方的</li></ul>','exam',NULL,0,0,0,'no',NULL,'[{\"answer\":true,\"text\":\"的风格大方\"},{\"answer\":true,\"text\":\"的风格地方地方\"},{\"answer\":false,\"text\":\"地方地方地方\"},{\"answer\":false,\"text\":\"天然556756765\"}]','2015-07-09 14:42:14','yes',0,0,NULL,NULL),(6,8,'再来一题如何','好的，没问题','exam',NULL,0,0,0,'no',NULL,'[{\"answer\":true,\"text\":\"这就是答案\"},{\"answer\":false,\"text\":\"这不是答案B\"},{\"answer\":false,\"text\":\"这不是答案C\"},{\"answer\":false,\"text\":\"这不是答案D\"}]','2015-07-10 14:14:05','yes',0,0,NULL,NULL),(7,8,'这是新的试题 是的是的是的是的','是的粉色的国际法的鬼地方是个可尽快的说法韩国','exam',NULL,0,0,0,'no',NULL,'[{\"answer\":true,\"text\":\"广泛的广泛的广泛的\"},{\"answer\":false,\"text\":\"的非官方的个的方法的个\"},{\"answer\":false,\"text\":\"的非官方的个福德宫地方\"},{\"answer\":false,\"text\":\"的法国人特意特然\"}]','2015-07-11 14:44:10','yes',0,0,NULL,NULL),(8,16,'fsdfsdsf','sdfsdfsdffffffffdfdgsdfsdfsdffffffffdfdgsdfsdfsdffffffffdfdgsdfsdfsdffffffffdfdg','exam',NULL,0,0,0,'no',NULL,'[{\"answer\":true,\"text\":\"dfgdfgdfg\"},{\"answer\":false,\"text\":\"fdgdfgerwt43534\"},{\"answer\":false,\"text\":\"45656ttrytr\"},{\"answer\":false,\"text\":\"ytrhthgfhcfdfg\"}]','2015-07-12 07:52:28','yes',0,0,NULL,NULL),(9,8,'这是题干','这是补充说明','exam',NULL,0,0,0,'no',NULL,'[{\"answer\":true,\"text\":\"我了个擦，\"},{\"answer\":true,\"text\":\"为什么会这样呢\"},{\"answer\":false,\"text\":\"水电费的\"},{\"answer\":false,\"text\":\"孙丹菲收到\"}]','2015-07-12 08:28:55','yes',0,0,NULL,NULL),(10,8,'这是题干','这是补充说明','exam',NULL,0,0,0,'no',NULL,'[{\"answer\":false,\"text\":\"的风格风格的风格大方\"},{\"answer\":false,\"text\":\"梵蒂冈梵蒂冈的风格\"},{\"answer\":true,\"text\":\"梵蒂冈梵蒂冈地方\"},{\"answer\":false,\"text\":\"的非官方的个梵蒂冈\"}]','2015-07-12 08:30:18','yes',0,0,NULL,NULL),(11,8,'这是题干','这是补充说明','exam',NULL,0,0,0,'no',NULL,'[{\"answer\":true,\"text\":\"的风格的非官方的个\"},{\"answer\":true,\"text\":\"的非官方的个的非官方的\"},{\"answer\":true,\"text\":\"的法规的法规瑞特人员用\"},{\"answer\":false,\"text\":\"挺容易热一热依然\"}]','2015-07-12 08:31:24','yes',0,0,NULL,NULL),(12,16,'孙丹菲该死的风格收到收到','孙丹菲该死的风格','exam',NULL,0,0,0,'no',NULL,'[{\"answer\":true,\"text\":\"我就不明白了你到底想要什么么\"},{\"answer\":false,\"text\":\"地方的发生个地方\"},{\"answer\":false,\"text\":\"的风格地方\"},{\"answer\":false,\"text\":\"的非官方的个\"}]','2015-07-12 08:42:10','yes',0,0,NULL,NULL),(13,27,'我就不名白','微微i外i诶为i喂喂 &nbsp;','video','/upload/video/d63a86c891a97cd40ce3e12424c51c49.mp4',0,0,0,'no',NULL,NULL,'2015-07-17 09:36:49','yes',0,0,'/upload/thumbnail/d63a86c891a97cd40ce3e12424c51c49.jpg',NULL),(14,27,'我就不名白','微微i外i诶为i喂喂 &nbsp;','video','/upload/video/d63a86c891a97cd40ce3e12424c51c49.mp4',0,0,0,'no',NULL,NULL,'2015-07-17 09:40:46','yes',0,0,'/upload/thumbnail/d63a86c891a97cd40ce3e12424c51c49.jpg',NULL),(15,26,'了加拉加斯了风景撒的发蓝精灵','聊得来会计师的疯狂了估计','video','/upload/video/6f05d4985598160c548e6e8f537247c8.mp4',0,0,0,'no',NULL,NULL,'2015-07-17 10:24:35','yes',0,0,'/upload/thumbnail/6b62ac7780be8d480c3b42fc789d4db2.jpg',NULL),(17,8,'额额个人股的法规的法规','低功耗肉汤圆他人45','exam',NULL,0,0,0,'no',NULL,'[{\"answer\":true,\"text\":\"如何规范和规范和法规和法规和\"},{\"answer\":true,\"text\":\"法规和法规发给发给\"},{\"answer\":false,\"text\":\"法国恢复好发过火发货方\"},{\"answer\":false,\"text\":\"方法好繁华发股份发给发给\"}]','2015-07-17 12:36:32','yes',0,0,NULL,NULL),(18,16,'我就不信了哈','的双方各的双方各是大法官的双方各','exam',NULL,0,0,0,'no',NULL,'[{\"answer\":true,\"text\":\"尔特我让他二\"},{\"answer\":false,\"text\":\"儿童额问题而突然\"},{\"answer\":false,\"text\":\"福德宫发的规范和\"},{\"answer\":false,\"text\":\"放到发局域\"}]','2015-07-17 12:37:52','yes',0,0,NULL,NULL),(19,31,'规范的所说的','的双方各都是发感染他人太让他人突然很发放到放到','audio','/upload/audio/a7054ed0515a34edeec4eb771d84649d.mp3',0,0,0,'no',NULL,NULL,'2015-07-17 12:44:55','yes',0,0,NULL,NULL),(20,29,'了吉林省大机房了跨世纪的老规矩的斯洛伐克赶紧了的哭声房价高了','<h1><a href=\"http://www.cnblogs.com/dqrcsc/p/4655772.html\" target=\"\" rel=\"\">android菜鸟学习笔记29----Android应用向用户发送提示信息的方式总结</a></h1><ul><li>常见的向用户发送提示信息的方式有3种，分别为：1)发送Toast信息2)弹出对话框3)发送通知总结如下：方式1：发送Toast信息：这种方式最简单，在之前的学习中多次使用过。Toast是在一个浮动于应用之上的View中显示信息，显示一定的时间间隔后自动消失，不可获得焦点。最简单的用法就是之前的学习中一直使用的：通过一个静态的makeText()方法返回一个Toast对象，然后调用sho</li><li>的风格w()方法。如：布局文件添加一个Button:</li></ul>','article',NULL,0,0,0,'no',NULL,NULL,'2015-07-17 13:44:39','yes',0,0,NULL,'android菜鸟学习笔记29----Android应用向用户发送提示信息的方式'),(21,29,'的双方各都是发过来快圣诞节了开发工具栏的开始放假','<ul><li>第三个的反光镜的，发神经更凉快的水井坊了酷狗了对方就够了看电视剧sd</li><li>了广东省将反光镜的洛杉矶古老的发神经公路局的路口水晶宫了圣诞节反过来看</li><li>；的发生见鬼了会计的说法了更简单了收款方</li><li>凉快的说法金刚狼的健身房了更简单了双方均高</li><li>快高考楼上的机房了高考就上当了反光镜了</li></ul>','article',NULL,0,0,0,'no',NULL,NULL,'2015-07-17 13:47:58','yes',0,0,NULL,'第三个的反光镜的，发神经更凉快的水井坊了酷狗了对方就够了看电视剧sd 了广东省将'),(22,30,'放大镜更凉快的说法了快过节了的咖啡机更凉快的水井坊了控股将发大水了科技感的风景谁离开过','的三个楼上的发过来就盯上了快过节了的发生就挂了会计师的发了髋关节的路口房价高了第三方见鬼了会计的了世界观来看<br><ol><li>快过节了的发生就挂了会计师的发了髋关节的路口房价高了第三方见鬼了会计的了世界观来看</li><li>快过节了的发生就挂了会计师的发了髋关节的路口房价高了第三方见鬼了会计的了世界观来看</li><li>快过节了的发生就挂了会计师的发了髋关节的路口房价高了第三方见鬼了会计的了世界观来看</li><li>快过节了的发生就挂了会计师的发了髋关节的路口房价高了第三方见鬼了会计的了世界观来看</li></ol>','article',NULL,0,0,0,'no',NULL,NULL,'2015-07-17 13:48:35','yes',0,0,NULL,'的三个楼上的发过来就盯上了快过节了的发生就挂了会计师的发了髋关节的路口房价高了第'),(23,30,'梵蒂冈梵蒂冈的挂号费的和规范化','快的说法国际化的开始讲风格和会计和的发生过<br>的风景上两个激烈的发神经l的浪费水晶宫了看见对方<br>的发神经更凉快的风景谁离开估计快了d<br>的哭声分公司的fgreiwtgfdsfghkdjfs','article',NULL,0,0,0,'no',NULL,NULL,'2015-07-17 13:49:05','yes',0,0,NULL,'快的说法国际化的开始讲风格和会计和的发生过 的风景上两个激烈的发神经l的浪费水晶'),(24,30,'额外热热帖呀让他和方法女不能更好的法规和','是梵蒂冈孙丹菲该死的风格都是经费的假两件的谁','article',NULL,0,0,0,'no',NULL,NULL,'2015-07-17 13:50:15','yes',0,0,NULL,'是梵蒂冈孙丹菲该死的风格都是经费的假两件的谁'),(25,30,'的双方各是的非官方的谁干的少发广告发生的个','<ol><li>的发生该发生感染他很反<b>感合肥的规划</b></li><li><b><br></b></li><li><b><br></b></li><li><b><br></b></li><li><b>的发生该发生感染他很反<span class=\"wysiwyg-color-red\">感合肥的规划法规和规范和地方&nbsp;</span></b><span><b><span class=\"wysiwyg-color-red\">的发生该发生感染他<br><br>好几个和经费和规范环境<br>很反感合肥的</span>规划法规和规范和</b>地方&nbsp;</span></li></ol><br>非官方的树干上的风格孙丹菲<br><ol><li>就了第三方见鬼了会计的发生了看过就疯狂的了睡</li><li>陆地上就发个链接的了三方工具惹你狗了的份上就赶快了</li><li>的风格地方谁跟谁的感染过</li></ol>','article',NULL,0,0,0,'no',NULL,NULL,'2015-07-17 13:51:20','yes',0,0,NULL,'的发生该发生感染他很反感合肥的规划 的发生该发生感染他很反感合肥的规划法规和规范'),(26,29,'的非官方的谁勾搭上了金刚经当上了髋关节的法律上会计','的发生过的发生过的双方均过路口发生的金刚狼的风景受够了<br>将第三方离开家更凉快打飞机更快乐简单来说开复工IE加我ijgfdlkjdfljg &nbsp;<br>两个<br>的双方各扣篮大赛风景咯咯IE网购i人的烦恼赶快的技能<br>的了罚款水晶宫快乐的健身房了客观讲<br><br>的发生了看过就凉快的深加工了发神经的<br><b>的房价高了经费的说了句</b><br><b>洛杉矶了罚款讲的是快乐方</b>','article',NULL,0,0,0,'no',NULL,NULL,'2015-07-17 13:51:52','yes',0,0,NULL,'的发生过的发生过的双方均过路口发生的金刚狼的风景受够了 将第三方离开家更凉快打飞'),(27,29,' 的双方各的发生过的非官方的的符合法规和规范V承包，出校门，吧','的双方各收到发过了开始的见鬼了肯德基发过了鬼地方个的说法<br><span>各收到发过了开始的见鬼了肯德基发过了鬼地方个的说法<br></span><span>各收到发过了开始的见鬼了肯德基发过了鬼地方个的说法<br></span><span>各收到发过了开始的见鬼了肯德基发过了鬼地方个的说法<br></span>各收到发过了开始的见鬼了肯德基发过了鬼地方个的说法<br>','article',NULL,0,0,0,'no',NULL,NULL,'2015-07-17 13:52:14','yes',0,0,NULL,'的双方各收到发过了开始的见鬼了肯德基发过了鬼地方个的说法 各收到发过了开始的见鬼'),(28,29,'的双方各收到法规发生的官方给','<h1>的分公司的广东省法规的双方各军绿色的见鬼了会计的了疯狂世界观来看的双方均高</h1><h1><u><br></u>了地方开始加干辣椒的发了水果机</h1><h1><u><br></u>流口水的反光镜的发生了赶紧了开放的</h1><h1><br></h1><h1>就凉快的说法见鬼了会计的发生了客观讲</h1><h1><u><br></u>老公的复式结构i如饿哦IE发的啥看法和高科技的说法&nbsp;</h1><br><br>','article',NULL,0,0,0,'no',NULL,NULL,'2015-07-17 13:52:58','yes',0,0,NULL,'的分公司的广东省法规的双方各军绿色的见鬼了会计的了疯狂世界观来看的双方均高 了地'),(29,29,'讽德诵功发生的广泛的三个发生的工地上干','的分公司的非官方的广泛的法规和方法的和东方红','article',NULL,0,0,0,'no',NULL,NULL,'2015-07-17 13:53:13','yes',0,0,NULL,'的分公司的非官方的广泛的法规和方法的和东方红'),(30,30,'上的风格的说法赶得上法规发生的国防生的刚','<blockquote><blockquote><blockquote><blockquote><blockquote><blockquote><blockquote><blockquote><blockquote><blockquote><blockquote><blockquote>的发生过的双方各都是分<span class=\"wysiwyg-color-red\">公司的分公司的广泛孙丹菲该死的风格是<br></span></blockquote></blockquote></blockquote></blockquote></blockquote></blockquote></blockquote></blockquote></blockquote></blockquote></blockquote></blockquote><ul><li><blockquote><blockquote><blockquote><blockquote><blockquote><blockquote><blockquote><blockquote><blockquote><blockquote><blockquote><blockquote><blockquote><span class=\"wysiwyg-color-red\"><b>sakdhfksahdf</b></span></blockquote></blockquote></blockquote></blockquote></blockquote></blockquote></blockquote></blockquote></blockquote></blockquote></blockquote></blockquote></blockquote></li><li><blockquote><blockquote><blockquote><blockquote><blockquote><blockquote><blockquote><blockquote><blockquote><blockquote><blockquote><blockquote><blockquote><span class=\"wysiwyg-color-red\"><b>拉伸的减肥了撒娇的放两块</b></span></blockquote></blockquote></blockquote></blockquote></blockquote></blockquote></blockquote></blockquote></blockquote></blockquote></blockquote></blockquote></blockquote></li><li><blockquote><blockquote><blockquote><blockquote><blockquote><blockquote><blockquote><blockquote><blockquote><blockquote><blockquote><blockquote><blockquote><span class=\"wysiwyg-color-red\"><b>了大</b><b>神就浪费凯撒的解放路口见撒旦法</b></span></blockquote></blockquote></blockquote></blockquote></blockquote></blockquote></blockquote></blockquote></blockquote></blockquote></blockquote></blockquote></blockquote></li><li><blockquote><blockquote><blockquote><blockquote><blockquote><blockquote><blockquote><blockquote><blockquote><blockquote><blockquote><blockquote><blockquote><span class=\"wysiwyg-color-red\"><b>大厦疯狂的减肥韩国尽快发货的思考规划</b></span></blockquote></blockquote></blockquote></blockquote></blockquote></blockquote></blockquote></blockquote></blockquote></blockquote></blockquote></blockquote></blockquote></li></ul><span class=\"wysiwyg-color-red\"><br></span>','article',NULL,0,0,0,'no',NULL,NULL,'2015-07-17 13:53:32','yes',0,0,NULL,'的发生过的双方各都是分公司的分公司的广泛孙丹菲该死的风格是'),(31,16,'111SD卡发货速度快解放和会计师的疯狂','<ul><li><span class=\"wysiwyg-color-red\">SD卡罚款酒红色的会计和会计法规和会计的废话说赶快交水电</span></li><li><span class=\"wysiwyg-color-red\">费和高考较好的是会计法规和</span></li></ul>','exam',NULL,0,0,0,'no',NULL,'[{\"answer\":true,\"text\":\"孙丹菲国防生的广东省法国大使馆\"},{\"answer\":false,\"text\":\"孙丹菲赶得上鬼地方谁跟谁梵蒂冈\"},{\"answer\":false,\"text\":\"孙丹菲高耸的共同惹他依然依然规范化\"},{\"answer\":false,\"text\":\"的规划的法规和法规和他人也让他呀\"}]','2015-07-19 11:32:21','yes',0,0,NULL,NULL),(32,26,'发生的广东省法规的发生过','的双方各的风格让外国人通过他人规范办官方','video','/upload/video/9ca53f3a670fce70194c43ea082a9e3e.mp4',0,0,0,'no',NULL,NULL,'2015-07-19 11:34:06','yes',0,0,'/upload/thumbnail/9ca53f3a670fce70194c43ea082a9e3e.jpg',NULL),(33,27,'的风格的发生过的法规的法规','的发生过的风格的凤凰和法规和','video','/upload/video/c799034b0e0ec4f3bb60297e057f7268.mp4',0,0,0,'no',NULL,NULL,'2015-07-19 11:40:03','yes',0,0,'/upload/thumbnail/c799034b0e0ec4f3bb60297e057f7268.jpg',NULL),(34,28,'说的法规的法规的法规法规','的法规和合肥的话费和规范化和钢结构风景','audio','/upload/audio/f22c102b9a6d7cff868e27fe7b8e3798.mp3',0,0,0,'no',NULL,NULL,'2015-07-19 11:40:25','yes',0,0,NULL,NULL);
/*!40000 ALTER TABLE `project` ENABLE KEYS */;
UNLOCK TABLES;

--
-- Table structure for table `qst_tpl`
--

DROP TABLE IF EXISTS `qst_tpl`;
/*!40101 SET @saved_cs_client     = @@character_set_client */;
/*!40101 SET character_set_client = utf8 */;
CREATE TABLE `qst_tpl` (
  `id` int(11) NOT NULL AUTO_INCREMENT,
  `name` varchar(64) NOT NULL COMMENT '模板名称',
  `created_at` timestamp NOT NULL DEFAULT CURRENT_TIMESTAMP,
  `updated_at` timestamp NOT NULL DEFAULT '0000-00-00 00:00:00',
  PRIMARY KEY (`id`)
) ENGINE=InnoDB AUTO_INCREMENT=4 DEFAULT CHARSET=utf8;
/*!40101 SET character_set_client = @saved_cs_client */;

--
-- Dumping data for table `qst_tpl`
--

LOCK TABLES `qst_tpl` WRITE;
/*!40000 ALTER TABLE `qst_tpl` DISABLE KEYS */;
INSERT INTO `qst_tpl` VALUES (1,'五种技术','2015-10-07 05:57:10','0000-00-00 00:00:00'),(2,'房树人三个问题','2015-10-07 05:57:10','0000-00-00 00:00:00'),(3,'沙盘三个问题','2015-10-07 06:03:06','0000-00-00 00:00:00');
/*!40000 ALTER TABLE `qst_tpl` ENABLE KEYS */;
UNLOCK TABLES;

--
-- Table structure for table `qst_tpl_item`
--

DROP TABLE IF EXISTS `qst_tpl_item`;
/*!40101 SET @saved_cs_client     = @@character_set_client */;
/*!40101 SET character_set_client = utf8 */;
CREATE TABLE `qst_tpl_item` (
  `id` int(11) NOT NULL AUTO_INCREMENT,
  `qst_tpl_id` int(11) NOT NULL COMMENT '所属模板',
  `title` varchar(255) NOT NULL COMMENT '题干',
  `answer` text COMMENT '参考',
  `created_at` timestamp NOT NULL DEFAULT CURRENT_TIMESTAMP,
  `updated_at` timestamp NOT NULL DEFAULT '0000-00-00 00:00:00',
  PRIMARY KEY (`id`),
  KEY `FK_s3er6p0qyruif3siu8wo43v1g` (`qst_tpl_id`),
  CONSTRAINT `FK_s3er6p0qyruif3siu8wo43v1g` FOREIGN KEY (`qst_tpl_id`) REFERENCES `qst_tpl` (`id`)
) ENGINE=InnoDB AUTO_INCREMENT=40 DEFAULT CHARSET=utf8;
/*!40101 SET character_set_client = @saved_cs_client */;

--
-- Dumping data for table `qst_tpl_item`
--

LOCK TABLES `qst_tpl_item` WRITE;
/*!40000 ALTER TABLE `qst_tpl_item` DISABLE KEYS */;
INSERT INTO `qst_tpl_item` VALUES (1,1,'若使用重复技术技术，你可能的回应是？','','2015-10-07 06:00:41','0000-00-00 00:00:00'),(2,1,'若使用内容反应技术技术，你可能的回应是？','','2015-10-07 06:00:41','0000-00-00 00:00:00'),(3,1,'若使用情感反应技术技术，你可能的回应是？','','2015-10-07 06:00:41','0000-00-00 00:00:00'),(4,1,'若使用具体化技术技术，你可能的回应是？','','2015-10-07 06:00:41','0000-00-00 00:00:00'),(5,1,'若使用共情技术技术，你可能的回应是？','','2015-10-07 06:00:41','0000-00-00 00:00:00'),(6,2,'这幅画的特征有哪些？','','2015-10-07 06:02:19','0000-00-00 00:00:00'),(7,2,'通过画的特征，你的解释是什么？','','2015-10-07 06:02:19','0000-00-00 00:00:00'),(8,2,'综合你所发现的，你该如何回应给绘画者?','','2015-10-07 06:02:19','0000-00-00 00:00:00'),(37,3,'这个沙盘的特征有哪些？','','2015-12-24 12:06:24','2015-12-24 12:06:24'),(38,3,'通过观察沙盘的特征，你的解释是什么？','','2015-12-24 12:06:24','2015-12-24 12:06:24'),(39,3,'综合你所发现的，你该如何回应给摆沙盘者。','','2015-12-24 12:06:24','2015-12-24 12:06:24');
/*!40000 ALTER TABLE `qst_tpl_item` ENABLE KEYS */;
UNLOCK TABLES;

--
-- Table structure for table `tag`
--

DROP TABLE IF EXISTS `tag`;
/*!40101 SET @saved_cs_client     = @@character_set_client */;
/*!40101 SET character_set_client = utf8 */;
CREATE TABLE `tag` (
  `id` int(11) NOT NULL AUTO_INCREMENT,
  `name` varchar(11) NOT NULL COMMENT '标签名词',
  `created_at` timestamp NOT NULL DEFAULT CURRENT_TIMESTAMP,
  `updated_at` timestamp NOT NULL DEFAULT '0000-00-00 00:00:00',
  PRIMARY KEY (`id`)
) ENGINE=InnoDB DEFAULT CHARSET=utf8;
/*!40101 SET character_set_client = @saved_cs_client */;

--
-- Dumping data for table `tag`
--

LOCK TABLES `tag` WRITE;
/*!40000 ALTER TABLE `tag` DISABLE KEYS */;
/*!40000 ALTER TABLE `tag` ENABLE KEYS */;
UNLOCK TABLES;

--
-- Table structure for table `tag_select`
--

DROP TABLE IF EXISTS `tag_select`;
/*!40101 SET @saved_cs_client     = @@character_set_client */;
/*!40101 SET character_set_client = utf8 */;
CREATE TABLE `tag_select` (
  `id` int(11) NOT NULL AUTO_INCREMENT,
  `project_id` int(11) NOT NULL,
  `tag_id` int(11) NOT NULL,
  `created_at` timestamp NOT NULL DEFAULT CURRENT_TIMESTAMP,
  PRIMARY KEY (`id`),
  KEY `project_id` (`project_id`),
  KEY `tag_id` (`tag_id`),
  CONSTRAINT `tag_select_ibfk_1` FOREIGN KEY (`project_id`) REFERENCES `project` (`id`),
  CONSTRAINT `tag_select_ibfk_2` FOREIGN KEY (`tag_id`) REFERENCES `tag` (`id`)
) ENGINE=InnoDB DEFAULT CHARSET=utf8;
/*!40101 SET character_set_client = @saved_cs_client */;

--
-- Dumping data for table `tag_select`
--

LOCK TABLES `tag_select` WRITE;
/*!40000 ALTER TABLE `tag_select` DISABLE KEYS */;
/*!40000 ALTER TABLE `tag_select` ENABLE KEYS */;
UNLOCK TABLES;

--
-- Table structure for table `test`
--

DROP TABLE IF EXISTS `test`;
/*!40101 SET @saved_cs_client     = @@character_set_client */;
/*!40101 SET character_set_client = utf8 */;
CREATE TABLE `test` (
  `id` int(11) NOT NULL,
  `answer` text NOT NULL COMMENT '用户作答，json格式',
  `created_at` timestamp NOT NULL DEFAULT CURRENT_TIMESTAMP COMMENT '创建日期',
  `project_id` int(11) NOT NULL,
  `user_id` int(11) NOT NULL,
  `updated_at` timestamp NULL DEFAULT NULL,
  PRIMARY KEY (`id`),
  KEY `fk_user_test_project1_idx` (`project_id`),
  KEY `fk_user_test_user1_idx` (`user_id`),
  CONSTRAINT `fk_user_test_project1` FOREIGN KEY (`project_id`) REFERENCES `project` (`id`) ON DELETE NO ACTION ON UPDATE NO ACTION,
  CONSTRAINT `fk_user_test_user1` FOREIGN KEY (`user_id`) REFERENCES `user` (`id`) ON DELETE NO ACTION ON UPDATE NO ACTION
) ENGINE=InnoDB DEFAULT CHARSET=utf8 COMMENT='测试\n';
/*!40101 SET character_set_client = @saved_cs_client */;

--
-- Dumping data for table `test`
--

LOCK TABLES `test` WRITE;
/*!40000 ALTER TABLE `test` DISABLE KEYS */;
/*!40000 ALTER TABLE `test` ENABLE KEYS */;
UNLOCK TABLES;

--
-- Table structure for table `user`
--

DROP TABLE IF EXISTS `user`;
/*!40101 SET @saved_cs_client     = @@character_set_client */;
/*!40101 SET character_set_client = utf8 */;
CREATE TABLE `user` (
  `id` int(11) NOT NULL AUTO_INCREMENT,
  `username` varchar(64) NOT NULL,
  `password` varchar(64) NOT NULL,
  `salt` varchar(64) NOT NULL,
  `name` varchar(64) DEFAULT NULL,
  `gold` int(11) DEFAULT '0',
  `progress` int(11) DEFAULT '0',
  `created_at` timestamp NOT NULL DEFAULT CURRENT_TIMESTAMP,
  `updated_at` timestamp NULL DEFAULT NULL,
  `email` varchar(45) NOT NULL,
  `phone` varchar(45) DEFAULT NULL,
  `code` varchar(64) DEFAULT NULL,
  `type` enum('customer','admin','root') NOT NULL DEFAULT 'customer',
  `avatar` varchar(64) DEFAULT NULL,
  `clazz` varchar(255) DEFAULT NULL,
  `label` varchar(255) DEFAULT NULL,
  `college_id` int(11) DEFAULT NULL,
  PRIMARY KEY (`id`),
  UNIQUE KEY `email_UNIQUE` (`email`),
  UNIQUE KEY `username_UNIQUE` (`username`),
  KEY `FK_a4bhkx01s72ifnp31kr6a3220` (`college_id`),
  CONSTRAINT `FK_a4bhkx01s72ifnp31kr6a3220` FOREIGN KEY (`college_id`) REFERENCES `college` (`id`)
) ENGINE=InnoDB AUTO_INCREMENT=13 DEFAULT CHARSET=utf8;
/*!40101 SET character_set_client = @saved_cs_client */;

--
-- Dumping data for table `user`
--

LOCK TABLES `user` WRITE;
/*!40000 ALTER TABLE `user` DISABLE KEYS */;
INSERT INTO `user` VALUES (7,'admin888','7ca9d77f852e7205d74f7e91bbc5d40d','72acf2e2e5ff4f17882b4173832fa43f',NULL,0,0,'2015-06-28 08:29:32','2015-06-28 08:29:32','lvyahui8@126.com',NULL,'','admin','/upload/images/a25e2626494beb2a0d1f27b28a2032f0.jpg',NULL,NULL,NULL),(9,'lvyahui','00b25acc721a6989148fd2491233a71a','3464b746e8c44ff9b97c20826cf05348',NULL,0,0,'2015-06-28 14:32:25','2015-06-28 14:32:25','lvyahui6@163.com',NULL,'3340b609ed484d29b3d0da38802afc7a','root','/upload/images/a45b0f9c27ff4ce94a259a5d5961e810.jpg',NULL,NULL,NULL),(10,'devlyh','f9ad039fbe35fcedcf5482f7ca587d1b','5effef4761b840a29c70839f0279f5e6',NULL,0,0,'2015-07-19 11:57:03','2015-07-19 11:57:03','devlyh@163.com',NULL,'','customer',NULL,NULL,NULL,NULL),(12,'admin','b757da264780a87e7ef4bbcb75892f91','b5b3beef23de482886603d518d76338e',NULL,0,0,'2015-10-04 06:52:44','2015-10-04 06:52:44','1257069082@qq.com',NULL,'c5ee63af5e7347ff942650739fc645d5','customer',NULL,NULL,NULL,NULL);
/*!40000 ALTER TABLE `user` ENABLE KEYS */;
UNLOCK TABLES;

--
-- Table structure for table `video`
--

DROP TABLE IF EXISTS `video`;
/*!40101 SET @saved_cs_client     = @@character_set_client */;
/*!40101 SET character_set_client = utf8 */;
CREATE TABLE `video` (
  `id` int(11) NOT NULL AUTO_INCREMENT,
  `category_id` int(11) NOT NULL,
  `user_id` int(11) NOT NULL,
  `title` varchar(64) NOT NULL COMMENT '标题',
  `content` text COMMENT '补充',
  `resource_url` varchar(255) NOT NULL,
  `thumbnail` varchar(255) NOT NULL,
  `praise_count` int(11) NOT NULL DEFAULT '0' COMMENT '赞同数',
  `view_count` int(11) NOT NULL DEFAULT '0' COMMENT '浏览人数',
  `collect_count` int(11) NOT NULL DEFAULT '0' COMMENT '收藏数',
  `created_at` timestamp NOT NULL DEFAULT CURRENT_TIMESTAMP,
  `updated_at` timestamp NOT NULL DEFAULT '0000-00-00 00:00:00',
  PRIMARY KEY (`id`),
  KEY `fk_video_category_idx` (`category_id`),
  KEY `fk_video_user_idx` (`user_id`),
  CONSTRAINT `fk_video_category_idx` FOREIGN KEY (`category_id`) REFERENCES `category` (`id`),
  CONSTRAINT `fk_video_user_idx` FOREIGN KEY (`user_id`) REFERENCES `user` (`id`)
) ENGINE=InnoDB AUTO_INCREMENT=26 DEFAULT CHARSET=utf8;
/*!40101 SET character_set_client = @saved_cs_client */;

--
-- Dumping data for table `video`
--

LOCK TABLES `video` WRITE;
/*!40000 ALTER TABLE `video` DISABLE KEYS */;
INSERT INTO `video` VALUES (25,9,9,'sdddd','','//upload/video/c48392cf3681c6010b0621ff8afd89a3.MOV','//upload/thumbnail/c48392cf3681c6010b0621ff8afd89a3.jpg',0,0,0,'2015-12-26 12:40:17','2015-12-26 12:40:17');
/*!40000 ALTER TABLE `video` ENABLE KEYS */;
UNLOCK TABLES;

--
-- Table structure for table `video_qst`
--

DROP TABLE IF EXISTS `video_qst`;
/*!40101 SET @saved_cs_client     = @@character_set_client */;
/*!40101 SET character_set_client = utf8 */;
CREATE TABLE `video_qst` (
  `id` int(11) NOT NULL AUTO_INCREMENT,
  `video_id` int(11) DEFAULT NULL,
  `title` varchar(64) NOT NULL COMMENT '问题',
  `answer` varchar(64) NOT NULL COMMENT '解答',
  `created_at` timestamp NOT NULL DEFAULT CURRENT_TIMESTAMP COMMENT '创建日期',
  `updated_at` timestamp NULL DEFAULT NULL,
  PRIMARY KEY (`id`),
  KEY `fk_video_qst_video_idx` (`video_id`),
  CONSTRAINT `fk_video_qst_video_idx` FOREIGN KEY (`video_id`) REFERENCES `video` (`id`)
) ENGINE=InnoDB DEFAULT CHARSET=utf8;
/*!40101 SET character_set_client = @saved_cs_client */;

--
-- Dumping data for table `video_qst`
--

LOCK TABLES `video_qst` WRITE;
/*!40000 ALTER TABLE `video_qst` DISABLE KEYS */;
/*!40000 ALTER TABLE `video_qst` ENABLE KEYS */;
UNLOCK TABLES;

--
-- Table structure for table `view`
--

DROP TABLE IF EXISTS `view`;
/*!40101 SET @saved_cs_client     = @@character_set_client */;
/*!40101 SET character_set_client = utf8 */;
CREATE TABLE `view` (
  `id` int(11) NOT NULL AUTO_INCREMENT,
  `user_id` int(11) NOT NULL,
  `project_id` int(11) NOT NULL,
  `type` enum('normal','exam','article','image','audio','video') NOT NULL,
  `created_at` timestamp NOT NULL DEFAULT CURRENT_TIMESTAMP COMMENT '创建日期',
  `updated_at` timestamp NULL DEFAULT NULL,
  PRIMARY KEY (`id`),
  KEY `fk_view_user_idx` (`user_id`),
  CONSTRAINT `fk_view_user_idx` FOREIGN KEY (`user_id`) REFERENCES `user` (`id`)
) ENGINE=InnoDB DEFAULT CHARSET=utf8;
/*!40101 SET character_set_client = @saved_cs_client */;

--
-- Dumping data for table `view`
--

LOCK TABLES `view` WRITE;
/*!40000 ALTER TABLE `view` DISABLE KEYS */;
/*!40000 ALTER TABLE `view` ENABLE KEYS */;
UNLOCK TABLES;
/*!40103 SET TIME_ZONE=@OLD_TIME_ZONE */;

/*!40101 SET SQL_MODE=@OLD_SQL_MODE */;
/*!40014 SET FOREIGN_KEY_CHECKS=@OLD_FOREIGN_KEY_CHECKS */;
/*!40014 SET UNIQUE_CHECKS=@OLD_UNIQUE_CHECKS */;
/*!40101 SET CHARACTER_SET_CLIENT=@OLD_CHARACTER_SET_CLIENT */;
/*!40101 SET CHARACTER_SET_RESULTS=@OLD_CHARACTER_SET_RESULTS */;
/*!40101 SET COLLATION_CONNECTION=@OLD_COLLATION_CONNECTION */;
/*!40111 SET SQL_NOTES=@OLD_SQL_NOTES */;

-- Dump completed on 2016-04-26 19:30:01
