-- MySQL dump 10.13  Distrib 5.5.42, for Linux (i686)
--
-- Host: localhost    Database: slsxpt
-- ------------------------------------------------------
-- Server version	5.5.42-log

/*!40101 SET @OLD_CHARACTER_SET_CLIENT=@@CHARACTER_SET_CLIENT */;
/*!40101 SET @OLD_CHARACTER_SET_RESULTS=@@CHARACTER_SET_RESULTS */;
/*!40101 SET @OLD_COLLATION_CONNECTION=@@COLLATION_CONNECTION */;
/*!40101 SET NAMES utf8 */;
/*!40103 SET @OLD_TIME_ZONE=@@TIME_ZONE */;
/*!40103 SET TIME_ZONE='+00:00' */;
/*!40014 SET @OLD_UNIQUE_CHECKS=@@UNIQUE_CHECKS, UNIQUE_CHECKS=0 */;
/*!40014 SET @OLD_FOREIGN_KEY_CHECKS=@@FOREIGN_KEY_CHECKS, FOREIGN_KEY_CHECKS=0 */;
/*!40101 SET @OLD_SQL_MODE=@@SQL_MODE, SQL_MODE='NO_AUTO_VALUE_ON_ZERO' */;
/*!40111 SET @OLD_SQL_NOTES=@@SQL_NOTES, SQL_NOTES=0 */;

--
-- Table structure for table `article`
--

DROP TABLE IF EXISTS `article`;
/*!40101 SET @saved_cs_client     = @@character_set_client */;
/*!40101 SET character_set_client = utf8 */;
CREATE TABLE `article` (
  `id` int(11) NOT NULL AUTO_INCREMENT,
  `category_id` int(11) NOT NULL,
  `user_id` int(11) NOT NULL,
  `title` varchar(64) NOT NULL COMMENT '标题',
  `content` text COMMENT '正文',
  `description` text COMMENT '摘要',
  `praise_count` int(11) NOT NULL DEFAULT '0' COMMENT '赞同数',
  `view_count` int(11) NOT NULL DEFAULT '0' COMMENT '浏览人数',
  `collect_count` int(11) NOT NULL DEFAULT '0' COMMENT '收藏数',
  `created_at` timestamp NOT NULL DEFAULT CURRENT_TIMESTAMP,
  `updated_at` timestamp NOT NULL DEFAULT '0000-00-00 00:00:00',
  PRIMARY KEY (`id`),
  KEY `fk_article_category_idx` (`category_id`),
  KEY `fk_article_user_idx` (`user_id`)
) ENGINE=MyISAM AUTO_INCREMENT=16 DEFAULT CHARSET=utf8;
/*!40101 SET character_set_client = @saved_cs_client */;

--
-- Dumping data for table `article`
--

LOCK TABLES `article` WRITE;
/*!40000 ALTER TABLE `article` DISABLE KEYS */;
INSERT INTO `article` VALUES (1,29,9,'看的风景和国家开发和国','空间和空间发的和刚看见啥地方和高科技的发挥<br>的风格的发生高科技的复合管会计的发挥<br>看手机的符合国家可说的和高科技','空间和空间发的和刚看见啥地方和高科技的发挥 的风格的发生高科技的复合管会计的发挥',0,23,0,'2015-10-04 03:00:30','2015-10-04 03:00:30'),(3,29,9,'sffsd 上发生地方是否是收到','&nbsp;收到方式收到收到是',' 收到方式收到收到是',0,9,0,'2015-11-20 13:41:57','2015-11-20 13:41:57'),(6,16,12,'案例2：        一般资料：求助者，女性，38岁，事业单位职工。 ','<span><b>案例介绍：<br></b>&nbsp; &nbsp; &nbsp; &nbsp; 求助者大专学历，工作能力强，人际关系好，深受领导和同事的好评。一年前，因为没有本科学历，在单位的干部竞聘中，未能如愿竞聘为副处级干部。这件事情让求助者认识到学历的重要性。此后，求助者对自己读小学的女儿开始严格要求。半年前开始，求助者除了要求女儿完成学校的学习任务外，还让女儿参加很多的校外补习班。两个月前，求助者和丈夫商量再给女儿多报一个补习班时，丈夫表示强烈反对，并指责求助者剥夺了女儿所有的业余时间，让女儿成为学习机器。求助者当即和丈夫大吵一架，此后一直和丈夫处于冷战状态。近一个月来，求助者每当想到丈夫不但不理解自己的苦心，还对自己横加指责，就感到很伤心，同时也非常愤怒，有时还有头痛、头晕的情况。只有不想这件事的时候，心情才会好些。</span>\r\n\r\n<span><span>&nbsp;\r\n&nbsp;<br></span><b>心理咨询师观察了解到的情况：<br></b>&nbsp; &nbsp; &nbsp; &nbsp; 求助者是家中长女，好强，追求完美。</span>','案例介绍：         求助者大专学历，工作能力强，人际关系好，深受领导和同',0,1,0,'2016-04-25 14:53:48','2016-04-25 14:53:48'),(5,16,12,'案例1：         一般资料：求助者，男性，40岁，外企高管。 ','<b>案例介绍：<br></b>&nbsp; &nbsp; &nbsp; &nbsp; 求助者于国外名牌大学博士毕业，回国后一直在一家知名外企工作。求助者全心扑在事业上，一直无暇顾及个人问题。两年前经人介绍，结识了现在的女友。虽然求助者比女友大了十几岁，但相处一年多以后，双方都觉得对方比较适合自己，很快发展到谈婚论嫁的阶段。但让求助者没想到的是，女友的父母以求助者年龄过大为由，坚决反对两人的婚事。求助者希望女友能够冲破家庭的阻挠，尽快和自己结婚。但女友觉得父母年纪大了，身体又不好，应该耐心做父母的工作，不应不顾老人的感受而仓促结婚。三个月前，求助者和女友为了结婚的事情，发生了激烈的争吵，随即两人陷入冷战。正当求助者为感情问题烦恼的时候，求助者的下属在工作中出现了重大失误，险些给公司造成巨大损失。因为这件事，求助者受到了总公司高层领导的批评。这让求助者觉得很没面子。&nbsp;\r\n\r\n<span>&nbsp;&nbsp;&nbsp;&nbsp; &nbsp;&nbsp;两个多月来，求助者一直郁郁寡欢，心情烦躁，食欲下降，经常失眠，工作时也无精打采，工作效率明显下降，回避同事同学的聚会。&nbsp;</span>\r\n\r\n<span>&nbsp;&nbsp;&nbsp;<br><b>心理咨询师观察了解到的情况</b><span>：<br>&nbsp; &nbsp; &nbsp; &nbsp; &nbsp;求助者是家中独生子，从小学习成绩优异，争强好胜，追求完美，较自我中心。</span></span>','案例介绍：         求助者于国外名牌大学博士毕业，回国后一直在一家知名外',0,1,0,'2016-04-25 14:52:59','2016-04-25 14:52:59'),(7,16,12,'案例3：      一般资料：求助者，女性，32岁，公务员。 ','<span><b>案例介绍：<br></b>&nbsp; &nbsp; &nbsp; &nbsp; 求助者两年前离异，一直独自带着孩子生活。一年前，求助者与多年未联系的初恋男友偶遇。初恋男友一直未婚，当得知求助者离异后，便对求助者展开追求。随着时间的推移，两人相处越来越融洽。几个月前，求助者正式向孩子介绍自己的男友。没想到8岁的儿子对男友非常排斥，甚至表示如果求助者再婚，他就要去和爸爸一起生活。儿子的强烈反对让求助者非常为难，一方面舍不得让孩子离开自己，另一方面又不愿辜负真心对待自己的男友。&nbsp;</span>\r\n\r\n&nbsp;&nbsp;&nbsp;&nbsp;两个多月来，求助者一直情绪低落，无精打采，注意力不集中，记忆力下降，工作效率因此明显下降。求助者甚至开始回避和同事聊天，因为一旦听到他人聊起家庭、婚姻的话题，求助者心里就会觉得很不舒服。&nbsp;\r\n\r\n<b>&nbsp;<br>心理咨询师观察了解到的情况：<br></b>&nbsp; &nbsp; &nbsp; &nbsp; 求助者是家中独生女，父母均是军队退休干部，家教非常严格。求助者内向，依赖性强，优柔寡断。','案例介绍：         求助者两年前离异，一直独自带着孩子生活。一年前，求助',0,1,0,'2016-04-25 14:56:25','2016-04-25 14:56:25'),(8,16,12,'案例4：      一般资料：求助者，女性，39岁，小学教师。','<b>案例介绍：<br></b>&nbsp; &nbsp; &nbsp; &nbsp; 求助者3年前与丈夫离婚，无子女，离婚后与父母共同生活。求助者有一个哥哥，已婚，与父母在同一城市生活。两年前求助者的哥哥与父母发生矛盾，从此再也没有看望过父母，也从不给求助者主动打电话。今年父亲七十大寿，求助者想借全家团聚的机会帮助父母和哥哥消除隔阂，给哥哥打电话，希望哥哥一家回来一起祝寿，但哥哥说他们一家三口要去国外旅游。在打电话的过程中，求助者的父母一直站在她的身旁。通话结束后，她能够明显感觉到父母的失望，父亲还责怪她多事儿，说她连自己的家都保不住还来管别人的事。求助者很委屈，那段时间过得非常难受。每当想起这件事，求助者都暗自伤心，后悔自己多事，感觉自己很无能，每天回家看到父母都有些不自在。最近一个多月里，茶饭不香，胃里总觉得像是堵着什么东西，头痛，睡眠差，感觉疲惫。主动前来求助，强烈要求摆脱内心痛苦。','案例介绍：         求助者3年前与丈夫离婚，无子女，离婚后与父母共同生活',0,1,0,'2016-04-25 14:56:57','2016-04-25 14:56:57'),(9,16,12,'案例5：      一般资料：求助者，女性，23岁，某公司职工。','<span><b>案例介绍：<br></b>&nbsp; &nbsp; &nbsp; &nbsp; 求助者自述最近一段时间总是莫名地担忧和害怕，失眠，经常做噩梦，感觉非常痛苦。当问及症状产生的原因时，求助者不愿回答，由母亲代为叙述。并且在母亲讲述事件的时候，求助者走出咨询室，在另外的屋子里等候。母亲说求助者在一家大型公司担任前台接待工作，地点为一高层建筑的一楼大堂。几个月前的一个上午，求助者听到楼上传来惊叫声，紧接着听到身后不远的拐角处“嘭”的一声，她和一名同事急忙跑过去，看到地上趴着一个人，身下流了一大滩血。求助者当时一边安抚身边的同伴，一边打电话通知自己的领导，之后又帮忙维护现场秩序。在其后的一段时间里，求助者一直能够正常地生活和工作，只是在上下班时会躲开出事地点而从大楼的另外一个门出入。但是最近开始害怕大的房子，如果不得不身在其中，她一定要待在房子的一个角落，使自己能够一眼看清整个屋子；经常会被关门声或突如其来的声响惊吓；晚上睡觉不能关灯，否则精神紧张难以入睡；经常做噩梦。以前求助者是个性格开朗、活泼的女孩，喜欢和男朋友逛街，有时间就会陪父母聊天、讲单位里的事情。但最近工作之余不愿意出门，不爱多说话，与男友的关系也疏远了。在事件发生之后，求助者向公司申请调换了工作岗位。由母亲陪同前来咨询。&nbsp;</span>\r\n\r\n&nbsp;&nbsp;&nbsp;&nbsp;<br><b>心理咨询师观察了解到的情况：<br></b>&nbsp; &nbsp; &nbsp; &nbsp; 求助者神情疲惫，情绪低落，不愿回忆自己所经历的事件。','案例介绍：         求助者自述最近一段时间总是莫名地担忧和害怕，失眠，经',0,1,0,'2016-04-25 14:57:35','2016-04-25 14:57:35'),(10,16,12,'案例6：    一般资料：求助者，女性，46岁，已婚，退休职工。 ','<span><b>案例介绍：<br></b>&nbsp; &nbsp; &nbsp; &nbsp; 求助者23岁结婚，33岁怀孕，但怀孕5个月时检查出胎儿畸形，被迫做人工流产手术。术后求助者情绪十分低落，经常流泪。在丈夫、家人及朋友的陪伴和帮助下，求助者一年左右才基本恢复正常生活。之后虽然用尽各种办法，但始终未能生育。一个月前求助者参加同学聚会，聊到子女问题时，求助者突然感觉胸口憋闷、心慌气短，头晕、头痛，手心出汗，只好以身体不适为由提前离开。此后，求助者经常会有类似的症状，同时伴有紧张和担忧，想到自己和丈夫老无所依十分害怕，担心自己躺在病床上无人照料。不愿做家务，对生活的兴趣也明显降低，觉得现在做任何事情都是徒劳。求助者担心这样下去丈夫也会因无法忍受而离开自己，以后就彻底无依无靠了，越想越害怕，经常失眠。内心十分痛苦。&nbsp;</span>\r\n\r\n<span>&nbsp;&nbsp;&nbsp;&nbsp;<br><b>心理咨询师观察了解到的情况：<br></b>&nbsp; &nbsp; &nbsp; &nbsp; 求助者曾经从事有毒有害作业的工作，夫妻感情一直很好。在丈夫的陪伴下前来咨询。</span>','案例介绍：         求助者23岁结婚，33岁怀孕，但怀孕5个月时检查出胎',0,1,0,'2016-04-25 14:58:09','2016-04-25 14:58:09'),(11,16,12,'案例7： 一般资料：求助者，男性，29岁，未婚，本科毕业，工程师。 ','<span>&nbsp;<b>案例介绍：<br></b>&nbsp; &nbsp; &nbsp; &nbsp; 求助者大学毕业后进入一家国企任职，工作稳定。近期企业招聘了一些硕士研究生，求助者为自己学历低感到有些自卑。2个多月前，在某技术问题上与新同事产生分歧，领导最终选择了同事的设计方案，求助者心中感到很不平衡，因为是领导的决定，也只好压住心中的怒气，继续工作。当晚翻来覆去总是不能入睡，认为领导是因为自己的学历不如新同事，所以否定了自己的方案。第二天起来后感觉头痛、疲劳，全身酸痛。以后又有几次相似的经历，求助者开始觉得领导不重视自己了，担心长久下去失去晋升的机会，甚至可能会被辞掉，觉得当初如果听从父母的建议读研究生就好了，内心感到十分痛苦和担忧。于是工作中越发谨慎小心，但却经常出错，偶尔会向同事、家人发脾气。&nbsp;</span>\r\n\r\n<span>&nbsp;&nbsp;&nbsp;&nbsp;<br><b>心理咨询师观察了解到的情况：<br></b>&nbsp; &nbsp; &nbsp; &nbsp; 求助者是独子，家教严格，学习成绩优秀。自幼身体健康，未患过严重疾病，性格比较内向。工作认真、勤奋，经常主动加班。近2周来，睡眠严重不足，食欲也有所下降，偶尔会出现心慌、眩晕等情况。</span>',' 案例介绍：         求助者大学毕业后进入一家国企任职，工作稳定。近期企',0,1,0,'2016-04-25 14:58:41','2016-04-25 14:58:41'),(13,16,12,'案例8：一般资料：求助者，男性，20岁，大学生。 ','<span><b>案例介绍：<br></b>&nbsp; &nbsp; &nbsp; &nbsp; 求助者是某重点大学三年级学生。求助者不仅学习成绩优异，社会活动能力也很强，担任学院学生会主席。半年前，求助者代表学院参加全校的辩论赛。由于赛前准备充分，求助者顺利带领队友闯入决赛。没想到，求助者在决赛中几次出现口误，惹得对手和台下观众哄堂大笑。最后，求助者所在团队没有获得名次。这件事以后，求助者一直闷闷不乐，他认为自己连累了整个团队，觉得自己辜负了老师和同学们的信任，甚至认为自己根本就是不堪重任。两个多月来，求助者情绪低落，烦躁不安，学习效率下降，学生会的工作也经常出错，借故不参加有比赛性质的校园活动，不像以前那样经常和朋友、同学交流，常常一个人在宿舍里发呆。求助者的同学担心他继续这样消沉下去，建议他来接受心理咨询。&nbsp;&nbsp;</span>\r\n\r\n<span>&nbsp; <br><b>心理咨询师观察了解到的情况：&nbsp;<br></b></span>&nbsp; &nbsp; &nbsp; &nbsp;&nbsp;求助者是独生子，家庭经济条件较好，父母都是医生，对求助者管教比较严格。求助者自幼学习成绩优异，一直是班干部，好强，追求完美。身体健康，历年体检结果平常。','案例介绍：         求助者是某重点大学三年级学生。求助者不仅学习成绩优异',0,1,0,'2016-04-25 14:59:20','2016-04-25 14:59:20'),(14,16,12,'案例9：      一般资料：求助者，男性，37岁，机关公务员。 ','<span><b>案例介绍：<br></b>&nbsp; &nbsp; &nbsp; &nbsp; 一个多月前，求助者为了给煤气表插卡续费而爬进厨房的灶台下面，突&nbsp;然感觉胸闷、心悸，呼吸不畅。赶忙爬出来后又感觉有些头晕，到阳台打开窗子后做了&nbsp;几次深呼吸才缓过来。当晚睡觉时心情烦躁，又出现了胸闷等症状，到阳台站立片刻后&nbsp;症状消失。此后，求助者在任何地方，只要一想到自家灶台下的煤气表，就感觉压抑，&nbsp;继而胸口憋闷、呼吸不畅，有时伴有头晕、头痛和出汗。曾几次到不同医院反复就诊，&nbsp;均未查出器质性疾病，但求助者仍不放心，因此而心烦、失眠，食欲下降，非常痛苦，&nbsp;主动前来咨询。&nbsp;</span>\r\n\r\n&nbsp;&nbsp;&nbsp;&nbsp;<br><b>心理咨询师了解到的情况：<br></b>&nbsp; &nbsp; &nbsp; &nbsp; 求助者老家在农村，父母对其期望很高，进入政府机关&nbsp;后更希望他能出人头地。求助者内向，好胜心强。在工作中曾竞聘失利，影响了情绪。&nbsp;现在经常借故不参加各种聚会，在工作上也出现了几次较大的失误。感觉父母和姐姐对&nbsp;他没有升职有些失望。','案例介绍：         一个多月前，求助者为了给煤气表插卡续费而爬进厨房的灶',0,1,0,'2016-04-25 14:59:56','2016-04-25 14:59:56'),(15,16,12,'案例10： 一般资料：求助者，女性，38岁，公司职员。 ','<span>&nbsp;<b>案例介绍：<br></b>&nbsp; &nbsp; &nbsp; &nbsp; 求助者与丈夫相识时虽然知道其当时已婚并有孩子，但还是与他同居了。&nbsp;丈夫最终与前妻分手，和求助者结了婚，并生了女儿。丈夫经常到外地出差，有时在外&nbsp;一住就是两、三个月。今年春节期间，求助者的女儿意外去世，求助者很悲痛，而丈夫在女儿去世后不到一周就以工作需要为借口，不顾求助者尚处在悲伤之中，执意离家去了外地。求助者凭直觉认为丈夫在外边一定有女人，并最终得到证实。求助者极度愤怒，砸烂了丈夫所有的收藏品，撕掉了丈夫的照片，吃不下饭、睡不着觉，经常胸闷、头晕；后悔当初轻信了丈夫的花言巧语，让自己多年来背着“第三者”的名声却换来如今被欺&nbsp;骗和被抛弃的结果。觉得自己命苦，没脸见人，现在已无法工作。经朋友劝说前来咨询。</span>\r\n\r\n<span>&nbsp; <br><b>心理咨询师观察了解到的情况：<br></b>&nbsp; &nbsp; &nbsp; &nbsp; 求助者消瘦，神情疲惫，但衣着得体，语言流畅，&nbsp;语速正常。咨询时带来了其丈夫与第三者在一起的视频资料。</span>',' 案例介绍：         求助者与丈夫相识时虽然知道其当时已婚并有孩子，但还',0,0,0,'2016-04-25 15:00:27','2016-04-25 15:00:27');
/*!40000 ALTER TABLE `article` ENABLE KEYS */;
UNLOCK TABLES;

--
-- Table structure for table `audio`
--

DROP TABLE IF EXISTS `audio`;
/*!40101 SET @saved_cs_client     = @@character_set_client */;
/*!40101 SET character_set_client = utf8 */;
CREATE TABLE `audio` (
  `id` int(11) NOT NULL AUTO_INCREMENT,
  `category_id` int(11) NOT NULL,
  `user_id` int(11) NOT NULL,
  `title` varchar(64) NOT NULL COMMENT '标题',
  `resource_url` varchar(128) NOT NULL COMMENT '视频文件路径',
  `praise_count` int(11) NOT NULL DEFAULT '0' COMMENT '赞同数',
  `view_count` int(11) NOT NULL DEFAULT '0' COMMENT '浏览人数',
  `collect_count` int(11) NOT NULL DEFAULT '0' COMMENT '收藏数',
  `created_at` timestamp NOT NULL DEFAULT CURRENT_TIMESTAMP,
  `updated_at` timestamp NOT NULL DEFAULT '0000-00-00 00:00:00',
  `content` varchar(255) DEFAULT NULL,
  PRIMARY KEY (`id`),
  KEY `fk_audio_category_idx` (`category_id`),
  KEY `fk_audio_user_idx` (`user_id`)
) ENGINE=MyISAM AUTO_INCREMENT=12 DEFAULT CHARSET=utf8;
/*!40101 SET character_set_client = @saved_cs_client */;

--
-- Dumping data for table `audio`
--

LOCK TABLES `audio` WRITE;
/*!40000 ALTER TABLE `audio` DISABLE KEYS */;
INSERT INTO `audio` VALUES (11,8,12,'对话2','/upload/audio/b565dfc1703b82e586ae149431573d09.mp3',0,6,0,'2016-04-23 07:45:06','2016-04-23 07:45:06','背景信息：来访者因为比较焦虑，自己找到了咨询师。'),(10,8,12,'对话1（音频案例模版）','/upload/audio/78fbb60ef7878adcb17b5950c7f2fabf.mp3',0,20,0,'2016-04-23 05:57:51','2016-04-23 05:57:51','背景信息：来访者因为无法继续学习，班主任推荐其来见咨询师。');
/*!40000 ALTER TABLE `audio` ENABLE KEYS */;
UNLOCK TABLES;

--
-- Table structure for table `audio_qst`
--

DROP TABLE IF EXISTS `audio_qst`;
/*!40101 SET @saved_cs_client     = @@character_set_client */;
/*!40101 SET character_set_client = utf8 */;
CREATE TABLE `audio_qst` (
  `id` int(11) NOT NULL AUTO_INCREMENT,
  `audio_id` int(11) NOT NULL,
  `title` varchar(64) DEFAULT NULL,
  `answer` varchar(64) DEFAULT NULL,
  `created_at` timestamp NOT NULL DEFAULT CURRENT_TIMESTAMP,
  `updated_at` timestamp NOT NULL DEFAULT '0000-00-00 00:00:00',
  PRIMARY KEY (`id`),
  KEY `fk_aq_audio_idx` (`audio_id`)
) ENGINE=MyISAM AUTO_INCREMENT=24 DEFAULT CHARSET=utf8;
/*!40101 SET character_set_client = @saved_cs_client */;

--
-- Dumping data for table `audio_qst`
--

LOCK TABLES `audio_qst` WRITE;
/*!40000 ALTER TABLE `audio_qst` DISABLE KEYS */;
INSERT INTO `audio_qst` VALUES (23,10,'通过倾听这段录音，你觉得咨询师做得好的地方在哪里？做的不好的地方在哪里？','答：没有参考答案，请将你的想法写在下面的评论区吧！','2016-04-23 07:43:34','2016-04-23 07:43:34'),(22,10,'该音频的核心信息的是什么？','答：没有参考答案，请将你的想法写在下面的评论区吧！','2016-04-23 07:43:34','2016-04-23 07:43:34');
/*!40000 ALTER TABLE `audio_qst` ENABLE KEYS */;
UNLOCK TABLES;

--
-- Table structure for table `category`
--

DROP TABLE IF EXISTS `category`;
/*!40101 SET @saved_cs_client     = @@character_set_client */;
/*!40101 SET character_set_client = utf8 */;
CREATE TABLE `category` (
  `id` int(11) NOT NULL AUTO_INCREMENT,
  `name` varchar(64) NOT NULL,
  `level` int(11) NOT NULL DEFAULT '1',
  `category_id` int(11) DEFAULT NULL,
  `editor` enum('yes','no') NOT NULL DEFAULT 'yes',
  `type` enum('normal','exam','article','video','audio') NOT NULL DEFAULT 'normal',
  `qst_tpl_id` int(11) DEFAULT NULL COMMENT '问答模板ID',
  PRIMARY KEY (`id`),
  KEY `fk_category_category1_idx` (`category_id`),
  KEY `FK_sk1crnd8ps963xjre34sf7gp3` (`qst_tpl_id`)
) ENGINE=MyISAM AUTO_INCREMENT=33 DEFAULT CHARSET=utf8;
/*!40101 SET character_set_client = @saved_cs_client */;

--
-- Dumping data for table `category`
--

LOCK TABLES `category` WRITE;
/*!40000 ALTER TABLE `category` DISABLE KEYS */;
INSERT INTO `category` VALUES (4,'基础理论夯实',0,NULL,'yes','exam',21),(6,'中级技能进阶',0,NULL,'yes','normal',NULL),(7,'实操技能强化',0,NULL,'yes','normal',NULL),(8,'分析倾听音频库',1,7,'yes','audio',13),(9,'实操仿真视频库',1,7,'yes','video',14),(16,'自助练习文本库',1,7,'yes','article',12),(26,'内容反应',1,6,'yes','exam',15),(27,'情感反应',1,6,'yes','exam',16),(28,'具体化技术',1,6,'yes','exam',17),(29,'重复技术',1,6,'yes','exam',18),(30,'房树人测验',1,6,'yes','exam',22),(31,'沙盘实验',1,6,'yes','exam',3),(32,'共情技术',1,6,'yes','exam',19);
/*!40000 ALTER TABLE `category` ENABLE KEYS */;
UNLOCK TABLES;

--
-- Table structure for table `collect`
--

DROP TABLE IF EXISTS `collect`;
/*!40101 SET @saved_cs_client     = @@character_set_client */;
/*!40101 SET character_set_client = utf8 */;
CREATE TABLE `collect` (
  `id` int(11) NOT NULL AUTO_INCREMENT,
  `user_id` int(11) NOT NULL,
  `project_id` int(11) NOT NULL,
  `project_title` varchar(128) DEFAULT NULL,
  `type` enum('normal','exam','article','image','audio','video') NOT NULL,
  `created_at` timestamp NOT NULL DEFAULT CURRENT_TIMESTAMP COMMENT '创建日期',
  `updated_at` timestamp NULL DEFAULT NULL,
  PRIMARY KEY (`id`),
  KEY `fk_collect_user_idx` (`user_id`)
) ENGINE=MyISAM AUTO_INCREMENT=10 DEFAULT CHARSET=utf8;
/*!40101 SET character_set_client = @saved_cs_client */;

--
-- Dumping data for table `collect`
--

LOCK TABLES `collect` WRITE;
/*!40000 ALTER TABLE `collect` DISABLE KEYS */;
INSERT INTO `collect` VALUES (3,9,13,'重复－案例1（模版）','exam','2016-04-23 14:46:45','2016-04-23 14:46:45'),(2,9,15,'内容反应－案例1（模版）','exam','2016-04-23 14:46:20','2016-04-23 14:46:20'),(4,9,10,'对话1（音频案例模版）','audio','2016-04-23 14:46:51','2016-04-23 14:46:51'),(5,9,23,'实操视频1','video','2016-04-23 14:47:00','2016-04-23 14:47:00'),(6,9,4,'','article','2016-04-23 14:47:13','2016-04-23 14:47:13'),(8,12,4,'','article','2016-04-25 10:40:55','2016-04-25 10:40:55'),(9,9,11,'对话2','audio','2016-04-25 12:28:08','2016-04-25 12:28:08');
/*!40000 ALTER TABLE `collect` ENABLE KEYS */;
UNLOCK TABLES;

--
-- Table structure for table `college`
--

DROP TABLE IF EXISTS `college`;
/*!40101 SET @saved_cs_client     = @@character_set_client */;
/*!40101 SET character_set_client = utf8 */;
CREATE TABLE `college` (
  `id` int(11) NOT NULL AUTO_INCREMENT,
  `created_at` datetime DEFAULT NULL,
  `name` varchar(255) DEFAULT NULL,
  `updated_at` datetime DEFAULT NULL,
  PRIMARY KEY (`id`)
) ENGINE=MyISAM DEFAULT CHARSET=utf8;
/*!40101 SET character_set_client = @saved_cs_client */;

--
-- Dumping data for table `college`
--

LOCK TABLES `college` WRITE;
/*!40000 ALTER TABLE `college` DISABLE KEYS */;
/*!40000 ALTER TABLE `college` ENABLE KEYS */;
UNLOCK TABLES;

--
-- Table structure for table `comment`
--

DROP TABLE IF EXISTS `comment`;
/*!40101 SET @saved_cs_client     = @@character_set_client */;
/*!40101 SET character_set_client = utf8 */;
CREATE TABLE `comment` (
  `id` int(11) NOT NULL AUTO_INCREMENT,
  `content` text NOT NULL,
  `desc` varchar(45) DEFAULT NULL,
  `pub` enum('yes','no') NOT NULL DEFAULT 'yes',
  `user_id` int(11) NOT NULL,
  `username` varchar(64) NOT NULL DEFAULT '匿名用户',
  `project_id` int(11) NOT NULL,
  `project_type` enum('exam','article','audio','video','site') NOT NULL,
  `top` enum('yes','no') NOT NULL DEFAULT 'no',
  `created_at` timestamp NOT NULL DEFAULT CURRENT_TIMESTAMP,
  PRIMARY KEY (`id`),
  KEY `fk_comment_user1_idx` (`user_id`),
  KEY `fk_comment_project1_idx` (`project_id`)
) ENGINE=MyISAM AUTO_INCREMENT=22 DEFAULT CHARSET=utf8 COMMENT='评论';
/*!40101 SET character_set_client = @saved_cs_client */;

--
-- Dumping data for table `comment`
--

LOCK TABLES `comment` WRITE;
/*!40000 ALTER TABLE `comment` DISABLE KEYS */;
INSERT INTO `comment` VALUES (2,'这道题选C，我也不知为什么',NULL,'yes',1,'superadmin',7,'exam','no','2016-04-18 03:26:49'),(3,'怎么和前面的题都一样呢？？？',NULL,'yes',1,'superadmin',6,'exam','no','2016-04-18 03:27:39'),(4,'这么多重复的我居然也做错',NULL,'yes',1,'superadmin',5,'exam','no','2016-04-18 03:28:05'),(5,'第三道题是不是有问题？？',NULL,'yes',1,'superadmin',1,'exam','no','2016-04-18 03:30:02'),(6,'这是第二题',NULL,'yes',1,'superadmin',4,'exam','no','2016-04-18 03:31:21'),(7,'我就不信了',NULL,'yes',1,'superadmin',4,'exam','no','2016-04-18 03:31:27'),(8,'吐槽吐槽',NULL,'yes',1,'superadmin',3,'exam','no','2016-04-18 03:44:44'),(9,'我嚓了，我也是醉了',NULL,'yes',1,'superadmin',7,'audio','no','2016-04-18 08:35:06'),(10,'我来试试',NULL,'yes',1,'superadmin',8,'audio','no','2016-04-18 09:07:21'),(11,'O(∩_∩)O哈哈哈~',NULL,'yes',1,'superadmin',1,'article','no','2016-04-19 15:00:01'),(12,'上传一个视频试试',NULL,'yes',9,'lvyahui',23,'video','no','2016-04-20 11:38:55'),(13,'错的离谱',NULL,'yes',9,'lvyahui',7,'exam','no','2016-04-20 13:34:53'),(14,'棒棒哒。。',NULL,'yes',12,'admin',5,'exam','no','2016-04-23 00:45:01'),(15,'界面真的改进了许多！棒棒嗒',NULL,'yes',12,'admin',12,'video','no','2016-04-23 02:16:02'),(16,'试一下',NULL,'yes',12,'admin',1,'exam','no','2016-04-23 03:01:00'),(17,'氢气球\r\n',NULL,'yes',12,'admin',24,'video','no','2016-04-23 05:18:18'),(18,'咨询师很磁性\r\n',NULL,'yes',12,'admin',10,'audio','no','2016-04-23 09:09:13'),(19,'这道题还比较简单\r\n',NULL,'yes',12,'admin',15,'exam','no','2016-04-24 03:09:42'),(20,':-O，好帅',NULL,'yes',9,'lvyahui',145,'exam','no','2016-04-25 12:27:18'),(21,'不是',NULL,'yes',9,'lvyahui',25,'exam','no','2016-04-25 14:22:41');
/*!40000 ALTER TABLE `comment` ENABLE KEYS */;
UNLOCK TABLES;

--
-- Table structure for table `config`
--

DROP TABLE IF EXISTS `config`;
/*!40101 SET @saved_cs_client     = @@character_set_client */;
/*!40101 SET character_set_client = utf8 */;
CREATE TABLE `config` (
  `id` int(11) NOT NULL AUTO_INCREMENT,
  `name` varchar(45) NOT NULL,
  `value` varchar(255) NOT NULL,
  PRIMARY KEY (`id`)
) ENGINE=MyISAM DEFAULT CHARSET=utf8;
/*!40101 SET character_set_client = @saved_cs_client */;

--
-- Dumping data for table `config`
--

LOCK TABLES `config` WRITE;
/*!40000 ALTER TABLE `config` DISABLE KEYS */;
/*!40000 ALTER TABLE `config` ENABLE KEYS */;
UNLOCK TABLES;

--
-- Table structure for table `exam`
--

DROP TABLE IF EXISTS `exam`;
/*!40101 SET @saved_cs_client     = @@character_set_client */;
/*!40101 SET character_set_client = utf8 */;
CREATE TABLE `exam` (
  `id` int(11) NOT NULL AUTO_INCREMENT,
  `category_id` int(11) NOT NULL,
  `user_id` int(11) NOT NULL,
  `title` varchar(64) NOT NULL COMMENT '标题',
  `content` text COMMENT '补充',
  `answer` text NOT NULL COMMENT '答案json字符串',
  `test_type` enum('single','multiple','qa','other') NOT NULL DEFAULT 'other',
  `praise_count` int(11) NOT NULL DEFAULT '0' COMMENT '赞同数',
  `view_count` int(11) NOT NULL DEFAULT '0' COMMENT '浏览人数',
  `collect_count` int(11) NOT NULL DEFAULT '0' COMMENT '收藏数',
  `created_at` timestamp NOT NULL DEFAULT CURRENT_TIMESTAMP,
  `updated_at` timestamp NOT NULL DEFAULT '0000-00-00 00:00:00',
  PRIMARY KEY (`id`),
  KEY `fk_exam_category_idx` (`category_id`),
  KEY `fk_exam_user_idx` (`user_id`)
) ENGINE=MyISAM AUTO_INCREMENT=153 DEFAULT CHARSET=utf8;
/*!40101 SET character_set_client = @saved_cs_client */;

--
-- Dumping data for table `exam`
--

LOCK TABLES `exam` WRITE;
/*!40000 ALTER TABLE `exam` DISABLE KEYS */;
INSERT INTO `exam` VALUES (1,4,9,'收到水电费是收到','水电费收到是是是','[]','qa',0,70,0,'2015-11-18 14:41:40','2015-11-18 14:41:40'),(3,4,9,'鼎折覆餗的是收到','水电费收到收到收到反倒是 是','{\"items\":[\"水电费收到收到四大皆空嘂看来\",\"了吉林省的家乐福的设计费\",\"了圣诞节了\",\"拉近了看涉及\"],\"right\":[1,2]}','multiple',0,23,0,'2015-11-18 15:13:46','2015-11-18 15:13:46'),(4,4,9,'影响力最明显的一种影响性技术是#2','','{\"items\":[\"解释 \",\"自我开放 \",\"指导\",\"内容表达\"],\"right\":[2]}','single',0,20,0,'2015-11-20 13:52:40','2015-11-20 13:52:40'),(7,4,9,'基础知识1（模版）','影响力最明显的一种影响性技术是？','{\"items\":[\"解释\",\"自我开放\",\"指导\",\"内容表达\"],\"right\":[2]}','single',0,35,0,'2015-11-20 14:25:40','2015-11-20 14:25:40'),(9,30,12,'房树人案例1（模版）','<img alt=\"\" src=\"http://\"><img alt=\"\" src=\"http://119.29.11.199:8080//upload/images/be5ee01073cc19c8ad3831160221dbf5.jpg\"><br>','[]','qa',0,38,0,'2016-04-23 08:24:25','2016-04-23 08:24:25'),(10,31,12,'沙盘案例1（模版）','<img alt=\"\"><img alt=\"\" src=\"http://119.29.11.199:8080/upload/images/a2757c8ce045544fcd1559804719fede.jpg\">','[]','qa',0,22,0,'2016-04-23 08:25:07','2016-04-23 08:25:07'),(12,32,12,'共情－案例1（模版）','<span>(求助者，男，23岁)求助者自述：我和女朋友已经相恋半年了，可我父母有不同的意见，我母亲喜欢我女朋友，但我父亲反对我上大学时谈恋爱。我为此很烦恼，书也看不进，晚上经常失眠，不知怎么办好。</span>','[]','qa',0,7,0,'2016-04-23 09:13:17','2016-04-23 09:13:17'),(13,29,12,'重复－案例1（模版）','<span>(求助者，男，23岁)求助者自述：我和女朋友已经相恋半年了，可我父母有不同的意见，我母亲喜欢我女朋友，但我父亲反对我上大学时谈恋爱。我为此很烦恼，书也看不进，晚上经常失眠，不知怎么办好。</span>','[]','qa',0,12,0,'2016-04-23 09:14:02','2016-04-23 09:14:02'),(14,28,12,'具体化－案例1（模版）','(求助者，男，23岁)求助者自述：我和女朋友已经相恋半年了，可我父母有不同的意见，我母亲喜欢我女朋友，但我父亲反对我上大学时谈恋爱。我为此很烦恼，书也看不进，晚上经常失眠，不知怎么办好。','[]','qa',0,14,0,'2016-04-23 09:14:52','2016-04-23 09:14:52'),(15,26,12,'内容反应－案例1（模版）','(求助者，男，23岁)求助者自述：我和女朋友已经相恋半年了，可我父母有不同的意见，我母亲喜欢我女朋友，但我父亲反对我上大学时谈恋爱。我为此很烦恼，书也看不进，晚上经常失眠，不知怎么办好。','[]','qa',0,30,0,'2016-04-23 09:15:34','2016-04-23 09:15:34'),(16,27,12,'情感反应－案例1（模版）','(求助者，男，23岁)求助者自述：我和女朋友已经相恋半年了，可我父母有不同的意见，我母亲喜欢我女朋友，但我父亲反对我上大学时谈恋爱。我为此很烦恼，书也看不进，晚上经常失眠，不知怎么办好。&nbsp; &nbsp;&nbsp;<br>','[]','qa',0,16,0,'2016-04-23 09:16:20','2016-04-23 09:16:20'),(26,27,12,'情感反应—案例2','<span>（一位求助者谈到自己与母亲的关系时）求助者自述:我母亲总是像管小孩一样管我，她不允许我和其他男士交往，有时回来晚了，总是追着我问，又和谁出去吃饭了。她不允许我穿这穿那的，连花钱也要限制我，我实在无法忍受，有时我想这是我的亲妈嘛？</span>','[]','qa',0,2,0,'2016-04-24 05:36:37','2016-04-24 05:36:37'),(27,28,12,'具体化技术—案例2','<span>（一位求助者谈到自己与母亲的关系时）求助者自述:我母亲总是像管小孩一样管我，她不允许我和其他男士交往，有时回来晚了，总是追着我问，又和谁出去吃饭了。她不允许我穿这穿那的，连花钱也要限制我，我实在无法忍受，有时我想这是我的亲妈嘛？</span>','[]','qa',0,3,0,'2016-04-24 05:39:23','2016-04-24 05:39:23'),(28,29,12,'重复技术—案例2','<span>（一位求助者谈到自己与母亲的关系时）求助者自述:我母亲总是像管小孩一样管我，她不允许我和其他男士交往，有时回来晚了，总是追着我问，又和谁出去吃饭了。她不允许我穿这穿那的，连花钱也要限制我，我实在无法忍受，有时我想这是我的亲妈嘛？</span>','[]','qa',0,2,0,'2016-04-24 05:40:17','2016-04-24 05:40:17'),(25,26,12,'内容反应—案例2','（一位求助者谈到自己与母亲的关系时）求助者自述:我母亲总是像管小孩一样管我，她不允许我和其他男士交往，有时回来晚了，总是追着我问，又和谁出去吃饭了。她不允许我穿这穿那的，连花钱也要限制我，我实在无法忍受，有时我想这是我的亲妈嘛？','[]','qa',0,6,0,'2016-04-24 05:34:28','2016-04-24 05:34:28'),(29,32,12,'共情技术—案例2','（一位求助者谈到自己与母亲的关系时）求助者自述:我母亲总是像管小孩一样管我，她不允许我和其他男士交往，有时回来晚了，总是追着我问，又和谁出去吃饭了。她不允许我穿这穿那的，连花钱也要限制我，我实在无法忍受，有时我想这是我的亲妈嘛？','[]','qa',0,2,0,'2016-04-24 05:43:24','2016-04-24 05:43:24'),(30,26,12,'内容反应—案例3','<span>（求助者，男性，22岁，大学毕业生）求助者自述：马上就要毕业了，去了几家大企业，均未被录用。我每天晚上都在想：为什么找不着好工作？是不是因为我的学校不起眼，不是名牌大学？父母以前常说只有名牌大学生才能找到好工作，真后悔当初没有考上名牌大学。我总担心今后找不着好工作，心情也烦躁，焦虑，晚上睡不着，最近一个月也老做噩梦。</span>','[]','qa',0,7,0,'2016-04-24 05:46:37','2016-04-24 05:46:37'),(31,27,12,'情感反应—案例3','<span>（求助者，男性，22岁，大学毕业生）求助者自述：马上就要毕业了，去了几家大企业，均未被录用。我每天晚上都在想：为什么找不着好工作？是不是因为我的学校不起眼，不是名牌大学？父母以前常说只有名牌大学生才能找到好工作，真后悔当初没有考上名牌大学。我总担心今后找不着好工作，心情也烦躁，焦虑，晚上睡不着，最近一个月也老做噩梦。</span>','[]','qa',0,1,0,'2016-04-24 05:47:30','2016-04-24 05:47:30'),(32,28,12,'具体化技术—案例3','<span>（求助者，男性，22岁，大学毕业生）求助者自述：马上就要毕业了，去了几家大企业，均未被录用。我每天晚上都在想：为什么找不着好工作？是不是因为我的学校不起眼，不是名牌大学？父母以前常说只有名牌大学生才能找到好工作，真后悔当初没有考上名牌大学。我总担心今后找不着好工作，心情也烦躁，焦虑，晚上睡不着，最近一个月也老做噩梦。</span>','[]','qa',0,2,0,'2016-04-24 05:48:29','2016-04-24 05:48:29'),(33,29,12,'重复技术—案例3','<span>（求助者，男性，22岁，大学毕业生）求助者自述：马上就要毕业了，去了几家大企业，均未被录用。我每天晚上都在想：为什么找不着好工作？是不是因为我的学校不起眼，不是名牌大学？父母以前常说只有名牌大学生才能找到好工作，真后悔当初没有考上名牌大学。我总担心今后找不着好工作，心情也烦躁，焦虑，晚上睡不着，最近一个月也老做噩梦。</span>','[]','qa',0,0,0,'2016-04-24 05:49:26','2016-04-24 05:49:26'),(34,32,12,'共情技术—案例3','<span>（求助者，男性，22岁，大学毕业生）求助者自述：马上就要毕业了，去了几家大企业，均未被录用。我每天晚上都在想：为什么找不着好工作？是不是因为我的学校不起眼，不是名牌大学？父母以前常说只有名牌大学生才能找到好工作，真后悔当初没有考上名牌大学。我总担心今后找不着好工作，心情也烦躁，焦虑，晚上睡不着，最近一个月也老做噩梦。</span>','[]','qa',0,2,0,'2016-04-24 05:51:15','2016-04-24 05:51:15'),(35,26,12,'内容反应—案例4','<span>（求助者，女性，32岁，大学毕业，已婚，两年前生一子）<span>求助者自述:三个多月前，我偶然发现丈夫有外遇。我想离婚，但离异的姐姐劝我为了孩子就凑合过吧，再说就算离婚也一样找不到真正可依靠的男人。虽然丈夫发誓痛改前非，但我觉得狗还能改得了吃屎？我一天到晚想这事，吃不下，睡不好，最近工作上又出错，受到领导批评，心里很着急，晚上更睡不着了。您看我该怎么办啊？</span></span>','[]','qa',0,5,0,'2016-04-24 05:52:23','2016-04-24 05:52:23'),(36,27,12,'情感反应—案例4','<span>（求助者，女性，32岁，大学毕业，已婚，两年前生一子）<span>求助者自述:三个多月前，我偶然发现丈夫有外遇。我想离婚，但离异的姐姐劝我为了孩子就凑合过吧，再说就算离婚也一样找不到真正可依靠的男人。虽然丈夫发誓痛改前非，但我觉得狗还能改得了吃屎？我一天到晚想这事，吃不下，睡不好，最近工作上又出错，受到领导批评，心里很着急，晚上更睡不着了。您看我该怎么办啊？</span></span>','[]','qa',0,0,0,'2016-04-24 05:54:30','2016-04-24 05:54:30'),(37,28,12,'具体化技术—案例4','<span>（求助者，女性，32岁，大学毕业，已婚，两年前生一子）<span>求助者自述:三个多月前，我偶然发现丈夫有外遇。我想离婚，但离异的姐姐劝我为了孩子就凑合过吧，再说就算离婚也一样找不到真正可依靠的男人。虽然丈夫发誓痛改前非，但我觉得狗还能改得了吃屎？我一天到晚想这事，吃不下，睡不好，最近工作上又出错，受到领导批评，心里很着急，晚上更睡不着了。您看我该怎么办啊？</span></span>','[]','qa',0,1,0,'2016-04-24 05:55:14','2016-04-24 05:55:14'),(38,29,12,'重复技术—案例4','<span>（求助者，女性，32岁，大学毕业，已婚，两年前生一子）<span>求助者自述:三个多月前，我偶然发现丈夫有外遇。我想离婚，但离异的姐姐劝我为了孩子就凑合过吧，再说就算离婚也一样找不到真正可依靠的男人。虽然丈夫发誓痛改前非，但我觉得狗还能改得了吃屎？我一天到晚想这事，吃不下，睡不好，最近工作上又出错，受到领导批评，心里很着急，晚上更睡不着了。您看我该怎么办啊？</span></span>','[]','qa',0,0,0,'2016-04-24 05:55:54','2016-04-24 05:55:54'),(39,32,12,'共情技术—案例4','<span>（求助者，女性，32岁，大学毕业，已婚，两年前生一子）<span>求助者自述:三个多月前，我偶然发现丈夫有外遇。我想离婚，但离异的姐姐劝我为了孩子就凑合过吧，再说就算离婚也一样找不到真正可依靠的男人。虽然丈夫发誓痛改前非，但我觉得狗还能改得了吃屎？我一天到晚想这事，吃不下，睡不好，最近工作上又出错，受到领导批评，心里很着急，晚上更睡不着了。您看我该怎么办啊？</span></span>','[]','qa',0,0,0,'2016-04-24 05:57:48','2016-04-24 05:57:48'),(40,26,12,'内容反应—案例5','<span>（求助者，男性，32岁，已婚，初中毕业。）求助者自述：我在我们县城做化妆品生意有十几年了，原来生意一直挺不错，赚了些钱。全家生活得很幸福。可是两个月前有几个浙江人来我们县城推销化妆品，拼命压价，两个月的价格战已经让我有些承受不了。每当我代销点看到货架上对手的产品十分畅销，而我的产品都成为滞销品时，心里很不是滋味，而且退回的产品临近失效期也不能向厂家退货，损失只能有我承担。我觉得我快被这几个浙江人逼破产了，这一个多月睡不好觉，心烦的要死。</span>','[]','qa',0,5,0,'2016-04-24 05:59:36','2016-04-24 05:59:36'),(41,27,12,'情感反应—案例5','（求助者，男性，32岁，已婚，初中毕业。）求助者自述：我在我们县城做化妆品生意有十几年了，原来生意一直挺不错，赚了些钱。全家生活得很幸福。可是两个月前有几个浙江人来我们县城推销化妆品，拼命压价，两个月的价格战已经让我有些承受不了。每当我代销点看到货架上对手的产品十分畅销，而我的产品都成为滞销品时，心里很不是滋味，而且退回的产品临近失效期也不能向厂家退货，损失只能有我承担。我觉得我快被这几个浙江人逼破产了，这一个多月睡不好觉，心烦的要死。','[]','qa',0,0,0,'2016-04-24 06:00:19','2016-04-24 06:00:19'),(42,28,12,'具体化技术—案例5','<span>（求助者，男性，32岁，已婚，初中毕业。）求助者自述：我在我们县城做化妆品生意有十几年了，原来生意一直挺不错，赚了些钱。全家生活得很幸福。可是两个月前有几个浙江人来我们县城推销化妆品，拼命压价，两个月的价格战已经让我有些承受不了。每当我代销点看到货架上对手的产品十分畅销，而我的产品都成为滞销品时，心里很不是滋味，而且退回的产品临近失效期也不能向厂家退货，损失只能有我承担。我觉得我快被这几个浙江人逼破产了，这一个多月睡不好觉，心烦的要死。</span>','[]','qa',0,2,0,'2016-04-24 06:04:33','2016-04-24 06:04:33'),(43,29,12,'重复技术—案例5','（求助者，男性，32岁，已婚，初中毕业。）求助者自述：我在我们县城做化妆品生意有十几年了，原来生意一直挺不错，赚了些钱。全家生活得很幸福。可是两个月前有几个浙江人来我们县城推销化妆品，拼命压价，两个月的价格战已经让我有些承受不了。每当我代销点看到货架上对手的产品十分畅销，而我的产品都成为滞销品时，心里很不是滋味，而且退回的产品临近失效期也不能向厂家退货，损失只能有我承担。我觉得我快被这几个浙江人逼破产了，这一个多月睡不好觉，心烦的要死。','[]','qa',0,0,0,'2016-04-24 06:05:15','2016-04-24 06:05:15'),(44,32,12,'共情技术—案例5','<span>（求助者，男性，32岁，已婚，初中毕业。）求助者自述：我在我们县城做化妆品生意有十几年了，原来生意一直挺不错，赚了些钱。全家生活得很幸福。可是两个月前有几个浙江人来我们县城推销化妆品，拼命压价，两个月的价格战已经让我有些承受不了。每当我代销点看到货架上对手的产品十分畅销，而我的产品都成为滞销品时，心里很不是滋味，而且退回的产品临近失效期也不能向厂家退货，损失只能有我承担。我觉得我快被这几个浙江人逼破产了，这一个多月睡不好觉，心烦的要死。</span>','[]','qa',0,0,0,'2016-04-24 06:06:46','2016-04-24 06:06:46'),(45,26,12,'内容反应—案例6','<span>（求助者，男性，30岁，未婚，某大学化学系毕业，在某家私企上班)<span>求助者自述：我每天都是做化验，写报告，全都是重复劳动，没什么创新性，也没什么\"外快\"。我的那些同学做生意很赚钱，房子、车子都买了，相比之下，我真有点寒酸，至今连对象都没得。我想换个工作，但觉得起步很难；想考研究生，自己英语又不行。现在甚至想去摸彩票，兴许能碰上好运。唉，真是很苦恼啊！</span></span>','[]','qa',0,5,0,'2016-04-24 06:07:40','2016-04-24 06:07:40'),(46,27,12,'情感反应—案例6','<span>（求助者，男性，30岁，未婚，某大学化学系毕业，在某家私企上班)<span>求助者自述：我每天都是做化验，写报告，全都是重复劳动，没什么创新性，也没什么\"外快\"。我的那些同学做生意很赚钱，房子、车子都买了，相比之下，我真有点寒酸，至今连对象都没得。我想换个工作，但觉得起步很难；想考研究生，自己英语又不行。现在甚至想去摸彩票，兴许能碰上好运。唉，真是很苦恼啊！</span></span>','[]','qa',0,0,0,'2016-04-24 06:08:26','2016-04-24 06:08:26'),(47,28,12,'具体化技术—案例6','<span>（求助者，男性，30岁，未婚，某大学化学系毕业，在某家私企上班)<span>求助者自述：我每天都是做化验，写报告，全都是重复劳动，没什么创新性，也没什么\"外快\"。我的那些同学做生意很赚钱，房子、车子都买了，相比之下，我真有点寒酸，至今连对象都没得。我想换个工作，但觉得起步很难；想考研究生，自己英语又不行。现在甚至想去摸彩票，兴许能碰上好运。唉，真是很苦恼啊！</span></span>','[]','qa',0,2,0,'2016-04-24 06:09:11','2016-04-24 06:09:11'),(48,29,12,'重复技术—案例6','<span>（求助者，男性，30岁，未婚，某大学化学系毕业，在某家私企上班)<span>求助者自述：我每天都是做化验，写报告，全都是重复劳动，没什么创新性，也没什么\"外快\"。我的那些同学做生意很赚钱，房子、车子都买了，相比之下，我真有点寒酸，至今连对象都没得。我想换个工作，但觉得起步很难；想考研究生，自己英语又不行。现在甚至想去摸彩票，兴许能碰上好运。唉，真是很苦恼啊！</span></span>','[]','qa',0,0,0,'2016-04-24 06:09:50','2016-04-24 06:09:50'),(49,32,12,'共情技术—案例6','<span>（求助者，男性，30岁，未婚，某大学化学系毕业，在某家私企上班)<span>求助者自述：我每天都是做化验，写报告，全都是重复劳动，没什么创新性，也没什么\"外快\"。我的那些同学做生意很赚钱，房子、车子都买了，相比之下，我真有点寒酸，至今连对象都没得。我想换个工作，但觉得起步很难；想考研究生，自己英语又不行。现在甚至想去摸彩票，兴许能碰上好运。唉，真是很苦恼啊！</span></span>','[]','qa',0,0,0,'2016-04-24 06:11:05','2016-04-24 06:11:05'),(50,26,12,'内容反应—案例7','<span>（求助者，家中长子，初中毕业，赚钱供弟弟妹妹读书）求助者自述：父母亲去世后，留下来一套房子，我是长子，对家庭贡献最大，遗产自然应该由我继承，弟弟妹妹凭什么来和我争，我为他们付出了多少啊？你评评理，这能怨我吗？</span>','[]','qa',0,6,0,'2016-04-24 06:12:18','2016-04-24 06:12:18'),(51,27,12,'情感反应—案例7','<span>（求助者，家中长子，初中毕业，赚钱供弟弟妹妹读书）求助者自述：父母亲去世后，留下来一套房子，我是长子，对家庭贡献最大，遗产自然应该由我继承，弟弟妹妹凭什么来和我争，我为他们付出了多少啊？你评评理，这能怨我吗？</span>','[]','qa',0,0,0,'2016-04-24 06:13:01','2016-04-24 06:13:01'),(52,28,12,'具体化技术—案例7','<span>（求助者，家中长子，初中毕业，赚钱供弟弟妹妹读书）求助者自述：父母亲去世后，留下来一套房子，我是长子，对家庭贡献最大，遗产自然应该由我继承，弟弟妹妹凭什么来和我争，我为他们付出了多少啊？你评评理，这能怨我吗？</span>','[]','qa',0,2,0,'2016-04-24 06:14:01','2016-04-24 06:14:01'),(53,29,12,'重复技术—案例7','<span>（求助者，家中长子，初中毕业，赚钱供弟弟妹妹读书）求助者自述：父母亲去世后，留下来一套房子，我是长子，对家庭贡献最大，遗产自然应该由我继承，弟弟妹妹凭什么来和我争，我为他们付出了多少啊？你评评理，这能怨我吗？</span>','[]','qa',0,1,0,'2016-04-24 06:14:39','2016-04-24 06:14:39'),(54,32,12,'共情技术—案例7','<span>（求助者，家中长子，初中毕业，赚钱供弟弟妹妹读书）求助者自述：父母亲去世后，留下来一套房子，我是长子，对家庭贡献最大，遗产自然应该由我继承，弟弟妹妹凭什么来和我争，我为他们付出了多少啊？你评评理，这能怨我吗？</span>','[]','qa',0,0,0,'2016-04-24 06:16:00','2016-04-24 06:16:00'),(55,26,12,'内容反应—案例8','（求助者，女，36岁，一个月前发现丈夫有外遇）求助者自述：我发现这件事后，首先想到的是离婚，可离婚就成全了那对狗男女。有时我也想，离婚了孩子也会有缺爹少娘的痛苦，我也想过为了孩子凑合过，可我看着他实在痛苦，他一回来我就想他肯定是找那个女人去了。我又想还是离婚吧，可离婚有离婚的难处，为了安心带孩子，我自己早就辞职了，现在到哪儿找工作啊，离婚后生活怎么办啊？','[]','qa',0,3,0,'2016-04-24 06:16:46','2016-04-24 06:16:46'),(56,27,12,'情感反应—案例8','<span>（求助者，女，36岁，一个月前发现丈夫有外遇）求助者自述：我发现这件事后，首先想到的是离婚，可离婚就成全了那对狗男女。有时我也想，离婚了孩子也会有缺爹少娘的痛苦，我也想过为了孩子凑合过，可我看着他实在痛苦，他一回来我就想他肯定是找那个女人去了。我又想还是离婚吧，可离婚有离婚的难处，为了安心带孩子，我自己早就辞职了，现在到哪儿找工作啊，离婚后生活怎么办啊？</span>','[]','qa',0,0,0,'2016-04-24 06:17:59','2016-04-24 06:17:59'),(57,28,12,'具体化技术—案例8','<span>（求助者，女，36岁，一个月前发现丈夫有外遇）求助者自述：我发现这件事后，首先想到的是离婚，可离婚就成全了那对狗男女。有时我也想，离婚了孩子也会有缺爹少娘的痛苦，我也想过为了孩子凑合过，可我看着他实在痛苦，他一回来我就想他肯定是找那个女人去了。我又想还是离婚吧，可离婚有离婚的难处，为了安心带孩子，我自己早就辞职了，现在到哪儿找工作啊，离婚后生活怎么办啊？</span>','[]','qa',0,2,0,'2016-04-24 06:18:34','2016-04-24 06:18:34'),(58,29,12,'重复技术—案例8','（求助者，女，36岁，一个月前发现丈夫有外遇）求助者自述：我发现这件事后，首先想到的是离婚，可离婚就成全了那对狗男女。有时我也想，离婚了孩子也会有缺爹少娘的痛苦，我也想过为了孩子凑合过，可我看着他实在痛苦，他一回来我就想他肯定是找那个女人去了。我又想还是离婚吧，可离婚有离婚的难处，为了安心带孩子，我自己早就辞职了，现在到哪儿找工作啊，离婚后生活怎么办啊？','[]','qa',0,0,0,'2016-04-24 06:19:11','2016-04-24 06:19:11'),(59,32,12,'共情技术—案例8','<span>（求助者，女，36岁，一个月前发现丈夫有外遇）求助者自述：我发现这件事后，首先想到的是离婚，可离婚就成全了那对狗男女。有时我也想，离婚了孩子也会有缺爹少娘的痛苦，我也想过为了孩子凑合过，可我看着他实在痛苦，他一回来我就想他肯定是找那个女人去了。我又想还是离婚吧，可离婚有离婚的难处，为了安心带孩子，我自己早就辞职了，现在到哪儿找工作啊，离婚后生活怎么办啊？</span>','[]','qa',0,2,0,'2016-04-24 06:20:07','2016-04-24 06:20:07'),(60,26,12,'内容反应—案例9','<span>（求助者，女，19岁，大一）求助者自述：我们寝室有个女生和我过不去，处处挑我的错，背后讲我的坏话，挑拨我和其他同学的关系，每天都叨叨，说我晚上睡觉翻身声音太大把她吵醒了，早上闹铃又把她吵醒了，每天都讲，我现在晚上睡觉都不敢放心睡了，每天回到寝室看到她就觉得烦死了。</span>','[]','qa',0,4,0,'2016-04-24 06:21:05','2016-04-24 06:21:05'),(61,27,12,'情感反应—案例9','<span>（求助者，女，19岁，大一）求助者自述：我们寝室有个女生和我过不去，处处挑我的错，背后讲我的坏话，挑拨我和其他同学的关系，每天都叨叨，说我晚上睡觉翻身声音太大把她吵醒了，早上闹铃又把她吵醒了，每天都讲，我现在晚上睡觉都不敢放心睡了，每天回到寝室看到她就觉得烦死了。</span>','[]','qa',0,0,0,'2016-04-24 06:22:10','2016-04-24 06:22:10'),(62,28,12,'具体化技术—案例9','（求助者，女，19岁，大一）求助者自述：我们寝室有个女生和我过不去，处处挑我的错，背后讲我的坏话，挑拨我和其他同学的关系，每天都叨叨，说我晚上睡觉翻身声音太大把她吵醒了，早上闹铃又把她吵醒了，每天都讲，我现在晚上睡觉都不敢放心睡了，每天回到寝室看到她就觉得烦死了。','[]','qa',0,2,0,'2016-04-24 06:22:54','2016-04-24 06:22:54'),(63,29,12,'重复技术—案例9','<span>（求助者，女，19岁，大一）求助者自述：我们寝室有个女生和我过不去，处处挑我的错，背后讲我的坏话，挑拨我和其他同学的关系，每天都叨叨，说我晚上睡觉翻身声音太大把她吵醒了，早上闹铃又把她吵醒了，每天都讲，我现在晚上睡觉都不敢放心睡了，每天回到寝室看到她就觉得烦死了。</span>','[]','qa',0,0,0,'2016-04-24 06:23:35','2016-04-24 06:23:35'),(64,32,12,'共情技术—案例9','（求助者，女，19岁，大一）求助者自述：我们寝室有个女生和我过不去，处处挑我的错，背后讲我的坏话，挑拨我和其他同学的关系，每天都叨叨，说我晚上睡觉翻身声音太大把她吵醒了，早上闹铃又把她吵醒了，每天都讲，我现在晚上睡觉都不敢放心睡了，每天回到寝室看到她就觉得烦死了。','[]','qa',0,1,0,'2016-04-24 06:24:53','2016-04-24 06:24:53'),(65,26,12,'内容反应—案例10','<span>（咨询师，女，26岁，实习医生）求助者自述：两周以前，我的老师给一个脑胶质瘤的患者开了中药，我用电脑录入处方时，不小心把生天南星的剂量写多了一倍，事后我也检查出来了，但是我又怕我告诉老师后，被老师骂连这点小事都做不好，就没有说，但是我特别担心病人如果出事怎么办啊，我天天都在等那个病人来复诊，晚上还做噩梦，梦见那个病人死了，家里人来医院闹事。</span>','[]','qa',0,3,0,'2016-04-24 06:26:32','2016-04-24 06:26:32'),(66,27,12,'情感反应—案例10','（咨询师，女，26岁，实习医生）求助者自述：两周以前，我的老师给一个脑胶质瘤的患者开了中药，我用电脑录入处方时，不小心把生天南星的剂量写多了一倍，事后我也检查出来了，但是我又怕我告诉老师后，被老师骂连这点小事都做不好，就没有说，但是我特别担心病人如果出事怎么办啊，我天天都在等那个病人来复诊，晚上还做噩梦，梦见那个病人死了，家里人来医院闹事。','[]','qa',0,0,0,'2016-04-24 06:27:18','2016-04-24 06:27:18'),(67,28,12,'具体化技术—案例10','（咨询师，女，26岁，实习医生）求助者自述：两周以前，我的老师给一个脑胶质瘤的患者开了中药，我用电脑录入处方时，不小心把生天南星的剂量写多了一倍，事后我也检查出来了，但是我又怕我告诉老师后，被老师骂连这点小事都做不好，就没有说，但是我特别担心病人如果出事怎么办啊，我天天都在等那个病人来复诊，晚上还做噩梦，梦见那个病人死了，家里人来医院闹事。','[]','qa',0,3,0,'2016-04-24 06:28:22','2016-04-24 06:28:22'),(68,29,12,'重复技术—案例10','<span>（咨询师，女，26岁，实习医生）求助者自述：两周以前，我的老师给一个脑胶质瘤的患者开了中药，我用电脑录入处方时，不小心把生天南星的剂量写多了一倍，事后我也检查出来了，但是我又怕我告诉老师后，被老师骂连这点小事都做不好，就没有说，但是我特别担心病人如果出事怎么办啊，我天天都在等那个病人来复诊，晚上还做噩梦，梦见那个病人死了，家里人来医院闹事。</span>','[]','qa',0,0,0,'2016-04-24 06:29:38','2016-04-24 06:29:38'),(69,32,12,'共情技术—案例10','<span>（咨询师，女，26岁，实习医生）求助者自述：两周以前，我的老师给一个脑胶质瘤的患者开了中药，我用电脑录入处方时，不小心把生天南星的剂量写多了一倍，事后我也检查出来了，但是我又怕我告诉老师后，被老师骂连这点小事都做不好，就没有说，但是我特别担心病人如果出事怎么办啊，我天天都在等那个病人来复诊，晚上还做噩梦，梦见那个病人死了，家里人来医院闹事。</span>','[]','qa',0,1,0,'2016-04-24 06:31:21','2016-04-24 06:31:21'),(70,26,12,'内容反应—案例11','<span>（求助者，男，高二）求助者自述：课改之后，学校推行小组学习，我在我们小组里面成绩算中等的吧，每次老师布置小组任务的时候，我为了调节气氛就随便讲几个笑话，可是我的组员们不但不笑，还觉得我浮躁不负责任，不信任我，虽然我每次都把自己分配的任务做的很好，可他们每次光反复说我，要我好好做事。那些真正敷衍了事的不苟言笑的人他们反而不说，难道我就给人这种不负责任的印象？我绝对不是那种人啊。</span>','[]','qa',0,2,0,'2016-04-24 07:06:05','2016-04-24 07:06:05'),(71,27,12,'情感反应—案例11','<span>（求助者，男，高二）求助者自述：课改之后，学校推行小组学习，我在我们小组里面成绩算中等的吧，每次老师布置小组任务的时候，我为了调节气氛就随便讲几个笑话，可是我的组员们不但不笑，还觉得我浮躁不负责任，不信任我，虽然我每次都把自己分配的任务做的很好，可他们每次光反复说我，要我好好做事。那些真正敷衍了事的不苟言笑的人他们反而不说，难道我就给人这种不负责任的印象？我绝对不是那种人啊。</span>','[]','qa',0,1,0,'2016-04-24 07:06:51','2016-04-24 07:06:51'),(72,28,12,'具体化技术—案例11','<span>（求助者，男，高二）求助者自述：课改之后，学校推行小组学习，我在我们小组里面成绩算中等的吧，每次老师布置小组任务的时候，我为了调节气氛就随便讲几个笑话，可是我的组员们不但不笑，还觉得我浮躁不负责任，不信任我，虽然我每次都把自己分配的任务做的很好，可他们每次光反复说我，要我好好做事。那些真正敷衍了事的不苟言笑的人他们反而不说，难道我就给人这种不负责任的印象？我绝对不是那种人啊。</span>','[]','qa',0,3,0,'2016-04-24 07:07:45','2016-04-24 07:07:45'),(73,29,12,'重复技术—案例11','<span>（求助者，男，高二）求助者自述：课改之后，学校推行小组学习，我在我们小组里面成绩算中等的吧，每次老师布置小组任务的时候，我为了调节气氛就随便讲几个笑话，可是我的组员们不但不笑，还觉得我浮躁不负责任，不信任我，虽然我每次都把自己分配的任务做的很好，可他们每次光反复说我，要我好好做事。那些真正敷衍了事的不苟言笑的人他们反而不说，难道我就给人这种不负责任的印象？我绝对不是那种人啊。</span>','[]','qa',0,0,0,'2016-04-24 07:08:36','2016-04-24 07:08:36'),(74,32,12,'共情技术—案例11','<span>（求助者，男，高二）求助者自述：课改之后，学校推行小组学习，我在我们小组里面成绩算中等的吧，每次老师布置小组任务的时候，我为了调节气氛就随便讲几个笑话，可是我的组员们不但不笑，还觉得我浮躁不负责任，不信任我，虽然我每次都把自己分配的任务做的很好，可他们每次光反复说我，要我好好做事。那些真正敷衍了事的不苟言笑的人他们反而不说，难道我就给人这种不负责任的印象？我绝对不是那种人啊。</span>','[]','qa',0,1,0,'2016-04-24 07:10:02','2016-04-24 07:10:02'),(75,26,12,'内容反应—案例12','（求助者，女，17岁，高二学生，身高156cm，体重52kg）求助者自述：一个多月前，下课和同学开玩笑，同学嘲笑我又矮又胖，长得像芙蓉姐姐。周围的同学都哈哈大笑。我当时特别尴尬，内心很痛苦，也觉得自己真的不怎么样。每天都照镜子好久，越看越觉得自己差劲，晚上睡不好，白天没精神，和同学的关系也疏远了，总觉得同学在嘲笑自己的身材，家长老师都不理解，好苦恼啊。','[]','qa',0,2,0,'2016-04-24 07:10:45','2016-04-24 07:10:45'),(76,27,12,'情感反应—案例12','<span>（求助者，女，17岁，高二学生，身高156cm，体重52kg）求助者自述：一个多月前，下课和同学开玩笑，同学嘲笑我又矮又胖，长得像芙蓉姐姐。周围的同学都哈哈大笑。我当时特别尴尬，内心很痛苦，也觉得自己真的不怎么样。每天都照镜子好久，越看越觉得自己差劲，晚上睡不好，白天没精神，和同学的关系也疏远了，总觉得同学在嘲笑自己的身材，家长老师都不理解，好苦恼啊。</span>','[]','qa',0,0,0,'2016-04-24 07:11:32','2016-04-24 07:11:32'),(77,28,12,'具体化技术—案例12','<span>（求助者，女，17岁，高二学生，身高156cm，体重52kg）求助者自述：一个多月前，下课和同学开玩笑，同学嘲笑我又矮又胖，长得像芙蓉姐姐。周围的同学都哈哈大笑。我当时特别尴尬，内心很痛苦，也觉得自己真的不怎么样。每天都照镜子好久，越看越觉得自己差劲，晚上睡不好，白天没精神，和同学的关系也疏远了，总觉得同学在嘲笑自己的身材，家长老师都不理解，好苦恼啊。</span>','[]','qa',0,2,0,'2016-04-24 07:12:44','2016-04-24 07:12:44'),(78,29,12,'重复技术—案例12','<span>（求助者，女，17岁，高二学生，身高156cm，体重52kg）求助者自述：一个多月前，下课和同学开玩笑，同学嘲笑我又矮又胖，长得像芙蓉姐姐。周围的同学都哈哈大笑。我当时特别尴尬，内心很痛苦，也觉得自己真的不怎么样。每天都照镜子好久，越看越觉得自己差劲，晚上睡不好，白天没精神，和同学的关系也疏远了，总觉得同学在嘲笑自己的身材，家长老师都不理解，好苦恼啊。</span>','[]','qa',0,0,0,'2016-04-24 07:13:26','2016-04-24 07:13:26'),(79,32,12,'共情技术—案例12','<span>（求助者，女，17岁，高二学生，身高156cm，体重52kg）求助者自述：一个多月前，下课和同学开玩笑，同学嘲笑我又矮又胖，长得像芙蓉姐姐。周围的同学都哈哈大笑。我当时特别尴尬，内心很痛苦，也觉得自己真的不怎么样。每天都照镜子好久，越看越觉得自己差劲，晚上睡不好，白天没精神，和同学的关系也疏远了，总觉得同学在嘲笑自己的身材，家长老师都不理解，好苦恼啊。</span>','[]','qa',0,1,0,'2016-04-24 07:14:41','2016-04-24 07:14:41'),(80,26,12,'内容反应—案例13','<span>（求助者，男，22岁，大三）求助者自述：现在都大三了，必须为自己的前途做考虑了，周围的同学要考研的已经在准备了，要工作的也都在找实习单位，我是想考研的，可是我了解自己，我没有自制力，做事又拖延，不到最后关头我就一直玩别的事情，就是不想做正事，自己也很苦恼，可就是改不过来，我真怕这个毛病把我的考研给毁了。</span>','[]','qa',0,1,0,'2016-04-24 07:15:29','2016-04-24 07:15:29'),(81,27,12,'情感反应—案例13','<span>（求助者，男，22岁，大三）求助者自述：现在都大三了，必须为自己的前途做考虑了，周围的同学要考研的已经在准备了，要工作的也都在找实习单位，我是想考研的，可是我了解自己，我没有自制力，做事又拖延，不到最后关头我就一直玩别的事情，就是不想做正事，自己也很苦恼，可就是改不过来，我真怕这个毛病把我的考研给毁了。</span>','[]','qa',0,0,0,'2016-04-24 07:16:10','2016-04-24 07:16:10'),(82,28,12,'具体化技术—案例13','<span>（求助者，男，22岁，大三）求助者自述：现在都大三了，必须为自己的前途做考虑了，周围的同学要考研的已经在准备了，要工作的也都在找实习单位，我是想考研的，可是我了解自己，我没有自制力，做事又拖延，不到最后关头我就一直玩别的事情，就是不想做正事，自己也很苦恼，可就是改不过来，我真怕这个毛病把我的考研给毁了。</span>','[]','qa',0,2,0,'2016-04-24 07:17:00','2016-04-24 07:17:00'),(83,29,12,'重复技术—案例13','<span>（求助者，男，22岁，大三）求助者自述：现在都大三了，必须为自己的前途做考虑了，周围的同学要考研的已经在准备了，要工作的也都在找实习单位，我是想考研的，可是我了解自己，我没有自制力，做事又拖延，不到最后关头我就一直玩别的事情，就是不想做正事，自己也很苦恼，可就是改不过来，我真怕这个毛病把我的考研给毁了。</span>','[]','qa',0,0,0,'2016-04-24 07:17:48','2016-04-24 07:17:48'),(84,32,12,'共情技术—案例13','<span>（求助者，男，22岁，大三）求助者自述：现在都大三了，必须为自己的前途做考虑了，周围的同学要考研的已经在准备了，要工作的也都在找实习单位，我是想考研的，可是我了解自己，我没有自制力，做事又拖延，不到最后关头我就一直玩别的事情，就是不想做正事，自己也很苦恼，可就是改不过来，我真怕这个毛病把我的考研给毁了。</span>','[]','qa',0,0,0,'2016-04-24 07:18:58','2016-04-24 07:18:58'),(85,26,12,'内容反应—案例14','<span>（求助者，女，21岁，餐馆服务员）求助者自述：我干这个工作有两三个月了，工资什么的也都还可以，就是我的那些同事，男的女的说话都特别开放，他们知道我还没有男朋友，就想撮合我和一个跟厨师打下手的男生，开我们俩的玩笑，而且那个男生竟然还附和他们，我跟他真的什么关系也没有，我比较内向，开不起这样的玩笑，可能脸色也不好看，久而久之，和同事的关系也比较紧张，我也不知道怎么办才好。</span>','[]','qa',0,1,0,'2016-04-24 07:20:12','2016-04-24 07:20:12'),(86,27,12,'情感反应—案例14','<span>（求助者，女，21岁，餐馆服务员）求助者自述：我干这个工作有两三个月了，工资什么的也都还可以，就是我的那些同事，男的女的说话都特别开放，他们知道我还没有男朋友，就想撮合我和一个跟厨师打下手的男生，开我们俩的玩笑，而且那个男生竟然还附和他们，我跟他真的什么关系也没有，我比较内向，开不起这样的玩笑，可能脸色也不好看，久而久之，和同事的关系也比较紧张，我也不知道怎么办才好。</span>','[]','qa',0,0,0,'2016-04-24 07:20:53','2016-04-24 07:20:53'),(87,28,12,'具体化技术—案例14','<span>（求助者，女，21岁，餐馆服务员）求助者自述：我干这个工作有两三个月了，工资什么的也都还可以，就是我的那些同事，男的女的说话都特别开放，他们知道我还没有男朋友，就想撮合我和一个跟厨师打下手的男生，开我们俩的玩笑，而且那个男生竟然还附和他们，我跟他真的什么关系也没有，我比较内向，开不起这样的玩笑，可能脸色也不好看，久而久之，和同事的关系也比较紧张，我也不知道怎么办才好。</span>','[]','qa',0,1,0,'2016-04-24 07:21:55','2016-04-24 07:21:55'),(88,29,12,'重复技术—案例14','（求助者，女，21岁，餐馆服务员）求助者自述：我干这个工作有两三个月了，工资什么的也都还可以，就是我的那些同事，男的女的说话都特别开放，他们知道我还没有男朋友，就想撮合我和一个跟厨师打下手的男生，开我们俩的玩笑，而且那个男生竟然还附和他们，我跟他真的什么关系也没有，我比较内向，开不起这样的玩笑，可能脸色也不好看，久而久之，和同事的关系也比较紧张，我也不知道怎么办才好。','[]','qa',0,0,0,'2016-04-24 07:22:31','2016-04-24 07:22:31'),(89,32,12,'共情技术—案例14','<span>（求助者，女，21岁，餐馆服务员）求助者自述：我干这个工作有两三个月了，工资什么的也都还可以，就是我的那些同事，男的女的说话都特别开放，他们知道我还没有男朋友，就想撮合我和一个跟厨师打下手的男生，开我们俩的玩笑，而且那个男生竟然还附和他们，我跟他真的什么关系也没有，我比较内向，开不起这样的玩笑，可能脸色也不好看，久而久之，和同事的关系也比较紧张，我也不知道怎么办才好。</span>','[]','qa',0,0,0,'2016-04-24 07:23:49','2016-04-24 07:23:49'),(90,26,12,'内容反应—案例15','<span>（求助者，女，29岁，某杂志编辑）求助者自述：我和我男朋友是在工作时认识的，他给我们杂志提供过照片，之后就慢慢熟悉了。我比他大两岁，生活中可能我照顾他多一点，他也很依赖我，我觉得我们感情一直不错。可是这都快三年了，他就这样一直不温不火，我暗示过他结婚的事，可是他一点表示也没有，我也不知道他心里到底怎么想的，我挺想结婚的，可现在看来他不这么像，我觉得我等不起了，我真的要放弃这段感情吗？</span>','[]','qa',0,1,0,'2016-04-24 07:24:42','2016-04-24 07:24:42'),(91,27,12,'情感反应—案例15','<span>（求助者，女，29岁，某杂志编辑）求助者自述：我和我男朋友是在工作时认识的，他给我们杂志提供过照片，之后就慢慢熟悉了。我比他大两岁，生活中可能我照顾他多一点，他也很依赖我，我觉得我们感情一直不错。可是这都快三年了，他就这样一直不温不火，我暗示过他结婚的事，可是他一点表示也没有，我也不知道他心里到底怎么想的，我挺想结婚的，可现在看来他不这么像，我觉得我等不起了，我真的要放弃这段感情吗？</span>','[]','qa',0,0,0,'2016-04-24 07:25:21','2016-04-24 07:25:21'),(92,28,12,'具体化技术—案例15','<span>（求助者，女，29岁，某杂志编辑）求助者自述：我和我男朋友是在工作时认识的，他给我们杂志提供过照片，之后就慢慢熟悉了。我比他大两岁，生活中可能我照顾他多一点，他也很依赖我，我觉得我们感情一直不错。可是这都快三年了，他就这样一直不温不火，我暗示过他结婚的事，可是他一点表示也没有，我也不知道他心里到底怎么想的，我挺想结婚的，可现在看来他不这么像，我觉得我等不起了，我真的要放弃这段感情吗？</span>','[]','qa',0,1,0,'2016-04-24 07:26:56','2016-04-24 07:26:56'),(93,29,12,'重复技术—案例15','<span>（求助者，女，29岁，某杂志编辑）求助者自述：我和我男朋友是在工作时认识的，他给我们杂志提供过照片，之后就慢慢熟悉了。我比他大两岁，生活中可能我照顾他多一点，他也很依赖我，我觉得我们感情一直不错。可是这都快三年了，他就这样一直不温不火，我暗示过他结婚的事，可是他一点表示也没有，我也不知道他心里到底怎么想的，我挺想结婚的，可现在看来他不这么像，我觉得我等不起了，我真的要放弃这段感情吗？</span>','[]','qa',0,0,0,'2016-04-24 07:27:39','2016-04-24 07:27:39'),(94,32,12,'共情技术—案例15','<span>（求助者，女，29岁，某杂志编辑）求助者自述：我和我男朋友是在工作时认识的，他给我们杂志提供过照片，之后就慢慢熟悉了。我比他大两岁，生活中可能我照顾他多一点，他也很依赖我，我觉得我们感情一直不错。可是这都快三年了，他就这样一直不温不火，我暗示过他结婚的事，可是他一点表示也没有，我也不知道他心里到底怎么想的，我挺想结婚的，可现在看来他不这么像，我觉得我等不起了，我真的要放弃这段感情吗？</span>','[]','qa',0,0,0,'2016-04-24 07:28:52','2016-04-24 07:28:52'),(95,26,12,'内容反应—案例16','<span>（求助者，女，28岁）求助者自述：我跟我丈夫结婚一年了，我们是在读研时恋爱的，当时觉得他有一点没主见，觉得也没什么。谁知结婚后到他父母的城市定居后，才知道他就是什么都听他妈的，根本就不听我的想法，买了房子后，我说我们装地暖比较舒适，可他妈说装暖气更暖和，还说好多地暖半天温度都上不来，于是我丈夫就要装暖气，我气死了，这是我俩的家，凭什么就没我说话的份，我看这日子迟早过不下去，都听他妈的吧。</span>','[]','qa',0,0,0,'2016-04-24 07:30:00','2016-04-24 07:30:00'),(96,27,12,'情感反应—案例16','<span>（求助者，女，28岁）求助者自述：我跟我丈夫结婚一年了，我们是在读研时恋爱的，当时觉得他有一点没主见，觉得也没什么。谁知结婚后到他父母的城市定居后，才知道他就是什么都听他妈的，根本就不听我的想法，买了房子后，我说我们装地暖比较舒适，可他妈说装暖气更暖和，还说好多地暖半天温度都上不来，于是我丈夫就要装暖气，我气死了，这是我俩的家，凭什么就没我说话的份，我看这日子迟早过不下去，都听他妈的吧。</span>','[]','qa',0,0,0,'2016-04-24 07:30:44','2016-04-24 07:30:44'),(97,28,12,'具体化技术—案例16','<span>（求助者，女，28岁）求助者自述：我跟我丈夫结婚一年了，我们是在读研时恋爱的，当时觉得他有一点没主见，觉得也没什么。谁知结婚后到他父母的城市定居后，才知道他就是什么都听他妈的，根本就不听我的想法，买了房子后，我说我们装地暖比较舒适，可他妈说装暖气更暖和，还说好多地暖半天温度都上不来，于是我丈夫就要装暖气，我气死了，这是我俩的家，凭什么就没我说话的份，我看这日子迟早过不下去，都听他妈的吧。</span>','[]','qa',0,1,0,'2016-04-24 07:31:34','2016-04-24 07:31:34'),(98,29,12,'重复技术—案例16','<span>（求助者，女，28岁）求助者自述：我跟我丈夫结婚一年了，我们是在读研时恋爱的，当时觉得他有一点没主见，觉得也没什么。谁知结婚后到他父母的城市定居后，才知道他就是什么都听他妈的，根本就不听我的想法，买了房子后，我说我们装地暖比较舒适，可他妈说装暖气更暖和，还说好多地暖半天温度都上不来，于是我丈夫就要装暖气，我气死了，这是我俩的家，凭什么就没我说话的份，我看这日子迟早过不下去，都听他妈的吧。</span>','[]','qa',0,0,0,'2016-04-24 07:32:15','2016-04-24 07:32:15'),(99,32,12,'共情技术—案例16','<span>（求助者，女，28岁）求助者自述：我跟我丈夫结婚一年了，我们是在读研时恋爱的，当时觉得他有一点没主见，觉得也没什么。谁知结婚后到他父母的城市定居后，才知道他就是什么都听他妈的，根本就不听我的想法，买了房子后，我说我们装地暖比较舒适，可他妈说装暖气更暖和，还说好多地暖半天温度都上不来，于是我丈夫就要装暖气，我气死了，这是我俩的家，凭什么就没我说话的份，我看这日子迟早过不下去，都听他妈的吧。</span>','[]','qa',0,0,0,'2016-04-24 07:33:14','2016-04-24 07:33:14'),(100,26,12,'内容反应—案例17','<span>（求助者，女，13岁）求助者母亲说：我女儿以前挺活泼的，我对她管的比较松，希望她快乐成长。她十二岁的时候，我有一次出差就把她送去姥爷那里住，过两天去接她的时候就觉得不对劲，问她也不说，后来她舅妈告诉我，家里那天正好招待几个客人，我女儿吃饭时不小心把汤打翻了，她姥爷好面子，就冷着脸把女儿拎出去训了一顿。我知道我女儿其实心里跟我一样挺敏感的，就想着法子哄她开心。可是她从那以后再也不去外面吃饭了，家里来了客人就躲在房间里不出来吃饭，越来越孤僻了，我心里也特别难受，这个情况您看该怎么办啊？</span>','[]','qa',0,0,0,'2016-04-24 07:34:21','2016-04-24 07:34:21'),(101,27,12,'情感反应—案例17','<span>（求助者，女，13岁）求助者母亲说：我女儿以前挺活泼的，我对她管的比较松，希望她快乐成长。她十二岁的时候，我有一次出差就把她送去姥爷那里住，过两天去接她的时候就觉得不对劲，问她也不说，后来她舅妈告诉我，家里那天正好招待几个客人，我女儿吃饭时不小心把汤打翻了，她姥爷好面子，就冷着脸把女儿拎出去训了一顿。我知道我女儿其实心里跟我一样挺敏感的，就想着法子哄她开心。可是她从那以后再也不去外面吃饭了，家里来了客人就躲在房间里不出来吃饭，越来越孤僻了，我心里也特别难受，这个情况您看该怎么办啊？</span>','[]','qa',0,0,0,'2016-04-24 07:35:08','2016-04-24 07:35:08'),(102,28,12,'具体化技术—案例17','<span>（求助者，女，13岁）求助者母亲说：我女儿以前挺活泼的，我对她管的比较松，希望她快乐成长。她十二岁的时候，我有一次出差就把她送去姥爷那里住，过两天去接她的时候就觉得不对劲，问她也不说，后来她舅妈告诉我，家里那天正好招待几个客人，我女儿吃饭时不小心把汤打翻了，她姥爷好面子，就冷着脸把女儿拎出去训了一顿。我知道我女儿其实心里跟我一样挺敏感的，就想着法子哄她开心。可是她从那以后再也不去外面吃饭了，家里来了客人就躲在房间里不出来吃饭，越来越孤僻了，我心里也特别难受，这个情况您看该怎么办啊？</span>','[]','qa',0,1,0,'2016-04-24 07:35:48','2016-04-24 07:35:48'),(103,29,12,'重复技术—案例17','<span>（求助者，女，13岁）求助者母亲说：我女儿以前挺活泼的，我对她管的比较松，希望她快乐成长。她十二岁的时候，我有一次出差就把她送去姥爷那里住，过两天去接她的时候就觉得不对劲，问她也不说，后来她舅妈告诉我，家里那天正好招待几个客人，我女儿吃饭时不小心把汤打翻了，她姥爷好面子，就冷着脸把女儿拎出去训了一顿。我知道我女儿其实心里跟我一样挺敏感的，就想着法子哄她开心。可是她从那以后再也不去外面吃饭了，家里来了客人就躲在房间里不出来吃饭，越来越孤僻了，我心里也特别难受，这个情况您看该怎么办啊？</span>重复技术—案例','[]','qa',0,0,0,'2016-04-24 07:36:31','2016-04-24 07:36:31'),(104,32,12,'共情技术—案例17','<span>（求助者，女，13岁）求助者母亲说：我女儿以前挺活泼的，我对她管的比较松，希望她快乐成长。她十二岁的时候，我有一次出差就把她送去姥爷那里住，过两天去接她的时候就觉得不对劲，问她也不说，后来她舅妈告诉我，家里那天正好招待几个客人，我女儿吃饭时不小心把汤打翻了，她姥爷好面子，就冷着脸把女儿拎出去训了一顿。我知道我女儿其实心里跟我一样挺敏感的，就想着法子哄她开心。可是她从那以后再也不去外面吃饭了，家里来了客人就躲在房间里不出来吃饭，越来越孤僻了，我心里也特别难受，这个情况您看该怎么办啊？</span>','[]','qa',0,0,0,'2016-04-24 07:38:09','2016-04-24 07:38:09'),(105,26,12,'内容反应—案例18','<span>（求助者，男，15岁，初二）求助者自述：我学习一直都挺优秀的，从小到大每次发奖状我都是第一名，我觉得奖状对于我也没什么稀奇的。可是上一次月考时我考了年级第二，晚自习老师发奖状时我理所当然应该有一张，可是老师一个一个念下来，那些比我考的差的都有拿个最佳进步奖，我心里越来越焦急，同学们也都在窃窃私语，偷偷打量我。直到发完最后一张奖状，都没有我。我觉得老师一定搞错了，可老师什么也没说，我甚至听见几声幸灾乐祸的笑声，我觉得太丢脸了，难道我真的有哪里做的不好？我这一周左思右想，睡眠也不好，感觉好像被耍了，上课也听不进去。</span>','[]','qa',0,0,0,'2016-04-24 07:38:55','2016-04-24 07:38:55'),(106,27,12,'情感反应—案例18','（求助者，男，15岁，初二）求助者自述：我学习一直都挺优秀的，从小到大每次发奖状我都是第一名，我觉得奖状对于我也没什么稀奇的。可是上一次月考时我考了年级第二，晚自习老师发奖状时我理所当然应该有一张，可是老师一个一个念下来，那些比我考的差的都有拿个最佳进步奖，我心里越来越焦急，同学们也都在窃窃私语，偷偷打量我。直到发完最后一张奖状，都没有我。我觉得老师一定搞错了，可老师什么也没说，我甚至听见几声幸灾乐祸的笑声，我觉得太丢脸了，难道我真的有哪里做的不好？我这一周左思右想，睡眠也不好，感觉好像被耍了，上课也听不进去。','[]','qa',0,0,0,'2016-04-24 07:39:32','2016-04-24 07:39:32'),(107,28,12,'具体化技术—案例18','<span>（求助者，男，15岁，初二）求助者自述：我学习一直都挺优秀的，从小到大每次发奖状我都是第一名，我觉得奖状对于我也没什么稀奇的。可是上一次月考时我考了年级第二，晚自习老师发奖状时我理所当然应该有一张，可是老师一个一个念下来，那些比我考的差的都有拿个最佳进步奖，我心里越来越焦急，同学们也都在窃窃私语，偷偷打量我。直到发完最后一张奖状，都没有我。我觉得老师一定搞错了，可老师什么也没说，我甚至听见几声幸灾乐祸的笑声，我觉得太丢脸了，难道我真的有哪里做的不好？我这一周左思右想，睡眠也不好，感觉好像被耍了，上课也听不进去。</span>','[]','qa',0,1,0,'2016-04-24 07:40:30','2016-04-24 07:40:30'),(108,29,12,'重复技术—案例18','<span>（求助者，男，15岁，初二）求助者自述：我学习一直都挺优秀的，从小到大每次发奖状我都是第一名，我觉得奖状对于我也没什么稀奇的。可是上一次月考时我考了年级第二，晚自习老师发奖状时我理所当然应该有一张，可是老师一个一个念下来，那些比我考的差的都有拿个最佳进步奖，我心里越来越焦急，同学们也都在窃窃私语，偷偷打量我。直到发完最后一张奖状，都没有我。我觉得老师一定搞错了，可老师什么也没说，我甚至听见几声幸灾乐祸的笑声，我觉得太丢脸了，难道我真的有哪里做的不好？我这一周左思右想，睡眠也不好，感觉好像被耍了，上课也听不进去。</span>','[]','qa',0,0,0,'2016-04-24 07:41:21','2016-04-24 07:41:21'),(109,32,12,'共情技术—案例18','<span>（求助者，男，15岁，初二）求助者自述：我学习一直都挺优秀的，从小到大每次发奖状我都是第一名，我觉得奖状对于我也没什么稀奇的。可是上一次月考时我考了年级第二，晚自习老师发奖状时我理所当然应该有一张，可是老师一个一个念下来，那些比我考的差的都有拿个最佳进步奖，我心里越来越焦急，同学们也都在窃窃私语，偷偷打量我。直到发完最后一张奖状，都没有我。我觉得老师一定搞错了，可老师什么也没说，我甚至听见几声幸灾乐祸的笑声，我觉得太丢脸了，难道我真的有哪里做的不好？我这一周左思右想，睡眠也不好，感觉好像被耍了，上课也听不进去。</span>','[]','qa',0,0,0,'2016-04-24 07:42:25','2016-04-24 07:42:25'),(110,26,12,'内容反应—案例19','<span>（求助者，18岁，男，大一）求助者自述：我讨厌我父亲，他根本就没有管过我和妈妈，虽然妈妈不说，但我听邻居说他是去搞传销了，每年只回来一两天就走，还要妈妈给他汇钱，母亲有时一天要打两份工来供我读书，还要给他钱，我为母亲感到气愤。今年我上大学，学费是妈妈好不容易凑齐的，可他竟然让我妈给他凑一万块钱，说马上就可以连本带利赚回来，我妈不同意，他竟然还想动手打我妈，我觉得再也忍不下去了，就动手打了他，他走了之后母亲什么也没说，让我自己去学校报到。我觉得自己虽然冲动了一点，母亲怎么就不体谅我呢？那个人渣有什么好啊？</span>','[]','qa',0,0,0,'2016-04-24 07:43:50','2016-04-24 07:43:50'),(111,27,12,'情感反应—案例19','<span>（求助者，18岁，男，大一）求助者自述：我讨厌我父亲，他根本就没有管过我和妈妈，虽然妈妈不说，但我听邻居说他是去搞传销了，每年只回来一两天就走，还要妈妈给他汇钱，母亲有时一天要打两份工来供我读书，还要给他钱，我为母亲感到气愤。今年我上大学，学费是妈妈好不容易凑齐的，可他竟然让我妈给他凑一万块钱，说马上就可以连本带利赚回来，我妈不同意，他竟然还想动手打我妈，我觉得再也忍不下去了，就动手打了他，他走了之后母亲什么也没说，让我自己去学校报到。我觉得自己虽然冲动了一点，母亲怎么就不体谅我呢？那个人渣有什么好啊？</span>','[]','qa',0,0,0,'2016-04-24 07:44:29','2016-04-24 07:44:29'),(112,28,12,'具体化技术—案例19','<span>（求助者，18岁，男，大一）求助者自述：我讨厌我父亲，他根本就没有管过我和妈妈，虽然妈妈不说，但我听邻居说他是去搞传销了，每年只回来一两天就走，还要妈妈给他汇钱，母亲有时一天要打两份工来供我读书，还要给他钱，我为母亲感到气愤。今年我上大学，学费是妈妈好不容易凑齐的，可他竟然让我妈给他凑一万块钱，说马上就可以连本带利赚回来，我妈不同意，他竟然还想动手打我妈，我觉得再也忍不下去了，就动手打了他，他走了之后母亲什么也没说，让我自己去学校报到。我觉得自己虽然冲动了一点，母亲怎么就不体谅我呢？那个人渣有什么好啊？</span>','[]','qa',0,1,0,'2016-04-24 07:45:07','2016-04-24 07:45:07'),(113,29,12,'重复技术—案例19','<span>（求助者，18岁，男，大一）求助者自述：我讨厌我父亲，他根本就没有管过我和妈妈，虽然妈妈不说，但我听邻居说他是去搞传销了，每年只回来一两天就走，还要妈妈给他汇钱，母亲有时一天要打两份工来供我读书，还要给他钱，我为母亲感到气愤。今年我上大学，学费是妈妈好不容易凑齐的，可他竟然让我妈给他凑一万块钱，说马上就可以连本带利赚回来，我妈不同意，他竟然还想动手打我妈，我觉得再也忍不下去了，就动手打了他，他走了之后母亲什么也没说，让我自己去学校报到。我觉得自己虽然冲动了一点，母亲怎么就不体谅我呢？那个人渣有什么好啊？</span>','[]','qa',0,0,0,'2016-04-24 07:45:49','2016-04-24 07:45:49'),(114,32,12,'共情技术—案例19','<span>（求助者，18岁，男，大一）求助者自述：我讨厌我父亲，他根本就没有管过我和妈妈，虽然妈妈不说，但我听邻居说他是去搞传销了，每年只回来一两天就走，还要妈妈给他汇钱，母亲有时一天要打两份工来供我读书，还要给他钱，我为母亲感到气愤。今年我上大学，学费是妈妈好不容易凑齐的，可他竟然让我妈给他凑一万块钱，说马上就可以连本带利赚回来，我妈不同意，他竟然还想动手打我妈，我觉得再也忍不下去了，就动手打了他，他走了之后母亲什么也没说，让我自己去学校报到。我觉得自己虽然冲动了一点，母亲怎么就不体谅我呢？那个人渣有什么好啊？</span>','[]','qa',0,0,0,'2016-04-24 07:46:58','2016-04-24 07:46:58'),(115,26,12,'内容反应—案例20','<span>（求助者，女，20岁，大一，父母常年在外务工）求助者自述：我的爸爸妈妈是爱我的，这我知道，可是我总觉得没什么归属感，特别是自己去离家很远得地方读大学之后。同寝室的室友的妈妈对自己的孩子了如指掌，生活各方面都能给她指导。可我父母每次打电话都是那么几句话，除了每月给生活费什么都不管了。我从初中就开始读寄宿学校，什么都是自己操心，衣服也要自己买。现在一个人在外念书，看到室友的父母那么关心自己孩子，我真觉得自己一个人在外漂泊真是孤孤单单好凄凉，为什么我的父母就不能多关心关心我呢？</span>','[]','qa',0,0,0,'2016-04-24 07:47:50','2016-04-24 07:47:50'),(116,27,12,'情感反应—案例20','<span>（求助者，女，20岁，大一，父母常年在外务工）求助者自述：我的爸爸妈妈是爱我的，这我知道，可是我总觉得没什么归属感，特别是自己去离家很远得地方读大学之后。同寝室的室友的妈妈对自己的孩子了如指掌，生活各方面都能给她指导。可我父母每次打电话都是那么几句话，除了每月给生活费什么都不管了。我从初中就开始读寄宿学校，什么都是自己操心，衣服也要自己买。现在一个人在外念书，看到室友的父母那么关心自己孩子，我真觉得自己一个人在外漂泊真是孤孤单单好凄凉，为什么我的父母就不能多关心关心我呢？</span>','[]','qa',0,0,0,'2016-04-24 07:48:38','2016-04-24 07:48:38'),(117,28,12,'具体化技术—案例20','<span>（求助者，女，20岁，大一，父母常年在外务工）求助者自述：我的爸爸妈妈是爱我的，这我知道，可是我总觉得没什么归属感，特别是自己去离家很远得地方读大学之后。同寝室的室友的妈妈对自己的孩子了如指掌，生活各方面都能给她指导。可我父母每次打电话都是那么几句话，除了每月给生活费什么都不管了。我从初中就开始读寄宿学校，什么都是自己操心，衣服也要自己买。现在一个人在外念书，看到室友的父母那么关心自己孩子，我真觉得自己一个人在外漂泊真是孤孤单单好凄凉，为什么我的父母就不能多关心关心我呢？</span>','[]','qa',0,1,0,'2016-04-24 07:49:27','2016-04-24 07:49:27'),(118,29,12,'重复技术—案例20','<span>（求助者，女，20岁，大一，父母常年在外务工）求助者自述：我的爸爸妈妈是爱我的，这我知道，可是我总觉得没什么归属感，特别是自己去离家很远得地方读大学之后。同寝室的室友的妈妈对自己的孩子了如指掌，生活各方面都能给她指导。可我父母每次打电话都是那么几句话，除了每月给生活费什么都不管了。我从初中就开始读寄宿学校，什么都是自己操心，衣服也要自己买。现在一个人在外念书，看到室友的父母那么关心自己孩子，我真觉得自己一个人在外漂泊真是孤孤单单好凄凉，为什么我的父母就不能多关心关心我呢？</span>','[]','qa',0,0,0,'2016-04-24 07:50:10','2016-04-24 07:50:10'),(119,32,12,'共情技术—案例20','<span>（求助者，女，20岁，大一，父母常年在外务工）求助者自述：我的爸爸妈妈是爱我的，这我知道，可是我总觉得没什么归属感，特别是自己去离家很远得地方读大学之后。同寝室的室友的妈妈对自己的孩子了如指掌，生活各方面都能给她指导。可我父母每次打电话都是那么几句话，除了每月给生活费什么都不管了。我从初中就开始读寄宿学校，什么都是自己操心，衣服也要自己买。现在一个人在外念书，看到室友的父母那么关心自己孩子，我真觉得自己一个人在外漂泊真是孤孤单单好凄凉，为什么我的父母就不能多关心关心我呢？</span>','[]','qa',0,0,0,'2016-04-24 07:51:21','2016-04-24 07:51:21'),(120,26,12,'内容反应—案例21','<span>（求助者，女，19岁，大一）求助者自述：我们寝室有四个人，大一报到时有一个人高中时就和自己同学谈恋爱了，她男朋友也在我们学校。谁知道军训完之后，国庆节我从家回来后，我那两个室友也都和大学刚认识的同学谈了恋爱，她们三个人每天晚上都在宿舍跟男朋友煲电话粥，谈论的也都是谈恋爱的事，还互相攀比谁男友对自己好，周末全都跑去跟男朋友逛街去了，还劝我赶快谈恋爱，可我还没有中意的人，也不想刚上大学就谈恋爱，可是每天在寝室都觉得自己是另类的那一个，非常别扭，你说我该怎么办啊？</span>','[]','qa',0,1,0,'2016-04-24 07:52:22','2016-04-24 07:52:22'),(121,27,12,'情感反应—案例21','<span>（求助者，女，19岁，大一）求助者自述：我们寝室有四个人，大一报到时有一个人高中时就和自己同学谈恋爱了，她男朋友也在我们学校。谁知道军训完之后，国庆节我从家回来后，我那两个室友也都和大学刚认识的同学谈了恋爱，她们三个人每天晚上都在宿舍跟男朋友煲电话粥，谈论的也都是谈恋爱的事，还互相攀比谁男友对自己好，周末全都跑去跟男朋友逛街去了，还劝我赶快谈恋爱，可我还没有中意的人，也不想刚上大学就谈恋爱，可是每天在寝室都觉得自己是另类的那一个，非常别扭，你说我该怎么办啊？</span>','[]','qa',0,0,0,'2016-04-24 07:53:00','2016-04-24 07:53:00'),(122,28,12,'具体化技术—案例21','<span>（求助者，女，19岁，大一）求助者自述：我们寝室有四个人，大一报到时有一个人高中时就和自己同学谈恋爱了，她男朋友也在我们学校。谁知道军训完之后，国庆节我从家回来后，我那两个室友也都和大学刚认识的同学谈了恋爱，她们三个人每天晚上都在宿舍跟男朋友煲电话粥，谈论的也都是谈恋爱的事，还互相攀比谁男友对自己好，周末全都跑去跟男朋友逛街去了，还劝我赶快谈恋爱，可我还没有中意的人，也不想刚上大学就谈恋爱，可是每天在寝室都觉得自己是另类的那一个，非常别扭，你说我该怎么办啊？</span>','[]','qa',0,1,0,'2016-04-24 07:53:40','2016-04-24 07:53:40'),(123,29,12,'重复技术—案例21','<span>（求助者，女，19岁，大一）求助者自述：我们寝室有四个人，大一报到时有一个人高中时就和自己同学谈恋爱了，她男朋友也在我们学校。谁知道军训完之后，国庆节我从家回来后，我那两个室友也都和大学刚认识的同学谈了恋爱，她们三个人每天晚上都在宿舍跟男朋友煲电话粥，谈论的也都是谈恋爱的事，还互相攀比谁男友对自己好，周末全都跑去跟男朋友逛街去了，还劝我赶快谈恋爱，可我还没有中意的人，也不想刚上大学就谈恋爱，可是每天在寝室都觉得自己是另类的那一个，非常别扭，你说我该怎么办啊？</span>','[]','qa',0,0,0,'2016-04-24 07:54:36','2016-04-24 07:54:36'),(124,32,12,'共情技术—案例21','<span>（求助者，女，19岁，大一）求助者自述：我们寝室有四个人，大一报到时有一个人高中时就和自己同学谈恋爱了，她男朋友也在我们学校。谁知道军训完之后，国庆节我从家回来后，我那两个室友也都和大学刚认识的同学谈了恋爱，她们三个人每天晚上都在宿舍跟男朋友煲电话粥，谈论的也都是谈恋爱的事，还互相攀比谁男友对自己好，周末全都跑去跟男朋友逛街去了，还劝我赶快谈恋爱，可我还没有中意的人，也不想刚上大学就谈恋爱，可是每天在寝室都觉得自己是另类的那一个，非常别扭，你说我该怎么办啊？</span>','[]','qa',0,0,0,'2016-04-24 07:55:38','2016-04-24 07:55:38'),(125,26,12,'内容反应—案例22','<span>（求助者，男，35岁，公司销售总监）求助者自述：我和我太太结婚七年了，她在一个五星级酒店做前台领班，他们领导也蛮器重她的，当初我们谈恋爱时我就是看上她那份干练和坚强。我们一路奋斗到现在，也算是衣食无忧了。我父母一直在催我们趁年青赶紧要个孩子，以前打拼的时候不当回事，可是到了这个年纪，我挺想生个孩子，可我妻子说她马上就要当上大堂经理了，不想在这个节骨眼上放手。现在我觉得女人事业心太强也不好，我父母已经对她很有意见了，因为这件事我们也吵了好几次，您看怎么说服她啊？</span>','[]','qa',0,1,0,'2016-04-24 07:56:39','2016-04-24 07:56:39'),(126,27,12,'情感反应—案例22','<span>（求助者，男，35岁，公司销售总监）求助者自述：我和我太太结婚七年了，她在一个五星级酒店做前台领班，他们领导也蛮器重她的，当初我们谈恋爱时我就是看上她那份干练和坚强。我们一路奋斗到现在，也算是衣食无忧了。我父母一直在催我们趁年青赶紧要个孩子，以前打拼的时候不当回事，可是到了这个年纪，我挺想生个孩子，可我妻子说她马上就要当上大堂经理了，不想在这个节骨眼上放手。现在我觉得女人事业心太强也不好，我父母已经对她很有意见了，因为这件事我们也吵了好几次，您看怎么说服她啊？</span>','[]','qa',0,0,0,'2016-04-24 07:57:31','2016-04-24 07:57:31'),(127,28,12,'具体化技术—案例22','<span>（求助者，男，35岁，公司销售总监）求助者自述：我和我太太结婚七年了，她在一个五星级酒店做前台领班，他们领导也蛮器重她的，当初我们谈恋爱时我就是看上她那份干练和坚强。我们一路奋斗到现在，也算是衣食无忧了。我父母一直在催我们趁年青赶紧要个孩子，以前打拼的时候不当回事，可是到了这个年纪，我挺想生个孩子，可我妻子说她马上就要当上大堂经理了，不想在这个节骨眼上放手。现在我觉得女人事业心太强也不好，我父母已经对她很有意见了，因为这件事我们也吵了好几次，您看怎么说服她啊？</span>','[]','qa',0,1,0,'2016-04-24 07:58:10','2016-04-24 07:58:10'),(128,29,12,'重复技术—案例22','<span>（求助者，男，35岁，公司销售总监）求助者自述：我和我太太结婚七年了，她在一个五星级酒店做前台领班，他们领导也蛮器重她的，当初我们谈恋爱时我就是看上她那份干练和坚强。我们一路奋斗到现在，也算是衣食无忧了。我父母一直在催我们趁年青赶紧要个孩子，以前打拼的时候不当回事，可是到了这个年纪，我挺想生个孩子，可我妻子说她马上就要当上大堂经理了，不想在这个节骨眼上放手。现在我觉得女人事业心太强也不好，我父母已经对她很有意见了，因为这件事我们也吵了好几次，您看怎么说服她啊？</span>','[]','qa',0,0,0,'2016-04-24 07:58:52','2016-04-24 07:58:52'),(129,32,12,'共情技术—案例22','<span>（求助者，男，35岁，公司销售总监）求助者自述：我和我太太结婚七年了，她在一个五星级酒店做前台领班，他们领导也蛮器重她的，当初我们谈恋爱时我就是看上她那份干练和坚强。我们一路奋斗到现在，也算是衣食无忧了。我父母一直在催我们趁年青赶紧要个孩子，以前打拼的时候不当回事，可是到了这个年纪，我挺想生个孩子，可我妻子说她马上就要当上大堂经理了，不想在这个节骨眼上放手。现在我觉得女人事业心太强也不好，我父母已经对她很有意见了，因为这件事我们也吵了好几次，您看怎么说服她啊？</span>','[]','qa',0,0,0,'2016-04-24 07:59:51','2016-04-24 07:59:51'),(130,26,12,'内容反应—案例23','<span>（求助者，女，28岁）求助者自述：您好，我跟您讲吧，我以前长得挺普通的，我大学毕业时为了找个好工作，就去整容了，然后在另一个城市找到一份不错的工作，认识了我现在的男朋友，他经常带我去参加他哥们的一些聚会，说我长得漂亮带出去有面子。我有些不开心但也没说什么，有一次，我在他哥们的聚会上看见我一个高中同学，她看了我几眼但没认出来我，我害怕极了。毕业以后我一直都没有参加过什么同学聚会，我生怕她在众人面前认出来我。那次之后，我总是做噩梦，梦见我男朋友知道我整容的事要跟我分手，昔日的同学都嘲笑我，你说，我到底要不要告诉他啊？我快疯了</span>','[]','qa',0,1,0,'2016-04-24 08:01:03','2016-04-24 08:01:03'),(131,27,12,'情感反应—案例23','<span>（求助者，女，28岁）求助者自述：您好，我跟您讲吧，我以前长得挺普通的，我大学毕业时为了找个好工作，就去整容了，然后在另一个城市找到一份不错的工作，认识了我现在的男朋友，他经常带我去参加他哥们的一些聚会，说我长得漂亮带出去有面子。我有些不开心但也没说什么，有一次，我在他哥们的聚会上看见我一个高中同学，她看了我几眼但没认出来我，我害怕极了。毕业以后我一直都没有参加过什么同学聚会，我生怕她在众人面前认出来我。那次之后，我总是做噩梦，梦见我男朋友知道我整容的事要跟我分手，昔日的同学都嘲笑我，你说，我到底要不要告诉他啊？我快疯了</span>','[]','qa',0,0,0,'2016-04-24 08:10:32','2016-04-24 08:10:32'),(132,28,12,'具体化技术—案例23','<span>（求助者，女，28岁）求助者自述：您好，我跟您讲吧，我以前长得挺普通的，我大学毕业时为了找个好工作，就去整容了，然后在另一个城市找到一份不错的工作，认识了我现在的男朋友，他经常带我去参加他哥们的一些聚会，说我长得漂亮带出去有面子。我有些不开心但也没说什么，有一次，我在他哥们的聚会上看见我一个高中同学，她看了我几眼但没认出来我，我害怕极了。毕业以后我一直都没有参加过什么同学聚会，我生怕她在众人面前认出来我。那次之后，我总是做噩梦，梦见我男朋友知道我整容的事要跟我分手，昔日的同学都嘲笑我，你说，我到底要不要告诉他啊？我快疯了</span>','[]','qa',0,1,0,'2016-04-24 08:12:03','2016-04-24 08:12:03'),(133,29,12,'重复技术—案例23','<span>（求助者，女，28岁）求助者自述：您好，我跟您讲吧，我以前长得挺普通的，我大学毕业时为了找个好工作，就去整容了，然后在另一个城市找到一份不错的工作，认识了我现在的男朋友，他经常带我去参加他哥们的一些聚会，说我长得漂亮带出去有面子。我有些不开心但也没说什么，有一次，我在他哥们的聚会上看见我一个高中同学，她看了我几眼但没认出来我，我害怕极了。毕业以后我一直都没有参加过什么同学聚会，我生怕她在众人面前认出来我。那次之后，我总是做噩梦，梦见我男朋友知道我整容的事要跟我分手，昔日的同学都嘲笑我，你说，我到底要不要告诉他啊？我快疯了</span>','[]','qa',0,1,0,'2016-04-24 08:12:46','2016-04-24 08:12:46'),(134,32,12,'共情技术—案例23','<span>（求助者，女，28岁）求助者自述：您好，我跟您讲吧，我以前长得挺普通的，我大学毕业时为了找个好工作，就去整容了，然后在另一个城市找到一份不错的工作，认识了我现在的男朋友，他经常带我去参加他哥们的一些聚会，说我长得漂亮带出去有面子。我有些不开心但也没说什么，有一次，我在他哥们的聚会上看见我一个高中同学，她看了我几眼但没认出来我，我害怕极了。毕业以后我一直都没有参加过什么同学聚会，我生怕她在众人面前认出来我。那次之后，我总是做噩梦，梦见我男朋友知道我整容的事要跟我分手，昔日的同学都嘲笑我，你说，我到底要不要告诉他啊？我快疯了</span>','[]','qa',0,0,0,'2016-04-24 08:13:55','2016-04-24 08:13:55'),(135,26,12,'内容反应—案例24','<span>（求助者，9岁，男，四年级,因为不和母亲讲话被母亲带来咨询）求助者自述：我感觉我妈妈有时候挺可怕的。好几次我看见她和爸爸吵架的时候坐在地上哭，揪自己的头发，还把自己的头往墙上撞，我吓坏了。我晚上睡觉有时候都会被妈妈那个样子吓醒，好害怕跟她接近。</span>','[]','qa',0,0,0,'2016-04-24 08:14:43','2016-04-24 08:14:43'),(136,27,12,'情感反应—案例24','<span>（求助者，9岁，男，四年级,因为不和母亲讲话被母亲带来咨询）求助者自述：我感觉我妈妈有时候挺可怕的。好几次我看见她和爸爸吵架的时候坐在地上哭，揪自己的头发，还把自己的头往墙上撞，我吓坏了。我晚上睡觉有时候都会被妈妈那个样子吓醒，好害怕跟她接近。</span>','[]','qa',0,0,0,'2016-04-24 08:15:24','2016-04-24 08:15:24'),(137,28,12,'具体化技术—案例24','<span>（求助者，9岁，男，四年级,因为不和母亲讲话被母亲带来咨询）求助者自述：我感觉我妈妈有时候挺可怕的。好几次我看见她和爸爸吵架的时候坐在地上哭，揪自己的头发，还把自己的头往墙上撞，我吓坏了。我晚上睡觉有时候都会被妈妈那个样子吓醒，好害怕跟她接近。</span>','[]','qa',0,0,0,'2016-04-24 08:16:06','2016-04-24 08:16:06'),(138,4,9,'基础内容','内容简介','[]','qa',0,6,0,'2016-04-24 08:36:31','2016-04-24 08:36:31'),(139,4,9,'基础内容2','计算机看电视剧了发动机上来讲','[]','qa',0,5,0,'2016-04-24 08:37:54','2016-04-24 08:37:54'),(140,30,12,'房树人案例1','<img alt=\"\" src=\"http://119.29.11.199:8080/upload/images/35d0724383dd44131a033c157b11ada9.jpg\">','[]','qa',0,9,0,'2016-04-24 09:06:51','2016-04-24 09:06:51'),(150,30,12,'房屋画1（男，13岁）','<img alt=\"\" src=\"http://119.29.11.199:8080/upload/images/b656513a5ef73d583c5f9b74374f4062.jpg\">','[]','qa',0,5,0,'2016-04-25 13:12:06','2016-04-25 13:12:06'),(151,30,12,'房屋画2（男，22岁）','<img alt=\"\" src=\"http://119.29.11.199:8080/upload/images/65ff9306ebb95adb119a84816447d88b.jpg\">','[]','qa',0,11,0,'2016-04-25 13:13:13','2016-04-25 13:13:13'),(149,30,12,'房屋画3  （女，20岁）','<img alt=\"\" src=\"http://119.29.11.199:8080/upload/images/473305297ab5f8b55ecbef7977be9cb4.jpg\">','[]','qa',0,6,0,'2016-04-25 12:47:20','2016-04-25 12:47:20'),(148,30,9,'房树人BUG查广告','房树人BUG查房树人BUG查房树人BUG查房树人BUG查房树人BUG查<br><img alt=\"\" src=\"http://119.29.11.199:8080/upload/images/6617575e500c07dea5cb9df7ac63871b.png\"><br>','[]','qa',0,10,0,'2016-04-25 12:36:26','2016-04-25 12:36:26'),(152,30,12,'房屋画4（女，19岁）','<img alt=\"\" src=\"http://119.29.11.199:8080/upload/images/7fcc76c8d725cb9b4b4ba12ea662fcbb.jpg\">','[]','qa',0,3,0,'2016-04-25 13:14:53','2016-04-25 13:14:53');
/*!40000 ALTER TABLE `exam` ENABLE KEYS */;
UNLOCK TABLES;

--
-- Table structure for table `exam_answered`
--

DROP TABLE IF EXISTS `exam_answered`;
/*!40101 SET @saved_cs_client     = @@character_set_client */;
/*!40101 SET character_set_client = utf8 */;
CREATE TABLE `exam_answered` (
  `id` int(11) NOT NULL AUTO_INCREMENT,
  `exam_id` int(11) NOT NULL,
  `user_id` int(11) NOT NULL,
  `answer` text NOT NULL COMMENT '答案数据，json格式',
  `correct` int(11) NOT NULL DEFAULT '0' COMMENT '答案正确为1，错误为0',
  `created_at` timestamp NOT NULL DEFAULT CURRENT_TIMESTAMP,
  `updated_at` timestamp NOT NULL DEFAULT '0000-00-00 00:00:00',
  PRIMARY KEY (`id`)
) ENGINE=MyISAM AUTO_INCREMENT=191 DEFAULT CHARSET=utf8;
/*!40101 SET character_set_client = @saved_cs_client */;

--
-- Dumping data for table `exam_answered`
--

LOCK TABLES `exam_answered` WRITE;
/*!40000 ALTER TABLE `exam_answered` DISABLE KEYS */;
INSERT INTO `exam_answered` VALUES (2,0,1,'[\"0\",\"1\",\"2\"]',0,'2016-04-16 13:06:03','2016-04-16 13:06:03'),(3,0,1,'[\"1\",\"2\"]',1,'2016-04-16 13:07:02','2016-04-16 13:07:02'),(4,0,1,'[\"1\",\"2\"]',1,'2016-04-16 13:21:43','2016-04-16 13:21:43'),(5,0,1,'[\"1\",\"2\"]',1,'2016-04-16 13:23:59','2016-04-16 13:23:59'),(6,0,1,'[\"1\",\"2\"]',1,'2016-04-16 13:39:44','2016-04-16 13:39:44'),(7,0,1,'[\"1\",\"2\",\"3\"]',0,'2016-04-16 13:40:45','2016-04-16 13:40:45'),(8,0,1,'[\"2\",\"3\"]',0,'2016-04-16 13:43:19','2016-04-16 13:43:19'),(9,0,1,'[\"0\",\"2\"]',0,'2016-04-16 14:02:16','2016-04-16 14:02:16'),(10,0,1,'[\"0\",\"2\"]',0,'2016-04-16 14:02:45','2016-04-16 14:02:45'),(11,0,1,'[\"0\",\"1\",\"2\"]',0,'2016-04-16 14:08:00','2016-04-16 14:08:00'),(12,0,1,'[\"0\",\"1\",\"2\"]',0,'2016-04-16 14:09:05','2016-04-16 14:09:05'),(13,0,1,'[\"0\",\"1\",\"2\"]',0,'2016-04-16 14:09:11','2016-04-16 14:09:11'),(14,0,1,'[\"0\",\"1\",\"2\"]',0,'2016-04-16 14:10:39','2016-04-16 14:10:39'),(15,0,1,'[\"0\",\"1\",\"2\"]',0,'2016-04-16 14:10:46','2016-04-16 14:10:46'),(16,0,1,'[\"0\",\"1\",\"2\"]',0,'2016-04-16 14:11:12','2016-04-16 14:11:12'),(17,0,1,'[\"2\"]',1,'2016-04-16 14:11:22','2016-04-16 14:11:22'),(18,0,1,'[\"0\"]',0,'2016-04-16 14:11:27','2016-04-16 14:11:27'),(19,0,1,'[\"2\"]',1,'2016-04-16 14:12:12','2016-04-16 14:12:12'),(20,0,1,'[\"2\"]',1,'2016-04-16 14:12:14','2016-04-16 14:12:14'),(21,0,1,'[\"3\"]',0,'2016-04-16 14:12:15','2016-04-16 14:12:15'),(22,0,1,'[\"1\"]',0,'2016-04-16 14:14:00','2016-04-16 14:14:00'),(23,0,1,'[\"2\"]',1,'2016-04-16 14:14:18','2016-04-16 14:14:18'),(24,0,1,'[\"2\"]',1,'2016-04-16 14:14:23','2016-04-16 14:14:23'),(25,0,1,'[\"0\",\"2\"]',0,'2016-04-16 14:14:30','2016-04-16 14:14:30'),(26,0,1,'[\"3\"]',0,'2016-04-16 14:17:07','2016-04-16 14:17:07'),(27,0,1,'[\"3\"]',0,'2016-04-16 14:17:14','2016-04-16 14:17:14'),(28,0,1,'[\"2\"]',1,'2016-04-16 14:18:00','2016-04-16 14:18:00'),(29,0,1,'[\"1\",\"2\",\"3\"]',0,'2016-04-16 14:18:11','2016-04-16 14:18:11'),(30,0,1,'[\"3\"]',0,'2016-04-16 14:18:23','2016-04-16 14:18:23'),(31,0,1,'[\"0\",\"1\",\"3\"]',0,'2016-04-16 14:18:30','2016-04-16 14:18:30'),(32,0,1,'{\"9\":\"sadasdsadasdas\",\"10\":\"asdasdasd\",\"11\":\"asdsadasd\",\"12\":\"asdasdasd\",\"13\":\"asdasdasdasd\"}',1,'2016-04-16 14:28:42','2016-04-16 14:28:42'),(33,0,1,'{\"9\":\"\\u6c34\\u7535\\u8d39\\u6c34\\u7535\\u8d39\\u6c34\\u7535\\u8d39\",\"10\":\"\\u6240\\u5f97\\u7a0e\\u8d1f\\u62c5\\u662f\\u6536\\u5230\\u6536\\u5230\",\"11\":\"\\u80dc\\u591a\\u8d1f\\u5c11\\u4e1c\\u65b9\\u95ea\\u7535\\u6536\\u5230\",\"12\":\"\\u6c34\\u7535\\u8d39\\u6c34\\u7535\\u8d39\\u6c34\\u7535\\u8d39\\u6536\\u5230\",\"13\":\"\\u4f3c\\u61c2\\u975e\\u61c2\\u662f\\u6c34\\u7535\\u8d39\\u6536\\u5230\\u53d1\\u751f\\u7684\"}',1,'2016-04-16 14:31:36','2016-04-16 14:31:36'),(34,0,1,'{\"9\":\"\\u6c34\\u7535\\u8d39\\u6c34\\u7535\\u8d39\\u6c34\\u7535\\u8d39\",\"10\":\"\\u6c34\\u7535\\u8d39\\u6536\\u5230\\u7684\\u662fsd\",\"11\":\" \\u6c34\\u7535\\u8d39\\u6c34\\u7535\\u8d39\\u6c34\\u7535\\u8d39\\u662f\",\"12\":\"\\u4e2a\\u4eba\\u95ee\\u9898\\u4e3a\\u513f\\u7ae5\\u4e3a\\u513f\\u7ae5\",\"13\":\"\\u70ed\\u5e16\\u6c83\\u5c14\\u7279\\u4e2a\\u5730\\u65b9\\u5b98\\u5730\\u65b9\"}',1,'2016-04-16 14:32:02','2016-04-16 14:32:02'),(35,0,1,'{\"9\":\"\",\"10\":\"\",\"11\":\"\",\"12\":\"\",\"13\":\"\"}',1,'2016-04-17 11:41:28','2016-04-17 11:41:28'),(36,0,1,'{\"9\":\"\",\"10\":\"\",\"11\":\"\",\"12\":\"\",\"13\":\"\"}',1,'2016-04-17 11:47:56','2016-04-17 11:47:56'),(37,0,1,'{\"9\":\"\",\"10\":\"\",\"11\":\"\",\"12\":\"\",\"13\":\"\"}',1,'2016-04-17 11:49:32','2016-04-17 11:49:32'),(38,0,1,'{\"9\":\"\",\"10\":\"\",\"11\":\"\",\"12\":\"\",\"13\":\"\"}',1,'2016-04-17 11:49:53','2016-04-17 11:49:53'),(39,0,1,'{\"9\":\"\",\"10\":\"\",\"11\":\"\",\"12\":\"\",\"13\":\"\"}',1,'2016-04-17 11:53:32','2016-04-17 11:53:32'),(40,0,1,'{\"9\":\"sdfdsfsdf\",\"10\":\"sdfsdf\",\"11\":\"sdfsdfsdf\",\"12\":\"sdawrwerewrwer\",\"13\":\"ewrwerwerewr\"}',1,'2016-04-17 11:55:00','2016-04-17 11:55:00'),(41,0,1,'[\"1\",\"3\"]',0,'2016-04-17 11:55:19','2016-04-17 11:55:19'),(42,0,1,'[\"1\"]',0,'2016-04-17 11:55:26','2016-04-17 11:55:26'),(43,0,1,'[\"1\"]',0,'2016-04-17 11:55:34','2016-04-17 11:55:34'),(44,0,1,'[\"3\"]',0,'2016-04-17 11:58:11','2016-04-17 11:58:11'),(45,0,1,'[\"1\",\"2\"]',1,'2016-04-17 12:00:59','2016-04-17 12:00:59'),(46,0,1,'[\"2\"]',1,'2016-04-18 02:13:16','2016-04-18 02:13:16'),(47,0,1,'[\"2\"]',1,'2016-04-18 02:13:35','2016-04-18 02:13:35'),(48,0,1,'[\"3\"]',0,'2016-04-18 02:20:04','2016-04-18 02:20:04'),(49,0,1,'[\"0\"]',0,'2016-04-18 02:20:29','2016-04-18 02:20:29'),(50,0,1,'[\"1\",\"3\"]',0,'2016-04-18 02:22:18','2016-04-18 02:22:18'),(51,0,1,'[\"3\"]',0,'2016-04-18 02:30:26','2016-04-18 02:30:26'),(52,0,1,'[\"3\"]',0,'2016-04-18 02:34:02','2016-04-18 02:34:02'),(53,0,1,'{\"9\":\"\",\"10\":\"\",\"11\":\"\",\"12\":\"\",\"13\":\"\"}',1,'2016-04-18 02:34:37','2016-04-18 02:34:37'),(54,0,1,'{\"9\":\"\",\"10\":\"\",\"11\":\"\",\"12\":\"\",\"13\":\"\"}',1,'2016-04-18 02:35:39','2016-04-18 02:35:39'),(55,0,1,'{\"9\":\"\",\"10\":\"\",\"11\":\"\",\"12\":\"\",\"13\":\"\"}',1,'2016-04-18 02:36:06','2016-04-18 02:36:06'),(56,0,1,'{\"9\":\"\",\"10\":\"\",\"11\":\"\",\"12\":\"\",\"13\":\"\"}',1,'2016-04-18 02:36:47','2016-04-18 02:36:47'),(57,0,1,'{\"9\":\"\",\"10\":\"\",\"11\":\"\",\"12\":\"\",\"13\":\"\"}',1,'2016-04-18 02:36:57','2016-04-18 02:36:57'),(58,0,1,'[\"2\"]',1,'2016-04-18 02:55:18','2016-04-18 02:55:18'),(59,0,1,'[\"0\",\"3\"]',0,'2016-04-18 02:56:38','2016-04-18 02:56:38'),(60,0,1,'[\"1\",\"3\"]',0,'2016-04-18 02:56:51','2016-04-18 02:56:51'),(61,0,1,'{\"9\":\"\",\"10\":\"\",\"11\":\"\",\"12\":\"\",\"13\":\"\"}',1,'2016-04-18 02:59:25','2016-04-18 02:59:25'),(62,0,1,'{\"9\":\"\",\"10\":\"\",\"11\":\"\",\"12\":\"\",\"13\":\"\"}',1,'2016-04-18 03:00:10','2016-04-18 03:00:10'),(63,0,1,'[\"3\"]',0,'2016-04-18 03:01:28','2016-04-18 03:01:28'),(64,0,1,'[\"2\"]',1,'2016-04-18 03:01:33','2016-04-18 03:01:33'),(65,0,1,'{\"9\":\"\",\"10\":\"\",\"11\":\"\",\"12\":\"\",\"13\":\"\"}',1,'2016-04-18 03:01:53','2016-04-18 03:01:53'),(66,0,1,'[null]',0,'2016-04-18 03:03:19','2016-04-18 03:03:19'),(67,0,1,'[null]',0,'2016-04-18 03:14:07','2016-04-18 03:14:07'),(68,0,1,'[null]',0,'2016-04-18 03:14:22','2016-04-18 03:14:22'),(69,0,1,'[\"2\"]',1,'2016-04-18 03:22:53','2016-04-18 03:22:53'),(70,0,1,'[\"3\"]',0,'2016-04-18 03:24:03','2016-04-18 03:24:03'),(71,0,1,'[\"1\"]',0,'2016-04-18 03:27:14','2016-04-18 03:27:14'),(72,0,1,'[\"0\"]',0,'2016-04-18 03:27:27','2016-04-18 03:27:27'),(73,0,1,'[\"3\"]',0,'2016-04-18 03:27:52','2016-04-18 03:27:52'),(74,0,1,'[\"2\"]',1,'2016-04-18 03:28:13','2016-04-18 03:28:13'),(75,0,1,'[\"1\"]',0,'2016-04-18 03:28:19','2016-04-18 03:28:19'),(76,0,1,'{\"9\":\"\",\"10\":\"\",\"11\":\"\",\"12\":\"\",\"13\":\"\"}',1,'2016-04-18 03:29:46','2016-04-18 03:29:46'),(77,0,1,'{\"9\":\"\",\"10\":\"\",\"11\":\"\",\"12\":\"\",\"13\":\"\"}',1,'2016-04-18 03:30:10','2016-04-18 03:30:10'),(78,0,1,'[\"3\"]',0,'2016-04-18 03:31:11','2016-04-18 03:31:11'),(79,0,1,'[\"1\"]',0,'2016-04-18 03:31:33','2016-04-18 03:31:33'),(80,0,1,'[\"2\"]',1,'2016-04-18 03:32:06','2016-04-18 03:32:06'),(81,0,1,'[\"2\"]',1,'2016-04-18 03:36:06','2016-04-18 03:36:06'),(82,0,1,'[\"3\"]',0,'2016-04-18 03:36:47','2016-04-18 03:36:47'),(83,0,1,'[\"3\"]',0,'2016-04-18 03:37:13','2016-04-18 03:37:13'),(84,0,1,'{\"9\":\"\",\"10\":\"\",\"11\":\"\",\"12\":\"\",\"13\":\"\"}',1,'2016-04-18 03:37:29','2016-04-18 03:37:29'),(85,0,1,'[\"3\"]',0,'2016-04-18 03:38:19','2016-04-18 03:38:19'),(86,0,1,'[\"1\"]',0,'2016-04-18 03:38:24','2016-04-18 03:38:24'),(87,0,1,'[\"3\"]',0,'2016-04-18 03:38:29','2016-04-18 03:38:29'),(88,0,1,'[\"2\"]',1,'2016-04-18 03:42:44','2016-04-18 03:42:44'),(89,0,1,'[\"3\"]',0,'2016-04-18 03:42:50','2016-04-18 03:42:50'),(90,0,1,'[\"1\"]',0,'2016-04-18 03:43:13','2016-04-18 03:43:13'),(91,0,1,'[\"2\"]',1,'2016-04-18 03:44:31','2016-04-18 03:44:31'),(92,0,1,'[\"2\"]',1,'2016-04-18 03:44:51','2016-04-18 03:44:51'),(93,0,1,'[\"2\"]',1,'2016-04-18 03:44:59','2016-04-18 03:44:59'),(94,0,1,'[\"3\"]',0,'2016-04-18 05:02:00','2016-04-18 05:02:00'),(95,0,1,'[\"1\"]',0,'2016-04-18 05:02:30','2016-04-18 05:02:30'),(96,0,1,'[\"3\"]',0,'2016-04-18 05:02:36','2016-04-18 05:02:36'),(97,0,1,'[\"3\"]',0,'2016-04-18 05:02:44','2016-04-18 05:02:44'),(98,0,1,'[\"3\"]',0,'2016-04-18 08:47:29','2016-04-18 08:47:29'),(99,0,1,'[\"1\"]',0,'2016-04-18 08:47:38','2016-04-18 08:47:38'),(100,0,1,'{\"9\":\"\",\"10\":\"\",\"11\":\"\",\"12\":\"\",\"13\":\"\"}',1,'2016-04-18 08:48:01','2016-04-18 08:48:01'),(101,0,1,'[\"2\"]',1,'2016-04-18 09:06:49','2016-04-18 09:06:49'),(102,0,1,'[\"2\"]',1,'2016-04-18 09:06:55','2016-04-18 09:06:55'),(103,0,1,'[\"2\"]',1,'2016-04-18 09:07:52','2016-04-18 09:07:52'),(104,0,1,'[\"0\"]',0,'2016-04-18 09:08:42','2016-04-18 09:08:42'),(105,0,1,'[\"3\"]',0,'2016-04-18 09:08:47','2016-04-18 09:08:47'),(106,0,1,'[\"2\"]',1,'2016-04-18 09:08:51','2016-04-18 09:08:51'),(107,0,1,'[\"2\"]',1,'2016-04-18 09:08:54','2016-04-18 09:08:54'),(108,0,1,'[\"1\"]',0,'2016-04-18 09:08:59','2016-04-18 09:08:59'),(109,0,1,'{\"9\":\"\",\"10\":\"\",\"11\":\"\",\"12\":\"\",\"13\":\"\"}',1,'2016-04-18 09:57:34','2016-04-18 09:57:34'),(110,0,1,'{\"9\":\"\",\"10\":\"\",\"11\":\"\",\"12\":\"\",\"13\":\"\"}',1,'2016-04-18 12:16:28','2016-04-18 12:16:28'),(111,0,1,'[\"1\"]',1,'2016-04-18 12:16:34','2016-04-18 12:16:34'),(112,0,1,'[\"2\"]',1,'2016-04-18 12:16:41','2016-04-18 12:16:41'),(113,0,1,'{\"9\":\"\",\"10\":\"\",\"11\":\"\",\"12\":\"\",\"13\":\"\"}',1,'2016-04-18 15:05:16','2016-04-18 15:05:16'),(114,0,9,'{\"9\":\"\",\"10\":\"\",\"11\":\"\",\"12\":\"\",\"13\":\"\"}',1,'2016-04-20 10:01:39','2016-04-20 10:01:39'),(115,0,9,'[\"3\"]',0,'2016-04-20 13:12:37','2016-04-20 13:12:37'),(116,0,1,'[\"1\",\"2\"]',1,'2016-04-20 13:19:35','2016-04-20 13:19:35'),(117,0,9,'{\"9\":\"\",\"10\":\"\",\"11\":\"\",\"12\":\"\",\"13\":\"\"}',1,'2016-04-20 13:32:00','2016-04-20 13:32:00'),(118,0,9,'[\"1\"]',0,'2016-04-20 13:33:08','2016-04-20 13:33:08'),(119,0,9,'[\"0\"]',0,'2016-04-20 13:34:26','2016-04-20 13:34:26'),(120,0,9,'[\"3\"]',0,'2016-04-20 13:34:34','2016-04-20 13:34:34'),(121,0,12,'[null]',0,'2016-04-23 00:44:28','2016-04-23 00:44:28'),(122,0,12,'[\"3\"]',0,'2016-04-23 02:14:43','2016-04-23 02:14:43'),(123,0,12,'{\"14\":\"\"}',1,'2016-04-23 02:15:09','2016-04-23 02:15:09'),(124,0,12,'[\"0\",\"1\"]',0,'2016-04-23 02:22:39','2016-04-23 02:22:39'),(125,0,12,'[\"1\"]',0,'2016-04-23 02:22:52','2016-04-23 02:22:52'),(126,0,12,'{\"14\":\"\"}',1,'2016-04-23 02:23:08','2016-04-23 02:23:08'),(127,0,12,'{\"9\":\"\",\"10\":\"\",\"11\":\"\",\"12\":\"\",\"13\":\"\"}',1,'2016-04-23 03:00:22','2016-04-23 03:00:22'),(128,0,12,'{\"9\":\"\",\"10\":\"\",\"11\":\"\",\"12\":\"\",\"13\":\"\"}',1,'2016-04-23 03:07:06','2016-04-23 03:07:06'),(129,0,12,'{\"9\":\"\",\"10\":\"\",\"11\":\"\",\"12\":\"\",\"13\":\"1111\"}',1,'2016-04-23 05:17:02','2016-04-23 05:17:02'),(130,0,12,'{\"9\":\"\",\"10\":\"\",\"11\":\"\",\"12\":\"\",\"13\":\"\"}',1,'2016-04-23 05:20:36','2016-04-23 05:20:36'),(131,0,12,'[null]',0,'2016-04-23 05:20:48','2016-04-23 05:20:48'),(132,0,12,'[\"1\"]',0,'2016-04-23 09:07:27','2016-04-23 09:07:27'),(133,0,12,'[\"2\"]',1,'2016-04-23 09:07:43','2016-04-23 09:07:43'),(134,0,12,'{\"27\":\"\",\"28\":\"\",\"29\":\"\"}',1,'2016-04-23 09:08:12','2016-04-23 09:08:12'),(135,0,12,'{\"33\":\"\"}',1,'2016-04-23 09:17:36','2016-04-23 09:17:36'),(136,0,9,'{\"33\":\"\"}',1,'2016-04-23 09:39:21','2016-04-23 09:39:21'),(137,0,9,'{\"30\":\"\"}',1,'2016-04-23 09:39:37','2016-04-23 09:39:37'),(138,0,9,'{\"33\":\"\"}',1,'2016-04-23 09:42:01','2016-04-23 09:42:01'),(139,0,9,'[\"2\"]',1,'2016-04-23 09:43:07','2016-04-23 09:43:07'),(140,0,9,'[\"3\"]',0,'2016-04-23 09:43:11','2016-04-23 09:43:11'),(141,0,9,'[\"1\"]',0,'2016-04-23 09:43:14','2016-04-23 09:43:14'),(142,0,12,'{\"32\":\"\"}',1,'2016-04-23 09:44:06','2016-04-23 09:44:06'),(143,0,12,'{\"33\":\"\"}',1,'2016-04-23 14:13:40','2016-04-23 14:13:40'),(144,0,12,'{\"35\":\"\"}',1,'2016-04-23 14:14:00','2016-04-23 14:14:00'),(145,0,12,'{\"56\":\"\",\"55\":\"\",\"54\":\"\"}',1,'2016-04-23 14:14:26','2016-04-23 14:14:26'),(146,0,12,'{\"33\":\"\"}',1,'2016-04-24 03:09:26','2016-04-24 03:09:26'),(147,0,12,'{\"56\":\"\",\"55\":\"\",\"54\":\"\"}',1,'2016-04-24 03:10:02','2016-04-24 03:10:02'),(148,0,12,'[\"2\"]',1,'2016-04-24 03:11:47','2016-04-24 03:11:47'),(149,0,12,'[null]',0,'2016-04-24 03:40:25','2016-04-24 03:40:25'),(150,0,12,'{\"60\":\"\\u3001\\u3001\\u3001\\u3001\"}',1,'2016-04-24 04:34:18','2016-04-24 04:34:18'),(151,0,12,'{\"60\":\"\"}',1,'2016-04-24 04:36:17','2016-04-24 04:36:17'),(152,0,12,'{\"66\":\"\",\"67\":\"\",\"68\":\"\"}',1,'2016-04-24 04:39:13','2016-04-24 04:39:13'),(153,0,12,'{\"70\":\"\",\"69\":\"\",\"71\":\"\"}',1,'2016-04-24 04:40:42','2016-04-24 04:40:42'),(154,0,12,'{\"56\":\"111\",\"55\":\"111\",\"54\":\"111\"}',1,'2016-04-24 04:41:11','2016-04-24 04:41:11'),(155,0,12,'{\"63\":\"\"}',1,'2016-04-24 04:41:11','2016-04-24 04:41:11'),(156,0,12,'{\"56\":\"\",\"55\":\"\",\"54\":\"\"}',1,'2016-04-24 04:41:22','2016-04-24 04:41:22'),(157,0,12,'{\"74\":\"\",\"73\":\"\",\"72\":\"\"}',1,'2016-04-24 04:45:17','2016-04-24 04:45:17'),(158,0,12,'{\"33\":\"\"}',1,'2016-04-24 05:23:06','2016-04-24 05:23:06'),(159,0,12,'{\"33\":\"\"}',1,'2016-04-24 08:20:10','2016-04-24 08:20:10'),(160,0,12,'{\"77\":\"\"}',1,'2016-04-24 08:20:28','2016-04-24 08:20:28'),(161,0,12,'{\"83\":\"\"}',1,'2016-04-24 08:20:33','2016-04-24 08:20:33'),(162,0,12,'{\"88\":\"\"}',1,'2016-04-24 08:20:39','2016-04-24 08:20:39'),(163,0,9,'{\"56\":\"\",\"55\":\"\",\"54\":\"\"}',1,'2016-04-24 08:20:39','2016-04-24 08:20:39'),(164,0,12,'{\"93\":\"\"}',1,'2016-04-24 08:20:43','2016-04-24 08:20:43'),(165,0,12,'{\"100\":\"\"}',1,'2016-04-24 08:20:46','2016-04-24 08:20:46'),(166,0,12,'{\"184\":\"\"}',1,'2016-04-24 08:20:51','2016-04-24 08:20:51'),(167,0,12,'{\"189\":\"\"}',1,'2016-04-24 08:20:55','2016-04-24 08:20:55'),(168,0,12,'{\"117\":\"\"}',1,'2016-04-24 08:22:09','2016-04-24 08:22:09'),(169,0,12,'{\"79\":\"\"}',1,'2016-04-24 08:22:45','2016-04-24 08:22:45'),(170,0,12,'{\"128\":\"\"}',1,'2016-04-24 08:22:55','2016-04-24 08:22:55'),(171,0,12,'{\"133\":\"\"}',1,'2016-04-24 08:24:27','2016-04-24 08:24:27'),(172,0,12,'{\"82\":\"\"}',1,'2016-04-24 08:24:49','2016-04-24 08:24:49'),(173,0,12,'{\"87\":\"\"}',1,'2016-04-24 08:24:54','2016-04-24 08:24:54'),(174,0,12,'{\"211\":\"111\"}',1,'2016-04-25 11:35:07','2016-04-25 11:35:07'),(175,0,9,'{\"212\":\"\",\"213\":\"\"}',1,'2016-04-25 11:37:40','2016-04-25 11:37:40'),(176,0,12,'{\"231\":\"\",\"230\":\"\"}',1,'2016-04-25 12:24:20','2016-04-25 12:24:20'),(177,0,12,'{\"227\":\"\",\"228\":\"\",\"229\":\"\"}',1,'2016-04-25 12:24:52','2016-04-25 12:24:52'),(178,0,9,'{\"231\":\"\\u7b2c\\u4e09\\u65b9\\u7b2c\\u4e09\\u65b9\",\"230\":\"\\u7684\\u6240\\u53d1\\u751f\\u7684\\u6536\\u5230\"}',1,'2016-04-25 12:26:47','2016-04-25 12:26:47'),(179,0,9,'{\"80\":\"\"}',1,'2016-04-25 12:27:44','2016-04-25 12:27:44'),(180,0,12,'{\"227\":\"\",\"228\":\"\",\"229\":\"\"}',1,'2016-04-25 12:28:41','2016-04-25 12:28:41'),(181,0,9,'{\"251\":\"\\u89c4\\u8303\\u56de\\u590d\\u5206\",\"253\":\"\\u5206\\u6cd5\\u89c4\\u548c\",\"252\":\"\\u6cd5\\u89c4\\u548c\\u89c4\\u8303\\u53d1\\u4e2a\"}',1,'2016-04-25 12:38:31','2016-04-25 12:38:31'),(182,0,12,'{\"251\":\"\",\"253\":\"\",\"252\":\"\"}',1,'2016-04-25 12:38:36','2016-04-25 12:38:36'),(183,0,12,'{\"256\":\"\",\"254\":\"\",\"255\":\"\"}',1,'2016-04-25 12:47:30','2016-04-25 12:47:30'),(184,0,12,'{\"257\":\"111\",\"258\":\"11\",\"259\":\"11\"}',1,'2016-04-25 13:10:36','2016-04-25 13:10:36'),(185,0,12,'{\"257\":\"\",\"258\":\"\",\"259\":\"\"}',1,'2016-04-25 14:02:51','2016-04-25 14:02:51'),(186,0,12,'{\"35\":\"\"}',1,'2016-04-25 14:18:56','2016-04-25 14:18:56'),(187,0,12,'{\"78\":\"\"}',1,'2016-04-25 14:19:01','2016-04-25 14:19:01'),(188,0,9,'{\"77\":\"\\u6211\\u4e5f\\u4e0d\\u77e5\\u9053\\u554a\"}',1,'2016-04-25 14:21:58','2016-04-25 14:21:58'),(189,0,9,'[\"1\"]',0,'2016-04-25 14:40:50','2016-04-25 14:40:50'),(190,0,9,'{\"9\":\"\",\"10\":\"\",\"11\":\"\",\"12\":\"\",\"13\":\"\"}',1,'2016-04-26 00:05:48','2016-04-26 00:05:48');
/*!40000 ALTER TABLE `exam_answered` ENABLE KEYS */;
UNLOCK TABLES;

--
-- Table structure for table `exam_qst`
--

DROP TABLE IF EXISTS `exam_qst`;
/*!40101 SET @saved_cs_client     = @@character_set_client */;
/*!40101 SET character_set_client = utf8 */;
CREATE TABLE `exam_qst` (
  `id` int(11) NOT NULL AUTO_INCREMENT,
  `exam_id` int(11) NOT NULL,
  `title` varchar(64) DEFAULT NULL,
  `answer` text,
  `created_at` timestamp NOT NULL DEFAULT CURRENT_TIMESTAMP,
  `updated_at` timestamp NOT NULL DEFAULT '0000-00-00 00:00:00',
  PRIMARY KEY (`id`),
  KEY `fk_eq_exam_idx` (`exam_id`)
) ENGINE=MyISAM AUTO_INCREMENT=269 DEFAULT CHARSET=utf8;
/*!40101 SET character_set_client = @saved_cs_client */;

--
-- Dumping data for table `exam_qst`
--

LOCK TABLES `exam_qst` WRITE;
/*!40000 ALTER TABLE `exam_qst` DISABLE KEYS */;
INSERT INTO `exam_qst` VALUES (9,1,'这幅画的特征有哪些？','水电费是 是','2015-11-18 15:04:08','2015-11-18 15:04:08'),(10,1,'通过画的特征，你的解释是什么？','水电费收到收到','2015-11-18 15:04:08','2015-11-18 15:04:08'),(11,1,'综合你所发现的，你该如何回应给绘画者?','收到多少收到收到是是是是','2015-11-18 15:04:08','2015-11-18 15:04:08'),(12,1,'东方饭店订单','大概的地方地方地方 ','2015-11-18 15:04:08','2015-11-18 15:04:08'),(13,1,'大范甘迪地方浮动 ？','圣诞节快放假的说了句发了啥鉴定费了','2015-11-18 15:04:08','2015-11-18 15:04:08'),(30,12,'如果使用共情技术，作为咨询师的你将如何回应来访者呢？','你是说你的父母对于你谈恋爱的事情持有不同的看法，因此你感到烦恼，不知道该怎么办才好，是吗？','2016-04-23 09:13:17','2016-04-23 09:13:17'),(56,9,'通过画的特征，你的解释是什么？','','2016-04-23 09:34:14','2016-04-23 09:34:14'),(55,9,'综合你所发现的，你该如何回应给绘画者?','','2016-04-23 09:34:14','2016-04-23 09:34:14'),(59,10,'综合你所发现的，你该如何回应给摆沙盘者。','','2016-04-23 09:38:18','2016-04-23 09:38:18'),(58,10,'通过观察沙盘的特征，你的解释是什么？','','2016-04-23 09:38:18','2016-04-23 09:38:18'),(57,10,'这个沙盘的特征有哪些？','','2016-04-23 09:38:18','2016-04-23 09:38:18'),(31,13,'如果使用重复技术，作为咨询师的你将如何回应来访者呢？','你父母有不同的意见？','2016-04-23 09:14:02','2016-04-23 09:14:02'),(32,14,'如果使用具体化技术，作为咨询师的你将如何回应来访者呢？','你能具体谈谈你父亲的态度吗？','2016-04-23 09:14:52','2016-04-23 09:14:52'),(33,15,'如果使用内容反应技术，作为咨询师的你将如何回应来访者呢？','父母对于你谈恋爱的事情持有不同的意见是吗？','2016-04-23 09:15:34','2016-04-23 09:15:34'),(35,16,'如果使用情感反应技术，作为咨询师的你将如何回应来访者呢？','你因此感到烦恼，不知道该怎么办才好。','2016-04-23 09:16:39','2016-04-23 09:16:39'),(54,9,'这幅画的特征有哪些？','','2016-04-23 09:34:14','2016-04-23 09:34:14'),(77,25,'如果使用内容反应技术，作为咨询师的你将如何回应来访者呢？','你因为受到母亲的限制而无法忍受，甚至怀疑她是否是你 的亲生母亲，是这样吗？','2016-04-24 05:34:55','2016-04-24 05:34:55'),(78,26,'如果使用情感反应技术，作为咨询师的你将如何回应来访者呢？','你为此而无法忍受母亲的限制。','2016-04-24 05:36:37','2016-04-24 05:36:37'),(79,27,'如果使用具体化技术，作为咨询师的你将如何回应来访者呢？','你母亲一直这样管着你吗？','2016-04-24 05:39:23','2016-04-24 05:39:23'),(80,28,'如果使用重复技术，作为咨询师的你将如何回应来访者呢？','你母亲总是管着你，你无法忍受。','2016-04-24 05:40:17','2016-04-24 05:40:17'),(82,29,'如果使用共情技术，作为咨询师的你将如何回应来访者呢？','你因为受到母亲的限制而感到无法忍受，甚至怀疑她是否是你的亲生母亲。','2016-04-24 05:45:36','2016-04-24 05:45:36'),(83,30,'如果使用内容反应技术，作为咨询师的你将如何回应来访者呢？','你说你去找工作，去几家大企业找工作未被录用，觉得未被录用是因为自己不是名牌大学毕业的，是这样吗？','2016-04-24 05:46:37','2016-04-24 05:46:37'),(84,31,'如果使用情感反应技术，作为咨询师的你将如何回应来访者呢？','你为此心情烦躁，焦虑，而且有些失眠。','2016-04-24 05:47:30','2016-04-24 05:47:30'),(85,32,'如果使用具体化技术，作为咨询师的你将如何回应来访者呢？','为什么你父母认为只有名牌大学生才能找到好工作呢？你父母是什么大学毕业的呢？','2016-04-24 05:48:29','2016-04-24 05:48:29'),(86,33,'如果使用重复技术，作为咨询师的你将如何回应来访者呢？','你担心找不到好工作，心情烦躁、焦虑，晚上睡不着，最近还老做噩梦。','2016-04-24 05:49:26','2016-04-24 05:49:26'),(87,34,'如果使用共情技术，作为咨询师的你将如何回应来访者呢？','你说你去找工作，去几家大企业找工作未被录用，觉得未被录用是因为自己不是名牌大学毕业的，为此你感到心情烦躁，焦虑，而且有些失眠。','2016-04-24 05:51:15','2016-04-24 05:51:15'),(88,35,'如果使用内容反应技术，作为咨询师的你将如何回应来访者呢？','你说你三个月前发现丈夫有外遇，丈夫后来认错，但你却并不接受，是这样吗？','2016-04-24 05:52:23','2016-04-24 05:52:23'),(89,36,'如果使用情感反应技术，作为咨询师的你将如何回应来访者呢？','你为此充满了担心，不相信丈夫会痛改前非，很着急。','2016-04-24 05:54:30','2016-04-24 05:54:30'),(90,37,'如果使用具体化技术，作为咨询师的你将如何回应来访者呢？','你现在的夫妻生活怎么样？','2016-04-24 05:55:14','2016-04-24 05:55:14'),(91,38,'如果使用重复技术，作为咨询师的你将如何回应来访者呢？','你受到领导批评，心里很着急，更睡不好了。','2016-04-24 05:55:54','2016-04-24 05:55:54'),(92,39,'如果使用共情技术，作为咨询师的你将如何回应来访者呢？','你说你三个月前发现丈夫有外遇，丈夫后来认错，但你却并不接受，是这样吗？为此你充满了担心，不相信丈夫会痛改前非，很着急','2016-04-24 05:57:48','2016-04-24 05:57:48'),(93,40,'如果使用内容反应技术，作为咨询师的你将如何回应来访者呢？','你刚才说你十几年来生意一直不错，最近两个月因为几个浙江人拼命压价导致你的产品销量下降，生意亏本，是这样吗？','2016-04-24 05:59:36','2016-04-24 05:59:36'),(95,41,'如果使用情感反应技术，作为咨询师的你将如何回应来访者呢？','你为此感到担忧，心情烦躁。','2016-04-24 06:00:37','2016-04-24 06:00:37'),(96,42,'如果使用具体化技术，作为咨询师的你将如何回应来访者呢？','快被逼破产啦，可以具体说一下你现在的生意情况吗？','2016-04-24 06:04:33','2016-04-24 06:04:33'),(98,43,'如果使用重复技术，作为咨询师的你将如何回应来访者呢？','你这一个多月睡不好觉，心烦得要死。','2016-04-24 06:05:32','2016-04-24 06:05:32'),(99,44,'如果使用共情技术，作为咨询师的你将如何回应来访者呢？','你刚才说你十几年来生意一直不错，最近两个月因为几个浙江人拼命压价导致你的产品销量下降，生意亏本，为此你感到担忧，心情烦躁。','2016-04-24 06:06:46','2016-04-24 06:06:46'),(100,45,'如果使用内容反应技术，作为咨询师的你将如何回应来访者呢？','你刚才讲到你觉得目前的工作收入不高，你想寻求更快的发展却又觉得找不到出路，是这样吗？','2016-04-24 06:07:40','2016-04-24 06:07:40'),(101,46,'如果使用情感反应技术，作为咨询师的你将如何回应来访者呢？','你因此感到忧伤，自己不如他人，不知如何是好。','2016-04-24 06:08:26','2016-04-24 06:08:26'),(102,47,'如果使用具体化技术，作为咨询师的你将如何回应来访者呢？','你想要什么样的生活呢？','2016-04-24 06:09:11','2016-04-24 06:09:11'),(103,48,'如果使用重复技术，作为咨询师的你将如何回应来访者呢？','你觉得自己比不上同学，很苦恼。','2016-04-24 06:09:50','2016-04-24 06:09:50'),(104,49,'如果使用共情技术，作为咨询师的你将如何回应来访者呢？','你刚才讲到你觉得目前的工作收入不高，你想寻求更快的发展却又觉得找不到出路，因此你感到忧伤，自己不如他人，不知如何是好。','2016-04-24 06:11:05','2016-04-24 06:11:05'),(105,50,'如果使用内容反应技术，作为咨询师的你将如何回应来访者呢？','你说你对家庭贡献最大应该继承房子，现在弟弟妹妹却来要求分父母的房子，是这样吗？','2016-04-24 06:12:18','2016-04-24 06:12:18'),(106,51,'如果使用情感反应技术，作为咨询师的你将如何回应来访者呢？','你感到很不公平？','2016-04-24 06:13:01','2016-04-24 06:13:01'),(107,52,'如果使用具体化技术，作为咨询师的你将如何回应来访者呢？','你和弟弟妹妹关系怎么样？','2016-04-24 06:14:01','2016-04-24 06:14:01'),(108,53,'如果使用重复技术，作为咨询师的你将如何回应来访者呢？','弟弟妹妹和你竞争遗产，你觉得很不满。','2016-04-24 06:14:39','2016-04-24 06:14:39'),(109,54,'如果使用共情技术，作为咨询师的你将如何回应来访者呢？','你说你对家庭贡献最大应该继承房子，现在弟弟妹妹却来要求分父母的房子，这让你感到很不公平？','2016-04-24 06:16:00','2016-04-24 06:16:00'),(111,55,'如果使用内容反应技术，作为咨询师的你将如何回应来访者呢？','你发现丈夫有外遇，你对是否该离婚摇摆不定，是这样吗？','2016-04-24 06:17:03','2016-04-24 06:17:03'),(112,56,'如果使用情感反应技术，作为咨询师的你将如何回应来访者呢？','你为此感到烦恼，不知如何是好。','2016-04-24 06:17:59','2016-04-24 06:17:59'),(113,57,'如果使用具体化技术，作为咨询师的你将如何回应来访者呢？','在这之前，你们夫妻关系怎么样？','2016-04-24 06:18:34','2016-04-24 06:18:34'),(116,58,'如果使用重复技术，作为咨询师的你将如何回应来访者呢？','你想离婚，但是工作难找，不知道离婚后怎么生活。','2016-04-24 06:20:16','2016-04-24 06:20:16'),(115,59,'如果使用共情技术，作为咨询师的你将如何回应来访者呢？','你发现丈夫有外遇，你对是否该离婚摇摆不定，你为此感到烦恼，不知如何是好。','2016-04-24 06:20:07','2016-04-24 06:20:07'),(117,60,'如果使用内容反应技术，作为咨询师的你将如何回应来访者呢？','你觉得她处处挑你的错，连你晚上翻身和早上闹铃的事情每天都要说你，是这样吗？','2016-04-24 06:21:05','2016-04-24 06:21:05'),(118,61,'如果使用情感反应技术，作为咨询师的你将如何回应来访者呢？','你为此小心翼翼，非常烦恼。','2016-04-24 06:22:10','2016-04-24 06:22:10'),(121,62,'如果使用具体化技术，作为咨询师的你将如何回应来访者呢？','是发生了什么让她这样呢？你和室友关系怎么样？','2016-04-24 06:23:45','2016-04-24 06:23:45'),(120,63,'如果使用重复技术，作为咨询师的你将如何回应来访者呢？','你现在晚上不敢放心睡觉，看到那个女生就觉得烦死了。','2016-04-24 06:23:35','2016-04-24 06:23:35'),(123,64,'如果使用共情技术，作为咨询师的你将如何回应来访者呢？','你觉得她处处挑你的错，连你晚上翻身和早上闹铃的事情每天都要说你，你为此小心翼翼，非常烦恼。','2016-04-24 06:25:04','2016-04-24 06:25:04'),(124,65,'如果使用内容反应技术，作为咨询师的你将如何回应来访者呢？','你说你用电脑录入处方时出现了失误，事后怕老师责备也没有告诉老师，但是你又担心病人有不良反应并来追究你的责任，是这样吗？','2016-04-24 06:26:32','2016-04-24 06:26:32'),(126,66,'如果使用情感反应技术，作为咨询师的你将如何回应来访者呢？','你为此感到担忧，害怕。','2016-04-24 06:27:36','2016-04-24 06:27:36'),(128,67,'如果使用具体化技术，作为咨询师的你将如何回应来访者呢？','你有被老师骂过吗？','2016-04-24 06:28:41','2016-04-24 06:28:41'),(129,68,'如果使用重复技术，作为咨询师的你将如何回应来访者呢？','你晚上做噩梦，梦见患者找上门来。','2016-04-24 06:29:38','2016-04-24 06:29:38'),(130,69,'如果使用共情技术，作为咨询师的你将如何回应来访者呢？','你说你用电脑录入处方时出现了失误，事后怕老师责备也没有告诉老师，但是你又担心病人有不良反应并来追究你的责任，你为此感到担忧，害怕。','2016-04-24 06:31:21','2016-04-24 06:31:21'),(131,70,'如果使用内容反应技术，作为咨询师的你将如何回应来访者呢？','你说老师布置完任务时你为了调节气氛喜欢讲笑话，可你的组员们觉得你浮躁不负责任，不信任你，是这样吗？','2016-04-24 07:06:05','2016-04-24 07:06:05'),(132,71,'如果使用情感反应技术，作为咨询师的你将如何回应来访者呢？','你因此感到非常的无辜，被冤枉了。','2016-04-24 07:06:51','2016-04-24 07:06:51'),(133,72,'如果使用具体化技术，作为咨询师的你将如何回应来访者呢？','你和同学们的关系怎么样？','2016-04-24 07:07:45','2016-04-24 07:07:45'),(134,73,'如果使用重复技术，作为咨询师的你将如何回应来访者呢？','你觉得你好好做了事，组员们还老是说你，而不说那些不好好做事的人。','2016-04-24 07:08:36','2016-04-24 07:08:36'),(135,74,'如果使用共情技术，作为咨询师的你将如何回应来访者呢？','你说老师布置完任务时你为了调节气氛喜欢讲笑话，可你的组员们觉得你浮躁不负责任，不信任你，因此你感到非常的无辜，被冤枉了。','2016-04-24 07:10:02','2016-04-24 07:10:02'),(138,75,'如果使用内容反应技术，作为咨询师的你将如何回应来访者呢？','你说一个月前同学嘲笑你的体型，现在你觉得同学总是在嘲笑你，很苦恼，是这样吗？','2016-04-24 07:12:02','2016-04-24 07:12:02'),(137,76,'如果使用情感反应技术，作为咨询师的你将如何回应来访者呢？','你为此感到忧伤，苦恼。','2016-04-24 07:11:32','2016-04-24 07:11:32'),(139,77,'如果使用具体化技术，作为咨询师的你将如何回应来访者呢？','你一直觉得自己差劲吗？','2016-04-24 07:12:44','2016-04-24 07:12:44'),(140,78,'如果使用重复技术，作为咨询师的你将如何回应来访者呢？','你很苦恼。','2016-04-24 07:13:26','2016-04-24 07:13:26'),(141,79,'如果使用共情技术，作为咨询师的你将如何回应来访者呢？','你说一个月前同学嘲笑你的体型，现在你觉得同学总是在嘲笑你，为此你很苦恼，是这样吗？','2016-04-24 07:14:41','2016-04-24 07:14:41'),(142,80,'如果使用内容反应技术，作为咨询师的你将如何回应来访者呢？','你说你大三了，自己也想考研，但担心自己一直以来的拖延习惯难以改正而使考研失败，是这样吗？','2016-04-24 07:15:29','2016-04-24 07:15:29'),(143,81,'如果使用情感反应技术，作为咨询师的你将如何回应来访者呢？','你为此感到苦恼和担忧。','2016-04-24 07:16:10','2016-04-24 07:16:10'),(144,82,'如果使用具体化技术，作为咨询师的你将如何回应来访者呢？','你以前是怎样的呢？','2016-04-24 07:17:00','2016-04-24 07:17:00'),(145,83,'如果使用重复技术，作为咨询师的你将如何回应来访者呢？','你很苦恼，想改掉自己的坏毛病。','2016-04-24 07:17:48','2016-04-24 07:17:48'),(146,84,'如果使用共情技术，作为咨询师的你将如何回应来访者呢？','你说你大三了，自己也想考研，但担心自己一直以来的拖延习惯难以改正而使考研失败，为此你感到苦恼和担忧。','2016-04-24 07:18:58','2016-04-24 07:18:58'),(147,85,'如果使用内容反应技术，作为咨询师的你将如何回应来访者呢？','你说你的那些同事总是，开你和一个男生的玩笑，你难以接受这些玩笑话，是这样吗？','2016-04-24 07:20:12','2016-04-24 07:20:12'),(148,86,'如果使用情感反应技术，作为咨询师的你将如何回应来访者呢？','你为此感到不高兴，不知该如何是好。','2016-04-24 07:20:53','2016-04-24 07:20:53'),(149,87,'如果使用具体化技术，作为咨询师的你将如何回应来访者呢？','你喜欢什么样的男生呢？','2016-04-24 07:21:55','2016-04-24 07:21:55'),(151,88,'如果使用重复技术，作为咨询师的你将如何回应来访者呢？','你和同事关系比较紧张，不知道该怎么办。','2016-04-24 07:22:43','2016-04-24 07:22:43'),(152,89,'如果使用共情技术，作为咨询师的你将如何回应来访者呢？','你说你的那些同事总是，开你和一个男生的玩笑，你难以接受这些玩笑话，为此你感到不高兴，不知该如何是好，是吗？','2016-04-24 07:23:49','2016-04-24 07:23:49'),(153,90,'如果使用内容反应技术，作为咨询师的你将如何回应来访者呢？','你说你比你男朋友大两岁，你觉得三年来你们感情一直不错。现在你想结婚而你男朋友好像不这么想，是这样吗？','2016-04-24 07:24:42','2016-04-24 07:24:42'),(154,91,'如果使用情感反应技术，作为咨询师的你将如何回应来访者呢？','你为此感到着急，苦恼，不知该如何是好。','2016-04-24 07:25:21','2016-04-24 07:25:21'),(155,92,'如果使用具体化技术，作为咨询师的你将如何回应来访者呢？','你是怎么与他谈结婚的事情的，怎么暗示的他？','2016-04-24 07:26:56','2016-04-24 07:26:56'),(156,93,'如果使用重复技术，作为咨询师的你将如何回应来访者呢？','你很想结婚，但是你男友不这么想，你纠结是否要放弃。','2016-04-24 07:27:39','2016-04-24 07:27:39'),(157,94,'如果使用共情技术，作为咨询师的你将如何回应来访者呢？','你说你比你男朋友大两岁，你觉得三年来你们感情一直不错。现在你想结婚而你男朋友好像不这么想，为此你感到着急，苦恼，不知该如何是好。','2016-04-24 07:28:52','2016-04-24 07:28:52'),(158,95,'如果使用内容反应技术，作为咨询师的你将如何回应来访者呢？','你说你丈夫什么都听你婆婆的话，不接纳你的意见，房子装修时你想装地暖可你丈夫却听你婆婆的话要装暖气，这样吗？','2016-04-24 07:30:00','2016-04-24 07:30:00'),(159,96,'如果使用情感反应技术，作为咨询师的你将如何回应来访者呢？','你因此感到生气，觉得以后的日子不好过。','2016-04-24 07:30:44','2016-04-24 07:30:44'),(160,97,'如果使用具体化技术，作为咨询师的你将如何回应来访者呢？','你家里面是谁做主呢？','2016-04-24 07:31:34','2016-04-24 07:31:34'),(161,98,'如果使用重复技术，作为咨询师的你将如何回应来访者呢？','你很生气，不满丈夫什么都听他妈的。','2016-04-24 07:32:15','2016-04-24 07:32:15'),(162,99,'如果使用共情技术，作为咨询师的你将如何回应来访者呢？','你说你丈夫什么都听你婆婆的话，不接纳你的意见，房子装修时你想装地暖可你丈夫却听你婆婆的话要装暖气，因此你感到生气，觉得以后的日子不好过。','2016-04-24 07:33:14','2016-04-24 07:33:14'),(163,100,'如果使用内容反应技术，作为咨询师的你将如何回应来访者呢？','您说您女儿十二岁时因为在招待客人的饭局上打翻了汤而被姥爷拎出去训了一顿，从那以后就不敢出去吃饭也不敢和客人在家吃饭，变得孤僻了，是这样吗？','2016-04-24 07:34:21','2016-04-24 07:34:21'),(164,101,'如果使用情感反应技术，作为咨询师的你将如何回应来访者呢？','你感到难受，想帮助女儿，不想让女儿变得孤僻。','2016-04-24 07:35:08','2016-04-24 07:35:08'),(165,102,'如果使用具体化技术，作为咨询师的你将如何回应来访者呢？','你女儿跟你一样敏感什么呢？','2016-04-24 07:35:48','2016-04-24 07:35:48'),(166,103,'如果使用重复技术，作为咨询师的你将如何回应来访者呢？','你心里特别难受，不知到怎么办。','2016-04-24 07:36:31','2016-04-24 07:36:31'),(167,104,'如果使用共情技术，作为咨询师的你将如何回应来访者呢？','您说您女儿十二岁时因为在招待客人的饭局上打翻了汤而被姥爷拎出去训了一顿，从那以后就不敢出去吃饭也不敢和客人在家吃饭，变得孤僻了，因此你感到难受，想帮助女儿，不想让女儿变得孤僻。','2016-04-24 07:38:09','2016-04-24 07:38:09'),(168,105,'如果使用内容反应技术，作为咨询师的你将如何回应来访者呢？','你说你考了年级第二，老师发奖状时却没有你的名字，同学也觉得很奇怪甚至觉得他们幸灾乐祸，是这样吗？','2016-04-24 07:38:55','2016-04-24 07:38:55'),(170,106,'如果使用情感反应技术，作为咨询师的你将如何回应来访者呢？','你为此感到难堪，失望。','2016-04-24 07:39:48','2016-04-24 07:39:48'),(171,107,'如果使用具体化技术，作为咨询师的你将如何回应来访者呢？','你觉得奖状很重要吗？','2016-04-24 07:40:30','2016-04-24 07:40:30'),(172,108,'如果使用重复技术，作为咨询师的你将如何回应来访者呢？','你觉得很丢脸，睡眠变差了，上课也听不进去。','2016-04-24 07:41:21','2016-04-24 07:41:21'),(173,109,'如果使用共情技术，作为咨询师的你将如何回应来访者呢？','你说你考了年级第二，老师发奖状时却没有你的名字，同学也觉得很奇怪甚至觉得他们幸灾乐祸，为此你感到难堪，失望。','2016-04-24 07:42:25','2016-04-24 07:42:25'),(174,110,'如果使用内容反应技术，作为咨询师的你将如何回应来访者呢？','你说你母亲赚钱很辛苦，你父亲做传销向你妈要钱，你妈不给他，他想动手打你母亲，你气愤极了动手打了你父亲，是这样吗？','2016-04-24 07:43:50','2016-04-24 07:43:50'),(175,111,'如果使用情感反应技术，作为咨询师的你将如何回应来访者呢？','你觉得你自己做的对，但是母亲却不体谅你。','2016-04-24 07:44:29','2016-04-24 07:44:29'),(176,112,'如果使用具体化技术，作为咨询师的你将如何回应来访者呢？','你父母感情怎么样？','2016-04-24 07:45:07','2016-04-24 07:45:07'),(177,113,'如果使用重复技术，作为咨询师的你将如何回应来访者呢？','你觉得母亲不体谅你。','2016-04-24 07:45:49','2016-04-24 07:45:49'),(178,114,'如果使用共情技术，作为咨询师的你将如何回应来访者呢？','你说你母亲赚钱很辛苦，你父亲做传销向你妈要钱，你妈不给他，他想动手打你母亲，你气愤极了动手打了你父亲，你觉得你自己做的对，但是母亲却不体谅你。','2016-04-24 07:46:58','2016-04-24 07:46:58'),(179,115,'如果使用内容反应技术，作为咨询师的你将如何回应来访者呢？','来到离家很远的地方读大学后，看到室友父母对孩子的关怀备至，觉得自己的父母不关心自己，是这样吗？','2016-04-24 07:47:50','2016-04-24 07:47:50'),(180,116,'如果使用情感反应技术，作为咨询师的你将如何回应来访者呢？','你为此感到孤独，凄凉，觉得父母给的关心不够。','2016-04-24 07:48:38','2016-04-24 07:48:38'),(181,117,'如果使用具体化技术，作为咨询师的你将如何回应来访者呢？','你觉得你需要父母怎么样的关心呢？','2016-04-24 07:49:27','2016-04-24 07:49:27'),(182,118,'如果使用重复技术，作为咨询师的你将如何回应来访者呢？','你觉得自己恨孤单，父母没有多关心你。','2016-04-24 07:50:10','2016-04-24 07:50:10'),(183,119,'如果使用共情技术，作为咨询师的你将如何回应来访者呢？','来到离家很远的地方读大学后，看到室友父母对孩子的关怀备至，觉得自己的父母不关心自己，为此你感到孤独，凄凉，觉得父母给的关心不够，是吗？','2016-04-24 07:51:21','2016-04-24 07:51:21'),(184,120,'如果使用内容反应技术，作为咨询师的你将如何回应来访者呢？','你寝室室友都有了男朋友，就你一个人还是单身，你感觉自己成了她们中间的一个异类，是这样吗？','2016-04-24 07:52:22','2016-04-24 07:52:22'),(185,121,'如果使用情感反应技术，作为咨询师的你将如何回应来访者呢？','你觉得自己有些另类，别扭，不知该怎么办？','2016-04-24 07:53:00','2016-04-24 07:53:00'),(186,122,'如果使用具体化技术，作为咨询师的你将如何回应来访者呢？','你想谈恋爱吗？','2016-04-24 07:53:40','2016-04-24 07:53:40'),(187,123,'如果使用重复技术，作为咨询师的你将如何回应来访者呢？','全寝就你没谈恋爱，让你觉得自己另类，非常别扭，不知道该怎么办。','2016-04-24 07:54:36','2016-04-24 07:54:36'),(188,124,'如果使用共情技术，作为咨询师的你将如何回应来访者呢？','你寝室室友都有了男朋友，就你一个人还是单身，你感觉自己成了她们中间的一个异类，感到很别扭，不知该怎么办？','2016-04-24 07:55:38','2016-04-24 07:55:38'),(189,125,'如果使用内容反应技术，作为咨询师的你将如何回应来访者呢？','你说你和你妻子结婚七年，你父母一直希望你们要个孩子，你和你妻子现在对于是否现在生孩子产生了分歧，是这样吗？','2016-04-24 07:56:39','2016-04-24 07:56:39'),(190,126,'如果使用情感反应技术，作为咨询师的你将如何回应来访者呢？','你为此感到烦恼，觉得妻子不够体谅你。','2016-04-24 07:57:31','2016-04-24 07:57:31'),(191,127,'如果使用具体化技术，作为咨询师的你将如何回应来访者呢？','你们夫妻关系怎么样？','2016-04-24 07:58:10','2016-04-24 07:58:10'),(192,128,'如果使用重复技术，作为咨询师的你将如何回应来访者呢？','你想要个孩子，但是你妻子目前不想要，你不知道该这么说服她。','2016-04-24 07:58:52','2016-04-24 07:58:52'),(193,129,'如果使用共情技术，作为咨询师的你将如何回应来访者呢？','你说你和你妻子结婚七年，你父母一直希望你们要个孩子，你和你妻子现在对于是否现在生孩子产生了分歧，为此你感到烦恼，觉得妻子不够体谅你。','2016-04-24 07:59:51','2016-04-24 07:59:51'),(194,130,'如果使用内容反应技术，作为咨询师的你将如何回应来访者呢？','你说你大学毕业为了找个好工作就去整容，后来你认识的男朋友喜欢你也有很大原因是觉得你漂亮，后来却担心整容的事情被男友知道，是这样吗？','2016-04-24 08:01:03','2016-04-24 08:01:03'),(195,131,'如果使用情感反应技术，作为咨询师的你将如何回应来访者呢？','你为此感到担心，害怕失去男朋友。','2016-04-24 08:10:32','2016-04-24 08:10:32'),(196,132,'如果使用具体化技术，作为咨询师的你将如何回应来访者呢？','你跟你男朋友是怎么开始的呢？','2016-04-24 08:12:03','2016-04-24 08:12:03'),(197,133,'如果使用重复技术，作为咨询师的你将如何回应来访者呢？','你总是做噩梦，纠结要不要告诉男友。','2016-04-24 08:12:46','2016-04-24 08:12:46'),(198,134,'如果使用共情技术，作为咨询师的你将如何回应来访者呢？','你说你大学毕业为了找个好工作就去整容，后来你认识的男朋友喜欢你也有很大原因是觉得你漂亮，后来却担心整容的事情被男友知道，你为此感到担心，害怕失去男朋友。','2016-04-24 08:13:55','2016-04-24 08:13:55'),(199,135,'如果使用内容反应技术，作为咨询师的你将如何回应来访者呢？','你是说你看到爸爸妈妈吵架时妈妈的样子有些可怕，是这样吗？','2016-04-24 08:14:43','2016-04-24 08:14:43'),(200,136,'如果使用情感反应技术，作为咨询师的你将如何回应来访者呢？','为此你感到害怕，不知如何与母亲相处。','2016-04-24 08:15:24','2016-04-24 08:15:24'),(201,137,'如果使用具体化技术，作为咨询师的你将如何回应来访者呢？','是从什么时候开始的呢？         你爸妈经常吵架吗？         你爸妈一直吵架吗？','2016-04-24 08:16:06','2016-04-24 08:16:06'),(202,138,'1.就我卡机刷卡的','所得税法收到','2016-04-24 08:36:31','2016-04-24 08:36:31'),(203,138,'2.水电费水电费','方式发生的发生的','2016-04-24 08:36:31','2016-04-24 08:36:31'),(204,139,'1.就我卡机刷卡的','似懂非懂是收到','2016-04-24 08:37:54','2016-04-24 08:37:54'),(205,139,'2.水电费水电费','水电费收到发生的收到','2016-04-24 08:37:54','2016-04-24 08:37:54'),(206,140,'这幅画的特征有哪些？','','2016-04-24 09:06:51','2016-04-24 09:06:51'),(207,140,'通过画的特征，你的解释是什么？','','2016-04-24 09:06:51','2016-04-24 09:06:51'),(208,140,'综合你所发现的，你该如何回应给绘画者?','','2016-04-24 09:06:51','2016-04-24 09:06:51'),(260,150,'这幅画的特征有哪些？','位置  一开始画在画面中间但后来擦去，在整个画面的左侧视角  单面的房子笔触、线条  长线条居多，线条不圆滑④整体  整个房子为现代化大楼(高楼大厦)，单面墙⑤屋顶  尖锐，有烟囱，烟向右飘⑥墙壁  透明墙，强调客厅⑦地基  较平稳，略微偏向右上⑧门、窗   门较小，双扇拱门，狭窄窗⑨屋顶上有天窗，墙壁前还画有梯子可直接爬上屋顶','2016-04-25 13:12:06','2016-04-25 13:12:06'),(257,149,'这幅画的特征有哪些？','①位置   位于画面偏右 ②视角   立体的房子 ③笔触、线条   圆滑线多，有变向线 ④整体   整体为童话房子型 ⑤墙壁   强调墙壁柱子的垂直线条 ⑥地基   地基线平稳 ⑦）门、窗   双扇门，一楼有两扇非常小的窗户，二楼有一个有打开窗帘的落地窗 ⑧房子上有围栏','2016-04-25 12:50:50','2016-04-25 12:50:50'),(258,149,'通过画的特征，你的解释是什么？','①说明画者比较理性，关注未来，在决策上比较直接，不拖拉。 ②说明智商较好，想象力好。 ③说明画者喜爱自由，健康，适应性较好；变向线说明画者掌控力好。④说明画者爱幻想，有时候会表现出童趣的一面。 ⑤说明画者在寻求一种支撑。 ⑥说明家庭稳定感充足。 ⑦双扇门说明画者有很浓的怀旧情怀；画中的窗则说明画者在一开始与人交往之时比较害羞，给人一种难以接近的感觉，随着交往的密切，画者能够控制自己的不安感，应付自如，但是会给人一种敏感的感觉。并且画者比较追求美感。 ⑧画者对交往有一段时间的朋友仍有防御性，与他人有保留地交谈。没有安全感','2016-04-25 12:50:50','2016-04-25 12:50:50'),(259,149,'综合你所发现的，你该如何回应给绘画者?','画者理性，关注未来，在决策上比较直接，不拖拉，追求美感。爱幻想，但是有时候会表现出童趣的一面；画者没有安全感，在交往之初时比较害羞，给人一种难以接近的感觉。随着交往的密切，画者虽然能够控制自己的不安感，应付自如，但是与朋友交流也是有保留地交流，给人一种敏感的感觉。画者要是能卸下自己防卫的铠甲，多与朋友交心会过得更开心的。','2016-04-25 12:50:50','2016-04-25 12:50:50'),(251,148,'这幅画的特征有哪些？','房树人BUG查房树人BUG查房树人BUG查房树人BUG查房树','2016-04-25 12:37:54','2016-04-25 12:37:54'),(253,148,'综合你所发现的，你该如何回应给绘画者?','房树人BUG查房树人BUG查房树人BUG查房树人BUG查房树人BUG查房树人BUG查房树人BUG查房树人BUG查房树人BUG查房树人BUG查','2016-04-25 12:37:54','2016-04-25 12:37:54'),(252,148,'通过画的特征，你的解释是什么？','房树人BUG查房树人BUG查房树人BUG查房树人BUG查房树人BUG查房树人BUG查房树人BUG查房树人BUG查房树人BUG查房树人BUG查房树人BUG查房树人BUG查房树人BUG查房树人BUG查房树人BUG查','2016-04-25 12:37:54','2016-04-25 12:37:54'),(261,150,'通过画的特征，你的解释是什么？','说明了画者感性、留恋过去、有母性的一面，也有可能是由于青少年听从教师建议不浪费纸张想要铺满整个画面，没有实际意义。说明画者思维较简单。长线条代表较强的控制感，不圆滑的线条表明画者不想依赖父母却可能受约束，适应性不是很好。④画者为中小学生，高楼大厦多为中小学所画，大厦表明画者有理性思维、关注竞争、缺乏安全感；单面墙也说明了画者内向，思想单纯。⑤屋顶尖锐，说明画者性格冲动，青春期中比较关注自我；烟向右说明画者有来自于对过去的焦虑。⑥透明墙说明该画者处于青春期，正在探索自我与外界的界限；强调客厅则说明画者关注人际关系和自己的社交网络。⑦说明家庭较稳定，地基线偏向右上则说明了画者有对未来努力的意识。⑧小双扇拱门说明该画者处于青春期，性格有些内向，渴望与异性交流却又不敢交流，存在内心想要依恋家庭又想逃离家庭的矛盾心理；狭窄窗也表明了画者内向，羞怯。⑨说明了画者有理想有抱负，说明画者渴望成功。','2016-04-25 13:12:06','2016-04-25 13:12:06'),(262,150,'综合你所发现的，你该如何回应给绘画者?','画者的性格内向，控制感好。同时也十分关注自己的人际交往。可能是由于处于青春期，所以画者表现出了一种矛盾的情感——性格内向，渴望与异性交流却又不敢交流；内心想要依恋家庭又想逃离家庭。其实画者能勇敢地表达出自己的观点会让生活变得更精彩；画者对未来有很美好的想象，但是由于有点缺乏安全感会害怕做出改变。我觉得要是画者能勇敢地踏出第一步，一切问题都会迎刃而解的。','2016-04-25 13:12:06','2016-04-25 13:12:06'),(263,151,'这幅画的特征有哪些？','①位置   位于整个画面的中间偏右②视角   俯瞰的房子③笔触、线条   反复仔细描绘线条④整体   房子为现代化房子⑤屋顶   露天天台⑥墙壁   强调墙壁线条⑦地基   地基线相对平稳，但强调右边线条⑧门、窗   两个有台阶拉开的门，只有二楼有窗⑨房子有露天天台和阳台，房子左前方有一盏路灯。','2016-04-25 13:13:13','2016-04-25 13:13:13'),(264,151,'通过画的特征，你的解释是什么？','①画者比较理智，关注未来。②说明画者觉得自身有优越感，渴望自由，比较自信认为自己是权威，有些反抗家庭灌输的观念。③说明画者有焦虑的情绪。④说明画者比较现实，智商比较高。⑤说明画者比较重视享受。⑥说明画者在人际交往中有一定的防御心理。⑦家庭稳定感好，画者希望自己未来的家庭也稳定。⑧两个有台阶拉开的门，只有二楼有窗(说明画者以自我为中心，积极与外界交流，个性要强，坚持按自己的想法做事，不循规蹈矩。⑨说明画者注重享受，对外界有一定的防御心理，希望找到家与外界环境交流的一个支点，同时希望对沉闷的家引入一些新鲜的物质和能量；画者认为自己不该遗忘历史。','2016-04-25 13:13:13','2016-04-25 13:13:13'),(265,151,'综合你所发现的，你该如何回应给绘画者?','画者以自我为中心，积极与外界交流，个性要强，坚持按自己的想法做事，不循规蹈矩。但有时候太过于坚持自我会伤害到他人的情感。所以在平时生活中画者要是能注意照顾一下他人的情感就更好了；画者智商很高，重视享受，家庭的稳定感好。在人际交往中有一定的防御心理，会对陌生人表现出攻击性。画者若是能够给别人多一点信任感，多表现出友好的一面就更好了。','2016-04-25 13:13:13','2016-04-25 13:13:13'),(266,152,'这幅画的特征有哪些？','①位置   位于画面右侧 ②视角   近处的房子 ③笔触、线条  线条较柔和，直线多 ④整体   单面墙 ⑤屋顶   屋顶过大 ⑥墙壁   强调垂直线 ⑦地基   地基线朝右倾斜 ⑧门、窗   没有门，空窗','2016-04-25 13:14:53','2016-04-25 13:14:53'),(267,152,'通过画的特征，你的解释是什么？','①说明画者比较现实，关注将来，注重外在生活和客观意识，同时性格里有男性化的特征。 ②说明画者有现实感环境，适应能力强，比较关注自身的感受。 ③说明画者喜欢自由，适应性好，自我意识强，对行动控制好。 ④说明画者人格和谐，思维较简单，适应性良好。 ⑤说明画者好幻想，近期压力大。 ⑥说明画者有时候将事情想得过于理想化，难以实现，不能脚踏实地。⑦说明近期画者家里稳定感不足，可能会有新生命降临。 ⑧说明画者对外界有防御心理；空窗说明画者性格直率，在人际交往中不使用机技巧。','2016-04-25 13:14:53','2016-04-25 13:14:53'),(268,152,'综合你所发现的，你该如何回应给绘画者?','画者人格和谐，思维简单，适应性良好。但是画者有时候将事情想得过于理想化，难以实现，不能脚踏实地。画者要是可以立足于当下考虑问题，生活中的很多烦恼都会消除；画者喜欢自由，自我意识强，对行动控制好，但是对外界有防御心理。有时候过于防御外界会给人带来一种不友好的感觉。画者要是能够适度地防御外界，会收获更多的朋友。','2016-04-25 13:14:53','2016-04-25 13:14:53');
/*!40000 ALTER TABLE `exam_qst` ENABLE KEYS */;
UNLOCK TABLES;

--
-- Table structure for table `praise`
--

DROP TABLE IF EXISTS `praise`;
/*!40101 SET @saved_cs_client     = @@character_set_client */;
/*!40101 SET character_set_client = utf8 */;
CREATE TABLE `praise` (
  `id` int(11) NOT NULL AUTO_INCREMENT,
  `user_id` int(11) NOT NULL,
  `project_id` int(11) NOT NULL,
  `type` enum('normal','exam','article','image','audio','video') NOT NULL,
  `created_at` timestamp NOT NULL DEFAULT CURRENT_TIMESTAMP COMMENT '创建日期',
  `updated_at` timestamp NULL DEFAULT NULL,
  PRIMARY KEY (`id`),
  KEY `fk_praise_user_idx` (`user_id`)
) ENGINE=MyISAM DEFAULT CHARSET=utf8;
/*!40101 SET character_set_client = @saved_cs_client */;

--
-- Dumping data for table `praise`
--

LOCK TABLES `praise` WRITE;
/*!40000 ALTER TABLE `praise` DISABLE KEYS */;
/*!40000 ALTER TABLE `praise` ENABLE KEYS */;
UNLOCK TABLES;

--
-- Table structure for table `project`
--

DROP TABLE IF EXISTS `project`;
/*!40101 SET @saved_cs_client     = @@character_set_client */;
/*!40101 SET character_set_client = utf8 */;
CREATE TABLE `project` (
  `id` int(11) NOT NULL AUTO_INCREMENT,
  `category_id` int(11) NOT NULL,
  `title` text,
  `content` text,
  `type` enum('normal','exam','article','image','audio','video') NOT NULL DEFAULT 'normal',
  `resource_url` varchar(255) DEFAULT NULL,
  `praise_count` int(11) NOT NULL DEFAULT '0' COMMENT '赞同数',
  `view_count` int(11) NOT NULL DEFAULT '0' COMMENT '浏览人数',
  `collect_count` int(11) NOT NULL DEFAULT '0' COMMENT '收藏数',
  `enable_test` enum('yes','no') NOT NULL DEFAULT 'no',
  `test_type` enum('single','multiple','other') DEFAULT NULL COMMENT '测试类型',
  `answer` text COMMENT '答案，json格式,格式如下,这样设计支持多选\n[\n{"answer":true,"text":"da an nei rong"},\n{"answer":false,"text":"da an nei rong"},\n{"answer":false,"text":"da an nei rong"},\n{"answer":false,"text":"da an nei rong"},\n]\n',
  `created_at` timestamp NOT NULL DEFAULT CURRENT_TIMESTAMP,
  `enable_comment` enum('yes','no') NOT NULL DEFAULT 'yes',
  `order_by` int(11) DEFAULT '0',
  `test_count` int(11) NOT NULL DEFAULT '0' COMMENT '测试人数',
  `thumbnail` varchar(255) DEFAULT NULL,
  `description` varchar(255) DEFAULT NULL,
  PRIMARY KEY (`id`),
  KEY `FK_7t3pfhxi3tmfxbcraljg29qvi` (`category_id`)
) ENGINE=MyISAM AUTO_INCREMENT=35 DEFAULT CHARSET=utf8;
/*!40101 SET character_set_client = @saved_cs_client */;

--
-- Dumping data for table `project`
--

LOCK TABLES `project` WRITE;
/*!40000 ALTER TABLE `project` DISABLE KEYS */;
INSERT INTO `project` VALUES (1,8,'这是题干','这是补充说明','exam',NULL,0,0,0,'no',NULL,'[{\"answer\":false,\"text\":\"的所发生的刚\"},{\"answer\":false,\"text\":\"是大法官的双方各\"},{\"answer\":true,\"text\":\"的双方各收到\"},{\"answer\":false,\"text\":\"是是广泛的发\"}]','2015-07-09 13:27:46','yes',0,0,NULL,NULL),(2,8,'第二题，轻坠','楼上的客户方会计上','exam',NULL,0,0,0,'no',NULL,'[{\"answer\":true,\"text\":\"啥地方开始的恢复会计师的咖啡\"},{\"answer\":true,\"text\":\"孙丹菲广东省高\"},{\"answer\":true,\"text\":\"了贷款卡缴费的烧烤郭德纲\"},{\"answer\":false,\"text\":\"梵蒂冈的非官方的个\"}]','2015-07-09 13:28:25','yes',0,0,NULL,NULL),(3,8,'水电费水电费','<h1>水电费水电费深刻的九分裤上对方会尽快是的粉色的</h1><br><br>孙丹菲离开深刻的放<br>孙丹菲','exam',NULL,0,0,0,'no',NULL,'[{\"answer\":true,\"text\":\"上大方的说法\"},{\"answer\":true,\"text\":\"孙丹菲地方\"},{\"answer\":false,\"text\":\"的非官方的\"},{\"answer\":false,\"text\":\"发给发\"}]','2015-07-09 14:35:47','yes',0,0,NULL,NULL),(4,8,'这个是为什么呢','<ul><li>所说的分公司的</li><li>的说法都是</li><li>的地方</li><li>地方的</li></ul>','exam',NULL,0,0,0,'no',NULL,'[{\"answer\":true,\"text\":\"的风格大方\"},{\"answer\":true,\"text\":\"的风格地方地方\"},{\"answer\":false,\"text\":\"地方地方地方\"},{\"answer\":false,\"text\":\"体育体育\"}]','2015-07-09 14:40:40','yes',0,0,NULL,NULL),(5,8,'这个是为什么呢','<ul><li>所说的分公司的</li><li>的说法都是</li><li>的地方</li><li>地方的</li></ul>','exam',NULL,0,0,0,'no',NULL,'[{\"answer\":true,\"text\":\"的风格大方\"},{\"answer\":true,\"text\":\"的风格地方地方\"},{\"answer\":false,\"text\":\"地方地方地方\"},{\"answer\":false,\"text\":\"天然556756765\"}]','2015-07-09 14:42:14','yes',0,0,NULL,NULL),(6,8,'再来一题如何','好的，没问题','exam',NULL,0,0,0,'no',NULL,'[{\"answer\":true,\"text\":\"这就是答案\"},{\"answer\":false,\"text\":\"这不是答案B\"},{\"answer\":false,\"text\":\"这不是答案C\"},{\"answer\":false,\"text\":\"这不是答案D\"}]','2015-07-10 14:14:05','yes',0,0,NULL,NULL),(7,8,'这是新的试题 是的是的是的是的','是的粉色的国际法的鬼地方是个可尽快的说法韩国','exam',NULL,0,0,0,'no',NULL,'[{\"answer\":true,\"text\":\"广泛的广泛的广泛的\"},{\"answer\":false,\"text\":\"的非官方的个的方法的个\"},{\"answer\":false,\"text\":\"的非官方的个福德宫地方\"},{\"answer\":false,\"text\":\"的法国人特意特然\"}]','2015-07-11 14:44:10','yes',0,0,NULL,NULL),(8,16,'fsdfsdsf','sdfsdfsdffffffffdfdgsdfsdfsdffffffffdfdgsdfsdfsdffffffffdfdgsdfsdfsdffffffffdfdg','exam',NULL,0,0,0,'no',NULL,'[{\"answer\":true,\"text\":\"dfgdfgdfg\"},{\"answer\":false,\"text\":\"fdgdfgerwt43534\"},{\"answer\":false,\"text\":\"45656ttrytr\"},{\"answer\":false,\"text\":\"ytrhthgfhcfdfg\"}]','2015-07-12 07:52:28','yes',0,0,NULL,NULL),(9,8,'这是题干','这是补充说明','exam',NULL,0,0,0,'no',NULL,'[{\"answer\":true,\"text\":\"我了个擦，\"},{\"answer\":true,\"text\":\"为什么会这样呢\"},{\"answer\":false,\"text\":\"水电费的\"},{\"answer\":false,\"text\":\"孙丹菲收到\"}]','2015-07-12 08:28:55','yes',0,0,NULL,NULL),(10,8,'这是题干','这是补充说明','exam',NULL,0,0,0,'no',NULL,'[{\"answer\":false,\"text\":\"的风格风格的风格大方\"},{\"answer\":false,\"text\":\"梵蒂冈梵蒂冈的风格\"},{\"answer\":true,\"text\":\"梵蒂冈梵蒂冈地方\"},{\"answer\":false,\"text\":\"的非官方的个梵蒂冈\"}]','2015-07-12 08:30:18','yes',0,0,NULL,NULL),(11,8,'这是题干','这是补充说明','exam',NULL,0,0,0,'no',NULL,'[{\"answer\":true,\"text\":\"的风格的非官方的个\"},{\"answer\":true,\"text\":\"的非官方的个的非官方的\"},{\"answer\":true,\"text\":\"的法规的法规瑞特人员用\"},{\"answer\":false,\"text\":\"挺容易热一热依然\"}]','2015-07-12 08:31:24','yes',0,0,NULL,NULL),(12,16,'孙丹菲该死的风格收到收到','孙丹菲该死的风格','exam',NULL,0,0,0,'no',NULL,'[{\"answer\":true,\"text\":\"我就不明白了你到底想要什么么\"},{\"answer\":false,\"text\":\"地方的发生个地方\"},{\"answer\":false,\"text\":\"的风格地方\"},{\"answer\":false,\"text\":\"的非官方的个\"}]','2015-07-12 08:42:10','yes',0,0,NULL,NULL),(13,27,'我就不名白','微微i外i诶为i喂喂 &nbsp;','video','/upload/video/d63a86c891a97cd40ce3e12424c51c49.mp4',0,0,0,'no',NULL,NULL,'2015-07-17 09:36:49','yes',0,0,'/upload/thumbnail/d63a86c891a97cd40ce3e12424c51c49.jpg',NULL),(14,27,'我就不名白','微微i外i诶为i喂喂 &nbsp;','video','/upload/video/d63a86c891a97cd40ce3e12424c51c49.mp4',0,0,0,'no',NULL,NULL,'2015-07-17 09:40:46','yes',0,0,'/upload/thumbnail/d63a86c891a97cd40ce3e12424c51c49.jpg',NULL),(15,26,'了加拉加斯了风景撒的发蓝精灵','聊得来会计师的疯狂了估计','video','/upload/video/6f05d4985598160c548e6e8f537247c8.mp4',0,0,0,'no',NULL,NULL,'2015-07-17 10:24:35','yes',0,0,'/upload/thumbnail/6b62ac7780be8d480c3b42fc789d4db2.jpg',NULL),(17,8,'额额个人股的法规的法规','低功耗肉汤圆他人45','exam',NULL,0,0,0,'no',NULL,'[{\"answer\":true,\"text\":\"如何规范和规范和法规和法规和\"},{\"answer\":true,\"text\":\"法规和法规发给发给\"},{\"answer\":false,\"text\":\"法国恢复好发过火发货方\"},{\"answer\":false,\"text\":\"方法好繁华发股份发给发给\"}]','2015-07-17 12:36:32','yes',0,0,NULL,NULL),(18,16,'我就不信了哈','的双方各的双方各是大法官的双方各','exam',NULL,0,0,0,'no',NULL,'[{\"answer\":true,\"text\":\"尔特我让他二\"},{\"answer\":false,\"text\":\"儿童额问题而突然\"},{\"answer\":false,\"text\":\"福德宫发的规范和\"},{\"answer\":false,\"text\":\"放到发局域\"}]','2015-07-17 12:37:52','yes',0,0,NULL,NULL),(19,31,'规范的所说的','的双方各都是发感染他人太让他人突然很发放到放到','audio','/upload/audio/a7054ed0515a34edeec4eb771d84649d.mp3',0,0,0,'no',NULL,NULL,'2015-07-17 12:44:55','yes',0,0,NULL,NULL),(20,29,'了吉林省大机房了跨世纪的老规矩的斯洛伐克赶紧了的哭声房价高了','<h1><a href=\"http://www.cnblogs.com/dqrcsc/p/4655772.html\" target=\"\" rel=\"\">android菜鸟学习笔记29----Android应用向用户发送提示信息的方式总结</a></h1><ul><li>常见的向用户发送提示信息的方式有3种，分别为：1)发送Toast信息2)弹出对话框3)发送通知总结如下：方式1：发送Toast信息：这种方式最简单，在之前的学习中多次使用过。Toast是在一个浮动于应用之上的View中显示信息，显示一定的时间间隔后自动消失，不可获得焦点。最简单的用法就是之前的学习中一直使用的：通过一个静态的makeText()方法返回一个Toast对象，然后调用sho</li><li>的风格w()方法。如：布局文件添加一个Button:</li></ul>','article',NULL,0,0,0,'no',NULL,NULL,'2015-07-17 13:44:39','yes',0,0,NULL,'android菜鸟学习笔记29----Android应用向用户发送提示信息的方式'),(21,29,'的双方各都是发过来快圣诞节了开发工具栏的开始放假','<ul><li>第三个的反光镜的，发神经更凉快的水井坊了酷狗了对方就够了看电视剧sd</li><li>了广东省将反光镜的洛杉矶古老的发神经公路局的路口水晶宫了圣诞节反过来看</li><li>；的发生见鬼了会计的说法了更简单了收款方</li><li>凉快的说法金刚狼的健身房了更简单了双方均高</li><li>快高考楼上的机房了高考就上当了反光镜了</li></ul>','article',NULL,0,0,0,'no',NULL,NULL,'2015-07-17 13:47:58','yes',0,0,NULL,'第三个的反光镜的，发神经更凉快的水井坊了酷狗了对方就够了看电视剧sd 了广东省将'),(22,30,'放大镜更凉快的说法了快过节了的咖啡机更凉快的水井坊了控股将发大水了科技感的风景谁离开过','的三个楼上的发过来就盯上了快过节了的发生就挂了会计师的发了髋关节的路口房价高了第三方见鬼了会计的了世界观来看<br><ol><li>快过节了的发生就挂了会计师的发了髋关节的路口房价高了第三方见鬼了会计的了世界观来看</li><li>快过节了的发生就挂了会计师的发了髋关节的路口房价高了第三方见鬼了会计的了世界观来看</li><li>快过节了的发生就挂了会计师的发了髋关节的路口房价高了第三方见鬼了会计的了世界观来看</li><li>快过节了的发生就挂了会计师的发了髋关节的路口房价高了第三方见鬼了会计的了世界观来看</li></ol>','article',NULL,0,0,0,'no',NULL,NULL,'2015-07-17 13:48:35','yes',0,0,NULL,'的三个楼上的发过来就盯上了快过节了的发生就挂了会计师的发了髋关节的路口房价高了第'),(23,30,'梵蒂冈梵蒂冈的挂号费的和规范化','快的说法国际化的开始讲风格和会计和的发生过<br>的风景上两个激烈的发神经l的浪费水晶宫了看见对方<br>的发神经更凉快的风景谁离开估计快了d<br>的哭声分公司的fgreiwtgfdsfghkdjfs','article',NULL,0,0,0,'no',NULL,NULL,'2015-07-17 13:49:05','yes',0,0,NULL,'快的说法国际化的开始讲风格和会计和的发生过 的风景上两个激烈的发神经l的浪费水晶'),(24,30,'额外热热帖呀让他和方法女不能更好的法规和','是梵蒂冈孙丹菲该死的风格都是经费的假两件的谁','article',NULL,0,0,0,'no',NULL,NULL,'2015-07-17 13:50:15','yes',0,0,NULL,'是梵蒂冈孙丹菲该死的风格都是经费的假两件的谁'),(25,30,'的双方各是的非官方的谁干的少发广告发生的个','<ol><li>的发生该发生感染他很反<b>感合肥的规划</b></li><li><b><br></b></li><li><b><br></b></li><li><b><br></b></li><li><b>的发生该发生感染他很反<span class=\"wysiwyg-color-red\">感合肥的规划法规和规范和地方&nbsp;</span></b><span><b><span class=\"wysiwyg-color-red\">的发生该发生感染他<br><br>好几个和经费和规范环境<br>很反感合肥的</span>规划法规和规范和</b>地方&nbsp;</span></li></ol><br>非官方的树干上的风格孙丹菲<br><ol><li>就了第三方见鬼了会计的发生了看过就疯狂的了睡</li><li>陆地上就发个链接的了三方工具惹你狗了的份上就赶快了</li><li>的风格地方谁跟谁的感染过</li></ol>','article',NULL,0,0,0,'no',NULL,NULL,'2015-07-17 13:51:20','yes',0,0,NULL,'的发生该发生感染他很反感合肥的规划 的发生该发生感染他很反感合肥的规划法规和规范'),(26,29,'的非官方的谁勾搭上了金刚经当上了髋关节的法律上会计','的发生过的发生过的双方均过路口发生的金刚狼的风景受够了<br>将第三方离开家更凉快打飞机更快乐简单来说开复工IE加我ijgfdlkjdfljg &nbsp;<br>两个<br>的双方各扣篮大赛风景咯咯IE网购i人的烦恼赶快的技能<br>的了罚款水晶宫快乐的健身房了客观讲<br><br>的发生了看过就凉快的深加工了发神经的<br><b>的房价高了经费的说了句</b><br><b>洛杉矶了罚款讲的是快乐方</b>','article',NULL,0,0,0,'no',NULL,NULL,'2015-07-17 13:51:52','yes',0,0,NULL,'的发生过的发生过的双方均过路口发生的金刚狼的风景受够了 将第三方离开家更凉快打飞'),(27,29,' 的双方各的发生过的非官方的的符合法规和规范V承包，出校门，吧','的双方各收到发过了开始的见鬼了肯德基发过了鬼地方个的说法<br><span>各收到发过了开始的见鬼了肯德基发过了鬼地方个的说法<br></span><span>各收到发过了开始的见鬼了肯德基发过了鬼地方个的说法<br></span><span>各收到发过了开始的见鬼了肯德基发过了鬼地方个的说法<br></span>各收到发过了开始的见鬼了肯德基发过了鬼地方个的说法<br>','article',NULL,0,0,0,'no',NULL,NULL,'2015-07-17 13:52:14','yes',0,0,NULL,'的双方各收到发过了开始的见鬼了肯德基发过了鬼地方个的说法 各收到发过了开始的见鬼'),(28,29,'的双方各收到法规发生的官方给','<h1>的分公司的广东省法规的双方各军绿色的见鬼了会计的了疯狂世界观来看的双方均高</h1><h1><u><br></u>了地方开始加干辣椒的发了水果机</h1><h1><u><br></u>流口水的反光镜的发生了赶紧了开放的</h1><h1><br></h1><h1>就凉快的说法见鬼了会计的发生了客观讲</h1><h1><u><br></u>老公的复式结构i如饿哦IE发的啥看法和高科技的说法&nbsp;</h1><br><br>','article',NULL,0,0,0,'no',NULL,NULL,'2015-07-17 13:52:58','yes',0,0,NULL,'的分公司的广东省法规的双方各军绿色的见鬼了会计的了疯狂世界观来看的双方均高 了地'),(29,29,'讽德诵功发生的广泛的三个发生的工地上干','的分公司的非官方的广泛的法规和方法的和东方红','article',NULL,0,0,0,'no',NULL,NULL,'2015-07-17 13:53:13','yes',0,0,NULL,'的分公司的非官方的广泛的法规和方法的和东方红'),(30,30,'上的风格的说法赶得上法规发生的国防生的刚','<blockquote><blockquote><blockquote><blockquote><blockquote><blockquote><blockquote><blockquote><blockquote><blockquote><blockquote><blockquote>的发生过的双方各都是分<span class=\"wysiwyg-color-red\">公司的分公司的广泛孙丹菲该死的风格是<br></span></blockquote></blockquote></blockquote></blockquote></blockquote></blockquote></blockquote></blockquote></blockquote></blockquote></blockquote></blockquote><ul><li><blockquote><blockquote><blockquote><blockquote><blockquote><blockquote><blockquote><blockquote><blockquote><blockquote><blockquote><blockquote><blockquote><span class=\"wysiwyg-color-red\"><b>sakdhfksahdf</b></span></blockquote></blockquote></blockquote></blockquote></blockquote></blockquote></blockquote></blockquote></blockquote></blockquote></blockquote></blockquote></blockquote></li><li><blockquote><blockquote><blockquote><blockquote><blockquote><blockquote><blockquote><blockquote><blockquote><blockquote><blockquote><blockquote><blockquote><span class=\"wysiwyg-color-red\"><b>拉伸的减肥了撒娇的放两块</b></span></blockquote></blockquote></blockquote></blockquote></blockquote></blockquote></blockquote></blockquote></blockquote></blockquote></blockquote></blockquote></blockquote></li><li><blockquote><blockquote><blockquote><blockquote><blockquote><blockquote><blockquote><blockquote><blockquote><blockquote><blockquote><blockquote><blockquote><span class=\"wysiwyg-color-red\"><b>了大</b><b>神就浪费凯撒的解放路口见撒旦法</b></span></blockquote></blockquote></blockquote></blockquote></blockquote></blockquote></blockquote></blockquote></blockquote></blockquote></blockquote></blockquote></blockquote></li><li><blockquote><blockquote><blockquote><blockquote><blockquote><blockquote><blockquote><blockquote><blockquote><blockquote><blockquote><blockquote><blockquote><span class=\"wysiwyg-color-red\"><b>大厦疯狂的减肥韩国尽快发货的思考规划</b></span></blockquote></blockquote></blockquote></blockquote></blockquote></blockquote></blockquote></blockquote></blockquote></blockquote></blockquote></blockquote></blockquote></li></ul><span class=\"wysiwyg-color-red\"><br></span>','article',NULL,0,0,0,'no',NULL,NULL,'2015-07-17 13:53:32','yes',0,0,NULL,'的发生过的双方各都是分公司的分公司的广泛孙丹菲该死的风格是'),(31,16,'111SD卡发货速度快解放和会计师的疯狂','<ul><li><span class=\"wysiwyg-color-red\">SD卡罚款酒红色的会计和会计法规和会计的废话说赶快交水电</span></li><li><span class=\"wysiwyg-color-red\">费和高考较好的是会计法规和</span></li></ul>','exam',NULL,0,0,0,'no',NULL,'[{\"answer\":true,\"text\":\"孙丹菲国防生的广东省法国大使馆\"},{\"answer\":false,\"text\":\"孙丹菲赶得上鬼地方谁跟谁梵蒂冈\"},{\"answer\":false,\"text\":\"孙丹菲高耸的共同惹他依然依然规范化\"},{\"answer\":false,\"text\":\"的规划的法规和法规和他人也让他呀\"}]','2015-07-19 11:32:21','yes',0,0,NULL,NULL),(32,26,'发生的广东省法规的发生过','的双方各的风格让外国人通过他人规范办官方','video','/upload/video/9ca53f3a670fce70194c43ea082a9e3e.mp4',0,0,0,'no',NULL,NULL,'2015-07-19 11:34:06','yes',0,0,'/upload/thumbnail/9ca53f3a670fce70194c43ea082a9e3e.jpg',NULL),(33,27,'的风格的发生过的法规的法规','的发生过的风格的凤凰和法规和','video','/upload/video/c799034b0e0ec4f3bb60297e057f7268.mp4',0,0,0,'no',NULL,NULL,'2015-07-19 11:40:03','yes',0,0,'/upload/thumbnail/c799034b0e0ec4f3bb60297e057f7268.jpg',NULL),(34,28,'说的法规的法规的法规法规','的法规和合肥的话费和规范化和钢结构风景','audio','/upload/audio/f22c102b9a6d7cff868e27fe7b8e3798.mp3',0,0,0,'no',NULL,NULL,'2015-07-19 11:40:25','yes',0,0,NULL,NULL);
/*!40000 ALTER TABLE `project` ENABLE KEYS */;
UNLOCK TABLES;

--
-- Table structure for table `qst_tpl`
--

DROP TABLE IF EXISTS `qst_tpl`;
/*!40101 SET @saved_cs_client     = @@character_set_client */;
/*!40101 SET character_set_client = utf8 */;
CREATE TABLE `qst_tpl` (
  `id` int(11) NOT NULL AUTO_INCREMENT,
  `name` varchar(64) NOT NULL COMMENT '模板名称',
  `created_at` timestamp NOT NULL DEFAULT CURRENT_TIMESTAMP,
  `updated_at` timestamp NOT NULL DEFAULT '0000-00-00 00:00:00',
  PRIMARY KEY (`id`)
) ENGINE=MyISAM AUTO_INCREMENT=23 DEFAULT CHARSET=utf8;
/*!40101 SET character_set_client = @saved_cs_client */;

--
-- Dumping data for table `qst_tpl`
--

LOCK TABLES `qst_tpl` WRITE;
/*!40000 ALTER TABLE `qst_tpl` DISABLE KEYS */;
INSERT INTO `qst_tpl` VALUES (1,'五种技术','2015-10-07 05:57:10','0000-00-00 00:00:00'),(20,'房树人的3个问题','2016-04-24 08:30:50','2016-04-24 08:30:50'),(3,'沙盘三个问题','2015-10-07 06:03:06','0000-00-00 00:00:00'),(17,'短案例－具体化','2016-04-23 08:14:20','2016-04-23 08:14:20'),(16,'短案例－情感反应','2016-04-23 08:13:54','2016-04-23 08:13:54'),(15,'短案例－内容反应','2016-04-23 08:13:24','2016-04-23 08:13:24'),(13,'音频模版','2016-04-23 07:45:33','2016-04-23 07:45:33'),(14,'视频模版','2016-04-23 07:56:33','2016-04-23 07:56:33'),(18,'短案例－重复技术','2016-04-23 08:15:09','2016-04-23 08:15:09'),(19,'短案例－共情技术','2016-04-23 08:15:38','2016-04-23 08:15:38'),(21,'呜呜呜呜呜呜','2016-04-24 08:35:53','2016-04-24 08:35:53'),(22,'房树人三个问题V2','2016-04-24 08:44:38','2016-04-24 08:44:38');
/*!40000 ALTER TABLE `qst_tpl` ENABLE KEYS */;
UNLOCK TABLES;

--
-- Table structure for table `qst_tpl_item`
--

DROP TABLE IF EXISTS `qst_tpl_item`;
/*!40101 SET @saved_cs_client     = @@character_set_client */;
/*!40101 SET character_set_client = utf8 */;
CREATE TABLE `qst_tpl_item` (
  `id` int(11) NOT NULL AUTO_INCREMENT,
  `qst_tpl_id` int(11) NOT NULL COMMENT '所属模板',
  `title` varchar(255) NOT NULL COMMENT '题干',
  `answer` text COMMENT '参考',
  `created_at` timestamp NOT NULL DEFAULT CURRENT_TIMESTAMP,
  `updated_at` timestamp NOT NULL DEFAULT '0000-00-00 00:00:00',
  PRIMARY KEY (`id`),
  KEY `FK_s3er6p0qyruif3siu8wo43v1g` (`qst_tpl_id`)
) ENGINE=MyISAM AUTO_INCREMENT=97 DEFAULT CHARSET=utf8;
/*!40101 SET character_set_client = @saved_cs_client */;

--
-- Dumping data for table `qst_tpl_item`
--

LOCK TABLES `qst_tpl_item` WRITE;
/*!40000 ALTER TABLE `qst_tpl_item` DISABLE KEYS */;
INSERT INTO `qst_tpl_item` VALUES (1,1,'若使用重复技术技术，你可能的回应是？','','2015-10-07 06:00:41','0000-00-00 00:00:00'),(2,1,'若使用内容反应技术技术，你可能的回应是？','','2015-10-07 06:00:41','0000-00-00 00:00:00'),(3,1,'若使用情感反应技术技术，你可能的回应是？','','2015-10-07 06:00:41','0000-00-00 00:00:00'),(4,1,'若使用具体化技术技术，你可能的回应是？','','2015-10-07 06:00:41','0000-00-00 00:00:00'),(5,1,'若使用共情技术技术，你可能的回应是？','','2015-10-07 06:00:41','0000-00-00 00:00:00'),(77,20,'2.通过画的特征，你的解释是什么？','','2016-04-24 08:43:23','2016-04-24 08:43:23'),(78,20,'3.这幅画的特征有哪些？综合你所发现的，你该如何回应给绘画者?','','2016-04-24 08:43:23','2016-04-24 08:43:23'),(9,3,'这个沙盘的特征有哪些？','','2015-10-07 06:03:58','0000-00-00 00:00:00'),(10,3,'通过观察沙盘的特征，你的解释是什么？','','2015-10-07 06:03:58','0000-00-00 00:00:00'),(11,3,'综合你所发现的，你该如何回应给摆沙盘者。','','2015-10-07 06:03:58','0000-00-00 00:00:00'),(47,18,'如果使用重复技术，作为咨询师的你将如何回应来访者呢？','','2016-04-23 08:15:09','2016-04-23 08:15:09'),(45,16,'如果使用情感反应技术，作为咨询师的你将如何回应来访者呢？','','2016-04-23 08:13:54','2016-04-23 08:13:54'),(46,17,'如果使用具体化技术，作为咨询师的你将如何回应来访者呢？','','2016-04-23 08:14:20','2016-04-23 08:14:20'),(44,15,'如果使用内容反应技术，作为咨询师的你将如何回应来访者呢？','','2016-04-23 08:13:24','2016-04-23 08:13:24'),(39,13,'通过倾听这段录音，你觉得咨询师做得好的地方在哪里？做的不好的地方在哪里？','答：没有参考答案，请将你的想法写在下面的评论区吧！','2016-04-23 07:47:21','2016-04-23 07:47:21'),(40,13,'通过这段对话，其核心信息是什么？','答：没有参考答案，请将你的想法写在下面的评论区吧！','2016-04-23 07:47:21','2016-04-23 07:47:21'),(43,14,'通过这段视频，其核心信息是什么？','答：没有参考答案，请将你的想法写在下面的评论区吧！','2016-04-23 08:06:27','2016-04-23 08:06:27'),(50,19,'如果使用共情技术，作为咨询师的你将如何回应来访者呢？','','2016-04-23 09:18:47','2016-04-23 09:18:47'),(76,20,'1.这幅画的特征有哪些？2.通过画的特征，你的解释是什么？','','2016-04-24 08:43:23','2016-04-24 08:43:23'),(71,21,'1.就我卡机刷卡的','','2016-04-24 08:37:26','2016-04-24 08:37:26'),(72,21,'2.水电费水电费','','2016-04-24 08:37:26','2016-04-24 08:37:26'),(96,22,'综合你所发现的，你该如何回应给绘画者?','','2016-04-24 08:59:07','2016-04-24 08:59:07'),(95,22,'通过画的特征，你的解释是什么？','','2016-04-24 08:59:07','2016-04-24 08:59:07'),(94,22,'这幅画的特征有哪些？','','2016-04-24 08:59:07','2016-04-24 08:59:07');
/*!40000 ALTER TABLE `qst_tpl_item` ENABLE KEYS */;
UNLOCK TABLES;

--
-- Table structure for table `tag`
--

DROP TABLE IF EXISTS `tag`;
/*!40101 SET @saved_cs_client     = @@character_set_client */;
/*!40101 SET character_set_client = utf8 */;
CREATE TABLE `tag` (
  `id` int(11) NOT NULL AUTO_INCREMENT,
  `name` varchar(11) NOT NULL COMMENT '标签名词',
  `created_at` timestamp NOT NULL DEFAULT CURRENT_TIMESTAMP,
  `updated_at` timestamp NOT NULL DEFAULT '0000-00-00 00:00:00',
  PRIMARY KEY (`id`)
) ENGINE=MyISAM DEFAULT CHARSET=utf8;
/*!40101 SET character_set_client = @saved_cs_client */;

--
-- Dumping data for table `tag`
--

LOCK TABLES `tag` WRITE;
/*!40000 ALTER TABLE `tag` DISABLE KEYS */;
/*!40000 ALTER TABLE `tag` ENABLE KEYS */;
UNLOCK TABLES;

--
-- Table structure for table `tag_select`
--

DROP TABLE IF EXISTS `tag_select`;
/*!40101 SET @saved_cs_client     = @@character_set_client */;
/*!40101 SET character_set_client = utf8 */;
CREATE TABLE `tag_select` (
  `id` int(11) NOT NULL AUTO_INCREMENT,
  `project_id` int(11) NOT NULL,
  `tag_id` int(11) NOT NULL,
  `created_at` timestamp NOT NULL DEFAULT CURRENT_TIMESTAMP,
  PRIMARY KEY (`id`),
  KEY `project_id` (`project_id`),
  KEY `tag_id` (`tag_id`)
) ENGINE=MyISAM DEFAULT CHARSET=utf8;
/*!40101 SET character_set_client = @saved_cs_client */;

--
-- Dumping data for table `tag_select`
--

LOCK TABLES `tag_select` WRITE;
/*!40000 ALTER TABLE `tag_select` DISABLE KEYS */;
/*!40000 ALTER TABLE `tag_select` ENABLE KEYS */;
UNLOCK TABLES;

--
-- Table structure for table `test`
--

DROP TABLE IF EXISTS `test`;
/*!40101 SET @saved_cs_client     = @@character_set_client */;
/*!40101 SET character_set_client = utf8 */;
CREATE TABLE `test` (
  `id` int(11) NOT NULL,
  `answer` text NOT NULL COMMENT '用户作答，json格式',
  `created_at` timestamp NOT NULL DEFAULT CURRENT_TIMESTAMP COMMENT '创建日期',
  `project_id` int(11) NOT NULL,
  `user_id` int(11) NOT NULL,
  `updated_at` timestamp NULL DEFAULT NULL,
  PRIMARY KEY (`id`),
  KEY `fk_user_test_project1_idx` (`project_id`),
  KEY `fk_user_test_user1_idx` (`user_id`)
) ENGINE=MyISAM DEFAULT CHARSET=utf8 COMMENT='测试\n';
/*!40101 SET character_set_client = @saved_cs_client */;

--
-- Dumping data for table `test`
--

LOCK TABLES `test` WRITE;
/*!40000 ALTER TABLE `test` DISABLE KEYS */;
/*!40000 ALTER TABLE `test` ENABLE KEYS */;
UNLOCK TABLES;

--
-- Table structure for table `user`
--

DROP TABLE IF EXISTS `user`;
/*!40101 SET @saved_cs_client     = @@character_set_client */;
/*!40101 SET character_set_client = utf8 */;
CREATE TABLE `user` (
  `id` int(11) NOT NULL AUTO_INCREMENT,
  `username` varchar(64) NOT NULL,
  `password` varchar(64) NOT NULL,
  `salt` varchar(64) NOT NULL,
  `name` varchar(64) DEFAULT NULL,
  `gold` int(11) DEFAULT '0',
  `progress` int(11) DEFAULT '0',
  `created_at` timestamp NOT NULL DEFAULT CURRENT_TIMESTAMP,
  `updated_at` timestamp NULL DEFAULT NULL,
  `email` varchar(45) NOT NULL,
  `phone` varchar(45) DEFAULT NULL,
  `code` varchar(64) DEFAULT NULL,
  `type` enum('customer','admin','root') NOT NULL DEFAULT 'customer',
  `avatar` varchar(64) DEFAULT NULL,
  `clazz` varchar(255) DEFAULT NULL,
  `label` varchar(255) DEFAULT NULL,
  `college_id` int(11) DEFAULT NULL,
  `remember_token` varchar(128) DEFAULT NULL,
  PRIMARY KEY (`id`),
  UNIQUE KEY `email_UNIQUE` (`email`),
  UNIQUE KEY `username_UNIQUE` (`username`),
  KEY `FK_a4bhkx01s72ifnp31kr6a3220` (`college_id`)
) ENGINE=MyISAM AUTO_INCREMENT=14 DEFAULT CHARSET=utf8;
/*!40101 SET character_set_client = @saved_cs_client */;

--
-- Dumping data for table `user`
--

LOCK TABLES `user` WRITE;
/*!40000 ALTER TABLE `user` DISABLE KEYS */;
INSERT INTO `user` VALUES (1,'admin888','7ca9d77f852e7205d74f7e91bbc5d40d','72acf2e2e5ff4f17882b4173832fa43f',NULL,0,0,'2015-06-28 08:29:32','2015-06-28 08:29:32','lvyahui8@126.com',NULL,'','admin','/upload/images/a25e2626494beb2a0d1f27b28a2032f0.jpg',NULL,NULL,NULL,NULL),(9,'lvyahui','00b25acc721a6989148fd2491233a71a','3464b746e8c44ff9b97c20826cf05348',NULL,0,0,'2015-06-28 14:32:25','2016-04-20 13:26:14','lvyahui6@163.com',NULL,'3340b609ed484d29b3d0da38802afc7a','root','/upload/images/a45b0f9c27ff4ce94a259a5d5961e810.jpg',NULL,NULL,NULL,'I6xeHUp6ETEyY8vj9GzOrOxXvA4klwst2P4wEiRjxhgFd9Kq755QxZ9s2EoK'),(10,'devlyh','f9ad039fbe35fcedcf5482f7ca587d1b','5effef4761b840a29c70839f0279f5e6',NULL,0,0,'2015-07-19 11:57:03','2015-07-19 11:57:03','devlyh@163.com',NULL,'','customer',NULL,NULL,NULL,NULL,NULL),(12,'admin','b757da264780a87e7ef4bbcb75892f91','b5b3beef23de482886603d518d76338e',NULL,0,0,'2015-10-04 06:52:44','2016-04-23 14:18:33','1257069082@qq.com',NULL,'c5ee63af5e7347ff942650739fc645d5','root',NULL,NULL,NULL,NULL,'FqwCni22eFk4kckbLH2vCIUj1fMqLDiMwzdyB0VizHFlxL9fYMEeYCn4YKOG'),(13,'春天里的黄小阳','4e50d8bcc3f51efae4d81bd5aaec442e','ef96be6219144d27b9d94bd7d1c04d59',NULL,0,0,'2016-04-23 11:03:30','2016-04-23 11:03:30','huangyang_work@163.com',NULL,'ca4264ea69584273839a3465a8be30c9','customer',NULL,NULL,NULL,NULL,NULL);
/*!40000 ALTER TABLE `user` ENABLE KEYS */;
UNLOCK TABLES;

--
-- Table structure for table `video`
--

DROP TABLE IF EXISTS `video`;
/*!40101 SET @saved_cs_client     = @@character_set_client */;
/*!40101 SET character_set_client = utf8 */;
CREATE TABLE `video` (
  `id` int(11) NOT NULL AUTO_INCREMENT,
  `category_id` int(11) NOT NULL,
  `user_id` int(11) NOT NULL,
  `title` varchar(64) NOT NULL COMMENT '标题',
  `content` text COMMENT '补充',
  `resource_url` varchar(255) NOT NULL,
  `thumbnail` varchar(255) NOT NULL,
  `praise_count` int(11) NOT NULL DEFAULT '0' COMMENT '赞同数',
  `view_count` int(11) NOT NULL DEFAULT '0' COMMENT '浏览人数',
  `collect_count` int(11) NOT NULL DEFAULT '0' COMMENT '收藏数',
  `created_at` timestamp NOT NULL DEFAULT CURRENT_TIMESTAMP,
  `updated_at` timestamp NOT NULL DEFAULT '0000-00-00 00:00:00',
  PRIMARY KEY (`id`),
  KEY `fk_video_category_idx` (`category_id`),
  KEY `fk_video_user_idx` (`user_id`)
) ENGINE=MyISAM AUTO_INCREMENT=25 DEFAULT CHARSET=utf8;
/*!40101 SET character_set_client = @saved_cs_client */;

--
-- Dumping data for table `video`
--

LOCK TABLES `video` WRITE;
/*!40000 ALTER TABLE `video` DISABLE KEYS */;
INSERT INTO `video` VALUES (12,26,9,'的空间和国家开发的后果','快解放和高科技的复合管会计的收费高科技的恢复快关机','/upload/video/2da7c9260c2ca837e70668975aeae51d.mp4','/upload/thumbnail/2da7c9260c2ca837e70668975aeae51d.jpg',0,22,0,'2015-10-05 02:17:10','2015-10-05 02:17:10'),(13,26,9,'的非官方大哥大法官电饭锅','的风格的风格的风格的发个梵蒂冈','/upload/video/a20fc040156863d1fd1959ef2a2bb609.mp4','/upload/thumbnail/a20fc040156863d1fd1959ef2a2bb609.jpg',0,16,0,'2015-10-05 06:23:33','2015-10-05 06:23:33'),(14,27,9,'的反馈结果看见的风格化','的方法的鬼地方个梵蒂冈','/upload/video/8ef7926a6ca471a2a287907b5ff9bc78.mp4','/upload/thumbnail/8ef7926a6ca471a2a287907b5ff9bc78.jpg',0,6,0,'2015-10-05 07:28:40','2015-10-05 07:28:40'),(16,27,9,'的风格的风格的风格','的风格的风格风格合法化','/upload/video/2da7c9260c2ca837e70668975aeae51d.mp4','/upload/thumbnail/2da7c9260c2ca837e70668975aeae51d.jpg',0,6,0,'2015-10-08 12:38:06','2015-10-08 12:38:06'),(17,27,9,'说的梵蒂冈梵蒂冈梵蒂冈','的发个梵蒂冈大概地方浮动浮动','/upload/video/8ef7926a6ca471a2a287907b5ff9bc78.mp4','/upload/thumbnail/8ef7926a6ca471a2a287907b5ff9bc78.jpg',0,10,0,'2015-10-09 13:21:26','2015-10-09 13:21:26'),(19,26,9,'是德国的沙发看见过了高房价','家里的房间了看法的结果了客服的感觉','/upload/video/396e1acbd90058bf99eaabd33eba8c65.mp4','/upload/thumbnail/396e1acbd90058bf99eaabd33eba8c65.jpg',0,3,0,'2015-10-09 13:49:51','2015-10-09 13:49:51'),(20,27,9,'快速的减肥了几声','收到付款时间的发生的回复可见是东方红','/upload/video/a20fc040156863d1fd1959ef2a2bb609.mp4','/upload/thumbnail/a20fc040156863d1fd1959ef2a2bb609.jpg',0,6,0,'2015-10-11 14:22:55','2015-10-11 14:22:55'),(21,27,9,'收到反馈给快递发国际旅客的法国家乐福的价格','立刻就疯了快点击快乐的房间给快乐的房价高','/upload/video/a20fc040156863d1fd1959ef2a2bb609.mp4','/upload/thumbnail/a20fc040156863d1fd1959ef2a2bb609.jpg',0,5,0,'2015-10-11 14:23:29','2015-10-11 14:23:29'),(22,27,9,'地方规定了房间给旅客的房价高','的地方了开关机了看法点击开发了个','/upload/video/69b3882c664642f7f033597efc461d9b.mp4','/upload/thumbnail/69b3882c664642f7f033597efc461d9b.jpg',0,5,0,'2015-10-11 14:23:54','2015-10-11 14:23:54'),(23,9,9,'实操视频1','这个是实操视频内容简介','/upload/video/3d6d735531cdf2498f6ed722d80f4686.mp4','/upload/thumbnail/3d6d735531cdf2498f6ed722d80f4686.jpg',0,41,0,'2016-04-20 11:37:29','2016-04-20 11:37:29'),(24,9,12,'试题1','','/upload/video/6c6932613a4c4ece6a3b483bf0d984ee.MOV','/upload/thumbnail/6c6932613a4c4ece6a3b483bf0d984ee.jpg',0,10,0,'2016-04-23 01:10:32','2016-04-23 01:10:32');
/*!40000 ALTER TABLE `video` ENABLE KEYS */;
UNLOCK TABLES;

--
-- Table structure for table `video_qst`
--

DROP TABLE IF EXISTS `video_qst`;
/*!40101 SET @saved_cs_client     = @@character_set_client */;
/*!40101 SET character_set_client = utf8 */;
CREATE TABLE `video_qst` (
  `id` int(11) NOT NULL AUTO_INCREMENT,
  `video_id` int(11) DEFAULT NULL,
  `title` varchar(64) NOT NULL COMMENT '问题',
  `answer` varchar(64) NOT NULL COMMENT '解答',
  `created_at` timestamp NOT NULL DEFAULT CURRENT_TIMESTAMP COMMENT '创建日期',
  `updated_at` timestamp NULL DEFAULT NULL,
  PRIMARY KEY (`id`),
  KEY `fk_video_qst_video_idx` (`video_id`)
) ENGINE=MyISAM AUTO_INCREMENT=101 DEFAULT CHARSET=utf8;
/*!40101 SET character_set_client = @saved_cs_client */;

--
-- Dumping data for table `video_qst`
--

LOCK TABLES `video_qst` WRITE;
/*!40000 ALTER TABLE `video_qst` DISABLE KEYS */;
INSERT INTO `video_qst` VALUES (10,12,'hello?','yes','2015-10-05 02:17:10',NULL),(11,12,'sex?','man','2015-10-05 02:17:10',NULL),(12,12,'birthy?','77','2015-10-05 02:17:10',NULL),(13,13,'的发个梵蒂冈地方','的发个梵蒂冈','2015-10-05 06:23:33',NULL),(14,13,'的发个梵蒂冈','的非官方大','2015-10-05 06:23:33',NULL),(15,13,'发货发货方内部女伴','人锐意哦哦好好好好好好好好好好好好好好好好好好好ijhjgfkhjkfgjkfd','2015-10-05 06:23:33',NULL),(16,14,'电饭锅','法规和法国dsfdsfsdf','2015-10-05 07:28:40',NULL),(17,14,'返回分',' 返回分','2015-10-05 07:28:40',NULL),(18,14,'法规和法国','返回','2015-10-05 07:28:40',NULL),(19,16,'若使用情感反应技术技术，你可能的回应是？','的说法个地方官g发郭德纲电饭锅电饭锅','2015-10-08 12:38:06',NULL),(20,16,'若使用重复技术技术，你可能的回应是？','的非官方的风格化sdfgsdfgdsf的发个梵蒂冈','2015-10-08 12:38:06',NULL),(21,16,'若使用共情技术技术，你可能fg的回应是？','发的规划费的话梵蒂冈dfgdfgdfg','2015-10-08 12:38:06',NULL),(22,16,'若使用具体化技术技术，你可能的回应是？','发的合法的合法的话发的股份的规定发给浮动','2015-10-08 12:38:06',NULL),(23,16,'若使用内容反应技术技术，你可能的回应是？','的复合肥的话法国恢复和爸爸vcdfg','2015-10-08 12:38:06',NULL),(59,17,'若使用情感反应技术技术，你可能的回应是？','的发个梵蒂冈梵蒂冈浮动大概大概','2015-10-09 13:21:26',NULL),(60,17,'若使用重复技术技术，你可能的回应是？',' 的非官方的个地方官地方给出vbvc','2015-10-09 13:21:26',NULL),(61,17,'若使用共情技术技术，你可能的回应是？','的非官方大哥大法官','2015-10-09 13:21:26',NULL),(62,17,'若使用具体化技术技术，你可能的回应是？','的发个梵蒂冈大概地方','2015-10-09 13:21:26',NULL),(63,17,'若使用内容反应技术技d术，你可能的回应是？','的发个梵蒂冈大概地方给对方改的分','2015-10-09 13:21:26',NULL),(69,19,'这个沙盘的特征有哪些？','的福克斯的疯狂的手机话费梵蒂冈梵蒂冈地方','2015-10-09 13:49:51',NULL),(70,19,'综合你所发现的，你该如何回应给摆沙盘者。','快恢复的空间和健康的法规和空间发的规划的非官方的','2015-10-09 13:49:51',NULL),(71,19,'通过观察沙盘的特征，你的解释是什么？','和空间的返回给空间发的和高科技的发个梵蒂冈','2015-10-09 13:49:51',NULL),(72,20,'若使用情感反应技术技术，你可能的回应是？','水电费水电费水电费','2015-10-11 14:22:55',NULL),(73,20,'若使用重复技术技术，你可能的回应是？','睡觉了快递发几个了快递发给','2015-10-11 14:22:55',NULL),(74,20,'若使用共情技术技术，你可能的回应是？','地方的发个梵蒂冈地方','2015-10-11 14:22:55',NULL),(75,20,'若使用具体化技术技术，你可能的回应是？','水电费水电费水电费水电费','2015-10-11 14:22:55',NULL),(76,20,'若使用内容反应技术技术，你可能的回应是？','电饭锅电饭锅快递反馈给健康的风格','2015-10-11 14:22:55',NULL),(77,21,'若使用情感反应技术技术，你可能的回应是？','说的地方了空间看了梵蒂冈','2015-10-11 14:23:29',NULL),(78,21,'若使用重复技术技术，你可能的回应是？','家乐福的结果了客服的经理看妇科的价格','2015-10-11 14:23:29',NULL),(79,21,'若使用共情技术技术，你可能的回应是？','了空间发的快乐感觉到了反馈给甲方大哥好好好好好好好iodufg','2015-10-11 14:23:29',NULL),(80,21,'若使用具体化技术技术，你可能的回应是？','的房间了开房间的观看了饭店国际饭店','2015-10-11 14:23:29',NULL),(81,21,'若使用内容反应技术技术，你可能的回应是？','立即离开的房间给快乐的房价高了快递发给','2015-10-11 14:23:29',NULL),(92,22,'若使用情感反应技术技术，你可能的回应是？','说的地方进口高科技的复合机梵蒂冈','2015-11-18 15:37:58',NULL),(93,22,'若使用重复技术技术，你可能的回应是？','空间的发挥空间和地方科技规划空间梵蒂冈','2015-11-18 15:37:58',NULL),(94,22,'若使用共情技术技术，你可能的回应是？','空间的发挥高科技的复合管会计梵蒂冈','2015-11-18 15:37:58',NULL),(95,22,'若使用具体化技术技术，你可能的回应是？','空间和地方科技规划空间的风格','2015-11-18 15:37:58',NULL),(96,22,'地方是收到是收到是是','水电费算法是是','2015-11-18 15:37:58',NULL),(97,22,'浮动地方浮动浮动浮动','地方地方浮动浮动地方浮动的','2015-11-18 15:37:58',NULL),(98,23,'这是哪里来的视频？','网上找的','2016-04-20 11:37:29',NULL),(99,23,'作者是谁？','我啊','2016-04-20 11:37:29',NULL),(100,24,'视频中的核心信息是什么','答：','2016-04-23 01:10:32',NULL);
/*!40000 ALTER TABLE `video_qst` ENABLE KEYS */;
UNLOCK TABLES;

--
-- Table structure for table `view`
--

DROP TABLE IF EXISTS `view`;
/*!40101 SET @saved_cs_client     = @@character_set_client */;
/*!40101 SET character_set_client = utf8 */;
CREATE TABLE `view` (
  `id` int(11) NOT NULL AUTO_INCREMENT,
  `user_id` int(11) NOT NULL,
  `project_id` int(11) NOT NULL,
  `type` enum('normal','exam','article','image','audio','video') NOT NULL,
  `created_at` timestamp NOT NULL DEFAULT CURRENT_TIMESTAMP COMMENT '创建日期',
  `updated_at` timestamp NULL DEFAULT NULL,
  PRIMARY KEY (`id`),
  KEY `fk_view_user_idx` (`user_id`)
) ENGINE=MyISAM DEFAULT CHARSET=utf8;
/*!40101 SET character_set_client = @saved_cs_client */;

--
-- Dumping data for table `view`
--

LOCK TABLES `view` WRITE;
/*!40000 ALTER TABLE `view` DISABLE KEYS */;
/*!40000 ALTER TABLE `view` ENABLE KEYS */;
UNLOCK TABLES;
/*!40103 SET TIME_ZONE=@OLD_TIME_ZONE */;

/*!40101 SET SQL_MODE=@OLD_SQL_MODE */;
/*!40014 SET FOREIGN_KEY_CHECKS=@OLD_FOREIGN_KEY_CHECKS */;
/*!40014 SET UNIQUE_CHECKS=@OLD_UNIQUE_CHECKS */;
/*!40101 SET CHARACTER_SET_CLIENT=@OLD_CHARACTER_SET_CLIENT */;
/*!40101 SET CHARACTER_SET_RESULTS=@OLD_CHARACTER_SET_RESULTS */;
/*!40101 SET COLLATION_CONNECTION=@OLD_COLLATION_CONNECTION */;
/*!40111 SET SQL_NOTES=@OLD_SQL_NOTES */;

-- Dump completed on 2016-04-26 21:13:28
